"Star_Name","SIMBAD_QUERY","RA","DEC","source_id_DR2","source_id_DR3","2mass_id","Bmag_s","eBmag_s","Bmag_g","eBmag_g","Vmag_s","eVmag_s","Vmag_g","eVmag_g","Gmag","eGmag","BPmag","eBPmag","RPmag","eRPmag","Jmag","eJmag","Hmag","eHmag","Ksmag","eKsmag","EBV","EBV_68L","EBV_68U","lum","lum_68L","lum_68U","parallax","eparallax","U","V","W","e","Rgal","X","Y","Z","teff","eteff","logg","elogg","feh","efeh","vsini","evsini","vmicro","evmicro","vmicro_flag","mass","mass_68L","mass_68U","rad","rad_68L","rad_68U","age","age_68L","age_68U","A_C","A_O","A_N","eA_C","eA_O","eA_N","sindex","logrhk","cairt","prot","params_analysis","params_ref","abund_analysis","abund_ref","amr_analysis","amr_ref","version","note"
"CoRoT-10","CoRoT-10",291.0637,0.74611,"Gaia DR2 4263752921128319616","Gaia DR3 4263752921128319616","J19241528+0044461",16.6760005950928,NA,NA,NA,15.2159996032715,NA,NA,NA,14.648624,0.002769,15.47713,0.003224,13.759842,0.003887,12.5270004272461,0.025,11.9289999008179,0.028000001,11.7819995880127,0.021,0.382141213575739,0.341508596276842,0.421315968797734,0.335743679,0.312256388292349,0.359657491558994,2.9132,0.026000001,46.256907651959,214.829257260903,-7.28134311436251,0.157146156457632,7732.02,-7729.25936967648,206.773340701074,-17.3994811813465,4890,111,4.45,0.15,0.22,0.001,2.2,0.4,0.45,0.15,"fixed",0.806049,0.758175,0.850992,0.810202,0.781303,0.842604,NA,NA,NA,8.71,NA,8.14,0.02,NA,0.12,NA,NA,NA,NA,"EW","M22","C_SYNTH;N_SYNTH","DS24","mr_iso",NA,"v1.0",NA
"CoRoT-11","CoRoT-11",280.687300057667,5.93765777570948,"Gaia DR2 4285511294172309504","Gaia DR3 4285511294172309504","J18424494+0556156",13.4879999160767,0.01,13.593892,0.003152528,12.8690004348755,0.01,12.991337,0.002249712,12.83414,0.002767,13.144866,0.003696,12.335336,0.004448,11.58899974823,0.021,11.4160003662109,0.028999999,11.2480001449585,0.022,0.169349499940488,0.155037925677947,0.18369216540648,3.64591706693311,3.49901253133701,3.8127382943127,1.5339,0.0144,26.4537048545641,228.958996779424,-4.79438786723772,0.0967156569646717,7492.81,-7482.4802497503,393.236377715622,76.009978752678,6541,81,4.21,0.02,0.03,0.045,38.3,1.1,1.63,0.06,"fixed",1.316575,1.293712,1.340345,1.476822,1.429565,1.525743,NA,NA,NA,NA,NA,NA,NA,NA,NA,NA,NA,NA,NA,"SYNTH","T25",NA,NA,"mr_iso",NA,"v1.0",NA
"CoRoT-19","CoRoT-19",97.0335989465411,-0.170730131,"Gaia DR2 3120002649138831360","Gaia DR3 3120002649138831360","J06280805-0010144",14.7799997329712,NA,14.899418,0.004875474,14.0069999694824,NA,14.048615,0.003296944,13.771415,0.002769,14.256995,0.003121,13.113342,0.003883,12.3240003585815,0.024,11.9610004425049,0.022,11.8369998931885,0.024,0.324107046237155,0.310831363601142,0.337275309291541,3.60380744240197,3.44027004326744,3.77529697912539,1.1899,0.018100001,4.48940919613358,193.750885571382,10.900346195779,0.124530919551459,8732.16,-8721.87142782346,-423.750573276793,-49.8107274663962,6202,63,4.11,0.02,-0.014,0.04,6.5,0.3,1.43,0.04,"fixed",1.264153,1.234331,1.287076,1.641166,1.589105,1.693646,NA,NA,NA,NA,NA,NA,NA,NA,NA,NA,NA,NA,NA,"SYNTH","T25",NA,NA,"mr_iso",NA,"v1.0",NA
"CoRoT-2","CoRoT-2",291.77706,1.38371,"Gaia DR2 4287820848378092672","Gaia DR3 4287820848378092672","J19270649+0123013",13.4219999313354,NA,NA,NA,12.5679998397827,NA,NA,NA,12.236511,0.002882,12.708138,0.00409,11.600407,0.004584,10.7829999923706,0.028000001,10.4379997253418,0.037,10.31000042,0.030999999,0.156028670575956,0.143327730268926,0.169287261079213,0.64174288,0.62359558574358,0.661156567934381,4.6895,0.0143,37.334049422015,238.272920071697,1.85066108307604,0.155609511101346,7835.06,-7833.96744018111,130.985555040082,-2.58062339361738,5615,48,4.45,0.16,0.02,0.03,10.2,0.3,1.59,0.01,"free",0.942728,0.927241,0.955581,0.865815,0.855178,0.878256,NA,NA,NA,8.38,8.82,NA,0.05,0.12,NA,NA,NA,NA,NA,"EW","M22","C_SYEW;O_SYNTH","DS24","mr_iso",NA,"v1.0",NA
"CoRoT-28","CoRoT-28",278.688320782555,5.57369019918839,"Gaia DR2 4284680029006075648","Gaia DR3 4284680029006075648","J18344520+0534254",14.9940004348755,0.033,NA,NA,13.7749996185303,0.022,NA,NA,13.398559,0.002769,14.05461,0.003167,12.618852,0.003811,11.6009998321533,0.023,11.1429996490479,0.025,11.0319995880127,0.025,0.328673766932018,0.309304914685683,0.346956587728072,4.35815955594888,4.15623807083822,4.57498741660243,1.3023,0.015900001,-32.1822058396716,161.817676631767,7.35833912469679,0.304991552900316,7395.88,-7382.24535525949,448.823198442892,106.554331520965,5390,61,3.81,0.02,0.24,0.13,4.3,0.3,1.02,0.03,"fixed",1.308032,1.259222,1.349236,2.370915,2.293965,2.450331,NA,NA,NA,NA,NA,NA,NA,NA,NA,NA,NA,NA,NA,"EW","T25",NA,NA,"mr_iso",NA,"v1.0",NA
"CoRoT-3","CoRoT-3",292.055283234716,0.121835849449609,"Gaia DR2 4263427117767106816","Gaia DR3 4263427117767106816","J19281326+0007185",14.1990003585815,NA,NA,NA,13.2919998168945,NA,NA,NA,13.208983,0.002767,13.601974,0.003031,12.640237,0.003827,11.9359998703003,0.029999999,11.710000038147,0.041999999,11.6180000305176,0.034000002,0.295342612204806,0.278927660450455,0.310980149566938,4.66408779649851,4.42913744521667,4.89583438321486,1.3118,0.0177,-38.4728916935133,200.676617348125,3.81328867202045,0.16239953849611,7413.79,-7399.70048750195,456.921333077475,-84.5549995091913,6751.5,81,4.2,0.02,-0.015,0.045,19.1,0.6,1.78,0.06,"fixed",1.378312,1.354548,1.402272,1.567679,1.514496,1.622791,NA,NA,NA,NA,NA,NA,NA,NA,NA,NA,NA,NA,NA,"SYNTH","T25",NA,NA,"mr_iso",NA,"v1.0",NA
"CoRoT-7","CoRoT-7",100.956169727939,-1.063007579,"Gaia DR2 3107267177757848576","Gaia DR3 3107267177757848576","J06434947-0103468",12.7799997329712,0.270000011,NA,NA,11.7299995422363,0.150000005960464,NA,NA,11.519906,0.002767,11.935497,0.002942,10.940556,0.003855,10.3009996414185,0.024,9.88000011444092,0.022,9.80599975585938,0.021,0.00310529,0.00078881,0.008207737,0.493820063199955,0.489678345636919,0.499042526032941,6.2676,0.0139,-13.0559687362793,211.987318123554,13.5210835185145,0.0577110278883523,8134.14,-8133.67824276015,-86.8595515397005,19.3524181731357,5126,54,4.28,0.15,0.01,0.03,2.3,0.1,0.43,0.18,"free",0.798463,0.77498,0.822942,0.886225,0.867924,0.905303,NA,NA,NA,NA,NA,NA,NA,NA,NA,NA,NA,NA,NA,"EW","T25",NA,NA,"mr_iso",NA,"v1.0",NA
"GJ143","GJ143",51.7502989007942,-63.50020036,"Gaia DR2 4673947174316727040","Gaia DR3 4673947174316727040","J03265922-6329569",9.30200004577637,NA,9.198866,0.004251887,8.14299964904785,NA,8.101539,0.002675976,7.686759,0.002764,8.306118,0.002909,6.936548,0.003825,6.08099985122681,0.02,5.524000168,0.030999999,5.375,0.024,0.111545821252778,0.095603141,0.128021361779489,0.247939603514101,0.241267039170786,0.254837274443735,61.2271,0.015,20.4605995008594,167.55181568109,-11.9767024154762,0.26743891860195,7998.18,-7998.17179170509,-11.2349073067806,13.2811816292301,4796,139,4.58,0.06,-0.17,0.14,2.1,1.1,1.09,0.15,"free",0.697747,0.660282,0.736568,0.710513,0.687226,0.734057,NA,NA,NA,NA,NA,NA,NA,NA,NA,NA,NA,NA,NA,"EW","T25",NA,NA,"mr_iso",NA,"v1.0",NA
"HAT-P-1","HAT-P-1",344.445368939358,38.6749131009608,"Gaia DR2 1928431764627661440","Gaia DR3 1928431764627661440","J22574684+3840302",10.8199996948242,0.01,10.942371,0.003427142,9.86999988555908,0.01,10.335555,0.00263856,10.18196,0.002764,10.491833,0.002835,9.706168,0.003785,9.1560001373291,0.026000001,8.923000336,0.029999999,8.85799980163574,0.017999999,0.0288790648266016,0.0146328871881983,0.045076494,1.74008455134651,1.68284420045662,1.80690481017005,6.2438,0.0146,5.97617553025186,215.764470085672,-29.2132789338846,0.0248459072278582,8027.26,-8025.87196850388,149.194411646674,-27.157891507022,5986,84,4.31,0.03,0.07,0.1,5,0.4,1.07,0.04,"fixed",1.103719,1.054895,1.151757,1.220279,1.181086,1.260979,NA,NA,NA,NA,NA,NA,NA,NA,NA,NA,NA,NA,NA,"EW","T25",NA,NA,"mr_iso",NA,"v1.0",NA
"HAT-P-12","HAT-P-12",209.38945,43.4935,"Gaia DR2 1499514786891168640","Gaia DR3 1499514786891168640","J13573347+4329367",12.6000003814697,NA,13.829378,0.004185779,12.8400001525879,NA,12.783613,0.002251035,12.408207,0.002762,12.991905,0.002871,11.6829,0.003791,10.793999671936,0.023,10.2360000610352,0.022,10.1079998016357,0.016000001,0.117844069742277,0.103803402827686,0.131588571872846,0.244873539069198,0.238605847099736,0.250944060896308,7.0448,0.0105,-35.8114005967708,140.053037834461,0.276447252838851,0.403789273077679,7997.92,-7997.75461147227,51.1252801592459,157.403319068843,4828,67,4.62,0.16,-0.21,0.06,4.2,0.4,0.97,0.55,"free",0.686326,0.656924,0.716473,0.702863,0.68625,0.718876,NA,NA,NA,8.41,NA,NA,0.03,NA,NA,NA,NA,NA,NA,"EW","M22","C_SYNTH","DS24","mr_iso",NA,"v1.0",NA
"HAT-P-13","HAT-P-13",129.882372313413,47.3519039748912,"Gaia DR2 1014520826353577088","Gaia DR3 1014520826353577088","J08393180+4721073",11.1499996185303,0.079999998,11.29409,0.004086585,10.4200000762939,0.059999999,10.587834,0.002759103,10.418949,0.00276,10.768716,0.00284,9.905181,0.003788,9.328000069,0.017999999,9.057999611,0.017000001,8.97500038146973,0.017000001,0.003016068,0.000780982,0.006970172,3.05450740847914,3.01729910824003,3.09626247331083,4.075,0.0186,-21.6012124899092,206.190459335793,-6.23185019254721,0.0983866961824199,8192.45,-8192.40643551032,25.4030142669413,175.134137087598,5755,26,4.05,0.03,0.49,0.02,3.4,0.8,0.94,0.05,"free",1.344764,1.311697,1.357727,1.760413,1.741667,1.780046,NA,NA,NA,NA,NA,NA,NA,NA,NA,NA,NA,NA,NA,"EW","T25",NA,NA,"mr_iso",NA,"v1.0",NA
"HAT-P-14","HAT-P-14",260.116172301865,38.24216726,"Gaia DR2 1340497608486742400","Gaia DR3 1340497608486742400","J17202788+3814317",10.4099998474121,0.029999999,10.414929,0.003692058,9.98999977111816,0.029999999,9.997033,0.002313584,9.877845,0.002762,10.105917,0.002834,9.492494,0.003789,9.0939998626709,0.021,8.92700004577637,0.02,8.850999832,0.018999999,0.061218015,0.0462792775580016,0.079374971,4.90362327533866,4.71274406829415,5.13744661834383,4.4473,0.0106,10.3876413687853,216.668741467083,-6.56152436891345,0.0386431353560524,7915.04,-7913.28902718009,166.381643282146,148.960117671615,6698,216,4.16,0.02,-0.01,0.02,9.1,0.1,1.61,0.02,"fixed",1.391,1.368829,1.41506,1.626895,1.522087,1.740442,NA,NA,NA,NA,NA,NA,NA,NA,NA,NA,NA,NA,NA,"SYNTH","T25",NA,NA,"mr_iso",NA,"v1.0",NA
"HAT-P-15","HAT-P-15",66.2481445205967,39.4606006844433,"Gaia DR2 179498266829041664","Gaia DR3 179498266829041664","J04245952+3927382",13.0200004577637,0.340000003576279,13.004609,0.006114386,12.4099998474121,0.239999994635582,12.023058,0.003102911,11.716202,0.002767,12.251607,0.002934,11.02392,0.003815,10.1940002441406,0.023,9.7519998550415,0.028999999,9.64099979400635,0.018999999,0.231737979291991,0.212270257352655,0.250126687101763,1.01773294369265,0.975975423462717,1.05867072587126,5.1856,0.0166,-23.6850029368014,227.791825274233,6.95626469651404,0.0915089302323121,8181.87,-8181.6492580102,60.5618027416334,2.42819800213329,5608,108,4.4,0.04,0.23,0.1,2.4,0.3,0.66,0.09,"fixed",1.025124,0.973605,1.074324,1.064501,1.026085,1.108401,NA,NA,NA,NA,NA,NA,NA,NA,NA,NA,NA,NA,NA,"EW","T25",NA,NA,"mr_iso",NA,"v1.0",NA
"HAT-P-16","HAT-P-16",9.57303026784882,42.4630953973311,"Gaia DR2 381592313648387200","Gaia DR3 381592313648387200","J00381756+4227470",11.3800001144409,0.059999999,11.440302,0.003860639,10.9099998474121,0.059999999,10.891087,0.00202902,10.758675,0.002758,11.036283,0.002833,10.316913,0.003795,9.85000038146973,0.022,9.6230001449585,0.022,9.55300045013428,0.02,0.009024079,0.002617343,0.0192873199613662,1.87116292988297,1.83828257907228,1.9197374604956,4.4958,0.0155,39.4267747266775,229.265645637781,9.5909214629841,0.14316988902814,8107.57,-8105.57071247594,179.980298780949,-51.9938600877944,6126,69,4.33,0.03,0.07,0.1,3.5,0.2,1.08,0.04,"fixed",1.147336,1.099916,1.193023,1.209774,1.18076,1.240074,NA,NA,NA,NA,NA,NA,NA,NA,NA,NA,NA,NA,NA,"EW","T25",NA,NA,"mr_iso",NA,"v1.0",NA
"HAT-P-17","HAT-P-17",324.53638,30.48873,"Gaia DR2 1849786481031300608","Gaia DR3 1849786481032616960","J21380873+3029193",11.3299999237061,0.059999999,11.315575,0.002665762,10.3800001144409,0.029999999,10.498033,0.001950214,10.278542,0.002767,10.694603,0.002805,9.69445,0.003784,9.01700019836426,0.022,8.61900043487549,0.028999999,8.54399967193604,0.025,0.0352960385413046,0.0205772856126814,0.050236778,0.558915722128304,0.542291939230836,0.57650504828954,10.8195,0.018200001,76.5670485601706,237.192392711902,-13.8755937372704,0.274081093174854,7986.41,-7985.92904759372,87.6373462159325,-0.793750801181183,5066,101,4.4,0.16,0.1,0.001,0,0,0.61,0.15,"fixed",0.814925,0.76964,0.869587,0.954654,0.918367,0.989462,NA,NA,NA,8.49,8.71,7.82,0.03,0.16,0.12,NA,NA,NA,NA,"EW","M22","C_SYEW;N_SYNTH;O_SYNTH","DS24","mr_iso",NA,"v1.0",NA
"HAT-P-19","HAT-P-19",9.51672,34.71154,"Gaia DR2 365426679516816512","Gaia DR3 365426679516816512","J00380401+3442416",13.8339996337891,0.050000001,13.840523,0.004194921,12.8529996871948,0.059999999,12.836844,0.002155343,12.545546,0.002763,13.058815,0.002851,11.884494,0.003811,11.0950002670288,0.02,10.6440000534058,0.022,10.5459995269775,0.018999999,0.05404995181105,0.04764226,0.06074469,0.357473645218646,0.352224250879578,0.363070157832793,4.9567,0.0137,50.3175736783029,218.75471699814,-9.74979570700478,0.17026669894893,8090.24,-8088.76685745046,154.436311960024,-69.6842955694677,5090,19,4.63,0.03,0.39,0.04,1.3,1.2,1.23,0.1,"free",0.897562,0.893093,0.902055,0.799575,0.796831,0.803392,NA,NA,NA,8.87,NA,8.44,0.02,NA,0.12,NA,NA,NA,NA,"EW","M22","C_SYEW;N_SYNTH","DS24","mr_iso",NA,"v1.0",NA
"HAT-P-2","HAT-P-2",245.1514306,41.0479560742917,"Gaia DR2 1380825667768742144","Gaia DR3 1380825667768742144","J16203635+4102531",9.14999961853027,0.02,9.150551,0.003210907,8.68999958,0.01,8.719044,0.001653394,8.608558,0.002763,8.832462,0.002807,8.228189,0.003796,7.7960000038147,0.027000001,7.65199995040893,0.037999999,7.60300016403198,0.02,0.005402143,0.001475155,0.0122654804450378,4.458986285,4.41222980678514,4.540940549,7.7811,0.0118,18.9749409348296,207.579496882931,-2.74296645386416,0.0890732400584751,7961.88,-7961.45640333113,82.0400185828708,116.123161398395,6521.5,49.5,4.18,0.01,0.075,0.03,22.1,0.5,1.63,0.03,"fixed",1.383234,1.368895,1.396747,1.647685,1.62035,1.675512,NA,NA,NA,NA,NA,NA,NA,NA,NA,NA,NA,NA,NA,"SYNTH","T25",NA,NA,"mr_iso",NA,"v1.0",NA
"HAT-P-20","HAT-P-20",111.91645,24.33653,"Gaia DR2 869913435026514688","Gaia DR3 869913435026514688","J07273995+2420118",12.5799999237061,0.01,12.612582,0.008358489,11.3500003814697,0.029999999,11.424473,0.003414178,10.990832,0.002859,11.640628,0.003509,10.222832,0.00409,9.27600002288818,0.022,8.74300003051758,0.021,8.600999832,0.018999999,0.128941513192291,0.116160511529595,0.143166647107652,0.238484406992594,0.233208737138561,0.244496561219635,14.0065,0.0176,31.2846923874957,207.014976300161,-11.8519170221198,0.122390780969827,8065.52,-8065.50476885938,-16.8651711591681,47.7341725400859,4786,44,4.66,0.15,0.1,0.03,3.8,0.9,1.52,0.04,"free",0.766357,0.747434,0.781182,0.718388,0.70944,0.729452,NA,NA,NA,8.63,8.87,7.86,0.05,0.15,0.12,NA,NA,NA,NA,"EW","M22","C_SYNTH;N_SYNTH;O_SYNTH","DS24","mr_iso",NA,"v1.0",NA
"HAT-P-21","HAT-P-21",171.274934600799,41.0280225843688,"Gaia DR2 770622651659107712","Gaia DR3 770622651659107712","J11250598+4101406",12.56000042,0.259999990463257,12.404044,0.004228994,11.460000038147,0.109999999403953,11.726333,0.002948657,11.557181,0.002872,11.902174,0.003641,11.050494,0.004068,10.5030002593994,0.022,10.1540002822876,0.018999999,10.1110000610352,0.017999999,0.0108035882036171,0.002921962,0.023149815,1.49343594972109,1.45995641307079,1.53824340875107,3.519,0.0228,23.4188305700878,244.908621484455,-44.8312292094241,0.167415542677423,8106.19,-8106.16950650648,20.1754487613053,287.802980100656,5666,86,4.22,0.04,-0.02,0.11,5.4,0.2,1.06,0.04,"fixed",0.966704,0.916234,1.01901,1.256761,1.216835,1.298329,NA,NA,NA,NA,NA,NA,NA,NA,NA,NA,NA,NA,NA,"EW","T25",NA,NA,"mr_iso",NA,"v1.0",NA
"HAT-P-23","HAT-P-23",306.12385,16.76217,"Gaia DR2 1808938730710633984","Gaia DR3 1808938730710633984","J20242972+1645437",13.0500001907349,0.379999995231628,12.976572,0.00300319,11.93999958,0.200000002980232,12.320208,0.00259864,12.162349,0.002789,12.493802,0.003202,11.667481,0.00394,11.1029996871948,0.022,10.8459997177124,0.022,10.7910003662109,0.02,0.054049257,0.044778135,0.063594716,1.52744851208102,1.49226949851852,1.56406918859455,2.7358,0.0108,-4.02371628637528,216.392854003197,-13.2945173762793,0.0233909331358674,7821.61,-7815.60040790849,306.446534589623,-50.5366568160017,6104,37,4.4,0.12,0.29,0.01,8.8,0.5,1.48,0.05,"free",1.209228,1.198502,1.216738,1.13191,1.122742,1.142539,NA,NA,NA,8.58,NA,8.23,0.07,NA,0.12,NA,NA,NA,NA,"EW","M22","C_SYEW;N_SYNTH;","DS24","mr_iso",NA,"v1.0",NA
"HAT-P-24","HAT-P-24",108.82508,14.26261,"Gaia DR2 3167323052618369408","Gaia DR3 3167323052618369408","J07151801+1415453",12.210000038147,0.170000001788139,12.210717,0.003265247,11.7600002288818,0.159999996423721,11.749206,0.002243932,11.632562,0.002767,11.870594,0.002961,11.241657,0.003844,10.7969999313354,0.022,10.58899974823,0.024,10.5430002212524,0.02,0.000255911,6.20451432467011e-05,0.000693673,2.85173295240745,2.81335302377349,2.89070561209817,2.4202,0.0148,18.2375572949179,224.705912135007,19.9226734274897,0.0715037760452075,8374.38,-8372.91590144463,-156.410653807042,109.622335028167,6201,8,4.14,0.16,-0.34,0.01,10.8,0.2,1.46,0.09,"free",1.040264,1.031221,1.046275,1.458005,1.447261,1.468835,NA,NA,NA,8.25,NA,NA,0.08,NA,NA,NA,NA,NA,NA,"EW","M22","C_SYEW","DS24","mr_iso",NA,"v1.0",NA
"HAT-P-26","HAT-P-26",213.15639,4.06003,"Gaia DR2 3668036348641580288","Gaia DR3 3668036348641580288","J14123753+0403359",12.3299999237061,0.209999993,12.590458,0.00502158,11.7600002288818,0.180000007152557,11.71373,0.002354874,11.461785,0.002769,11.918899,0.002917,10.840428,0.003815,10.0799999237061,0.022,9.68500042,0.023,9.58100032806396,0.023,0.0412646873727894,0.028877587,0.055163144,0.464434202576202,0.452879725,0.477464329827794,6.9985,0.020400001,86.0697104169658,173.769538405538,-26.9659726658068,0.351521449782665,7929.85,-7929.83558762912,-16.7258531143832,148.366748043972,5034,61,4.47,0.16,0.13,0.03,0,0,0.47,0.38,"free",0.812244,0.785061,0.840787,0.890752,0.867084,0.914799,NA,NA,NA,8.52,NA,7.76,0.03,NA,0.12,NA,NA,NA,NA,"EW","M22","C_SYEW;N_SYNTH","DS24","mr_iso",NA,"v1.0",NA
"HAT-P-27","HAT-P-27",222.76745,5.94737,"Gaia DR2 1159336403336463872","Gaia DR3 1159336403336463872","J14510418+0556505",13.1800003051758,0.100000001490116,NA,NA,12.18999958,0.129999995231628,NA,NA,11.955731,0.00279,12.391749,0.003051,11.344806,0.003939,10.6260004043579,0.026000001,10.2489995956421,0.023,10.1090002059937,0.021,0.0100134476810335,0.002584365,0.025361981154113,0.547081428952654,0.537984501789465,0.563391342593141,4.9528,0.016899999,-13.7005672543703,211.835186927691,4.85024169325159,0.0615784428408183,7882.38,-7882.37598535349,3.44051959379212,189.099469621404,5146,107,4.45,0.16,0.41,0.001,2.9,0.3,0.6,0.15,"fixed",0.916913,0.861956,0.966468,0.924148,0.897717,0.958711,NA,NA,NA,8.83,8.87,8.3,0.02,0.21,0.12,NA,NA,NA,NA,"EW","M22","C_SYEW;N_SYNTH;O_SYNTH","DS24","mr_iso",NA,"v1.0",NA
"HAT-P-28","HAT-P-28",13.00078,34.72839,"Gaia DR2 363702817083391232","Gaia DR3 363702817083391232","J00520018+3443422",13.3999996185303,NA,13.869887,0.002345251,NA,NA,13.076661,0.001611787,12.860381,0.002766,13.274403,0.002831,12.262935,0.003847,11.5609998703003,0.02,11.206000328064,0.023,11.1040000915527,0.017999999,0.138364115142764,0.1262543438796,0.151056210162716,1.23922991333538,1.20125741230816,1.27962745208827,2.4728,0.0156,-52.670270909956,240.138512100415,-8.65370162486543,0.209323622273973,8200.55,-8195.09913428129,298.84429149502,-165.136868036898,5740,55,4.38,0.07,0.13,0.02,2.9,0.5,1.33,0.05,"free",1.031752,1.012266,1.052677,1.120331,1.093129,1.148245,NA,NA,NA,8.51,8.74,NA,0.05,0.14,NA,NA,NA,NA,NA,"EW","M22","C_SYEW;O_SYNTH","DS24","mr_iso",NA,"v1.0",NA
"HAT-P-29","HAT-P-29",33.1310898025606,51.7787756631961,"Gaia DR2 359058441314838528","Gaia DR3 359058441314838528","J02123147+5146435",12.3000001907349,0.170000001788139,12.561717,0.002793453,11.8299999237061,0.159999996423721,11.895866,0.002045589,11.727677,0.002764,12.072848,0.002877,11.21501,0.00381,10.6479997634888,0.023,10.3950004577637,0.023,10.2969999313354,0.02,0.082108664,0.069860953,0.094797707,1.88229245808631,1.82196767114798,1.94457288063705,3.1358,0.020099999,37.4066744507723,227.640381698049,8.52634422573628,0.134739323031918,8227.55,-8224.58704350004,220.812583626183,-24.7776972598293,6096,61,4.33,0.02,0.15,0.11,5.8,0.2,1.13,0.01,"fixed",1.174527,1.125075,1.221882,1.224865,1.194862,1.256095,NA,NA,NA,NA,NA,NA,NA,NA,NA,NA,NA,NA,NA,"EW","T25",NA,NA,"mr_iso",NA,"v1.0",NA
"HAT-P-3","HAT-P-3",206.09401017795,48.02856171,"Gaia DR2 1510191594552968832","Gaia DR3 1510191594552968832","J13442258+4801432",12.5299997329712,0.200000002980232,12.455176,0.004161562,11.8599996566772,0.150000005960464,11.527783,0.00184269,11.278651,0.002767,11.739968,0.00285,10.662209,0.003795,9.93599987030029,0.022,9.54199981689453,0.028000001,9.44799995422363,0.025,0.075915806,0.0615153763363457,0.088511749,0.514710692064959,0.500366700720995,0.52861306550562,7.4159,0.0143,13.0472539907833,204.945817959065,-6.40841114442363,0.0863734631268771,8009.16,-8008.99165253471,52.5155087032102,148.869892029327,5250,129,4.51,0.05,0.17,0.12,1.1,0.6,1.09,0.15,"free",0.881126,0.825644,0.927018,0.878839,0.849857,0.914417,NA,NA,NA,NA,NA,NA,NA,NA,NA,NA,NA,NA,NA,"EW","T25",NA,NA,"mr_iso",NA,"v1.0",NA
"HAT-P-30","HAT-P-30",123.94992,5.83676,"Gaia DR2 3096441729861716224","Gaia DR3 3096441729861716224","J08154797+0550121",10.9499998092651,0.059999999,10.931892,0.004867097,10.3500003814697,0.050000001,10.429553,0.002788974,10.304191,0.002763,10.561463,0.002805,9.886435,0.003789,9.442000389,0.026000001,9.22000026702881,0.028000001,9.15100002288818,0.023,0.002785658,0.000677019,0.007581432,2.42549896213186,2.40264981219118,2.45507999622932,4.8037,0.0148,-40.9868422978302,228.50837065911,19.686389811505,0.147964987978037,8154.52,-8153.66683661651,-117.749987788869,101.456312087577,6223,43,4.27,0.13,0.09,0.02,3.6,0.6,1.19,0.06,"free",1.212306,1.199931,1.225965,1.334569,1.315212,1.354346,NA,NA,NA,8.51,NA,7.92,0.05,NA,0.12,NA,NA,NA,NA,"EW","M22","C_SYEW;N_SYNTH","DS24","mr_iso",NA,"v1.0",NA
"HAT-P-31","HAT-P-31",271.5376711,26.4266042023156,"Gaia DR2 4583004815239650176","Gaia DR3 4583004815239650176","J18060904+2625359",12.0200004577637,0.100000001490116,12.221936,0.002537923,11.6700000762939,0.109999999403953,11.602315,0.001733888,11.448122,0.002766,11.763358,0.002829,10.965757,0.00379,10.4230003356934,0.023,10.1280002593994,0.027000001,10.0830001831055,0.021,0.028012532,0.0145992615892935,0.042475485,2.49019181483353,2.41135424952573,2.57747700288503,2.9151,0.0134,27.9337662784029,213.613270364608,9.1564005753241,0.0997925697047002,7809.83,-7805.67455601566,254.719186960799,147.685049215874,5994,82,4.17,0.03,0.03,0.1,2,0.4,1.12,0.05,"fixed",1.151307,1.087494,1.200607,1.456381,1.411926,1.50164,NA,NA,NA,NA,NA,NA,NA,NA,NA,NA,NA,NA,NA,"EW","T25",NA,NA,"mr_iso",NA,"v1.0",NA
"HAT-P-32","HAT-P-32",31.0427593987871,46.6878516478602,"Gaia DR2 356348286886230272","Gaia DR3 356348286886230272","J02041028+4641162",11.789999961853,0.100000001490116,NA,NA,11.43999958,0.119999997317791,NA,NA,11.129302,0.002773,11.391315,0.002923,10.709647,0.0038,10.2510004043579,0.022,10.0240001678467,0.022,9.98999977111816,0.022,0.056827834,0.041940038,0.071193762,2.46371833409117,2.36516440995961,2.5630987324104,3.4938,0.020500001,36.409423986749,227.113554787912,13.3026070461385,0.130685307653185,8200.9,-8198.61391780576,193.652245979695,-45.430385334713,6569.5,67.5,4.34,0.02,-0.05,0.045,22.5,0.5,1.61,0.05,"fixed",1.22564,1.203211,1.246921,1.214767,1.18786,1.245994,NA,NA,NA,NA,NA,NA,NA,NA,NA,NA,NA,NA,NA,"SYNTH","T25",NA,NA,"mr_iso",NA,"v1.0",NA
"HAT-P-33","HAT-P-33",113.184238296882,33.8350210950755,"Gaia DR2 893550942158776832","Gaia DR3 893550942158776832","J07324421+3350061",11.6599998474121,0.119999997317791,NA,NA,11.0299997329712,0.109999999403953,NA,NA,11.024397,0.002785,11.241342,0.002957,10.654653,0.003836,10.2629995346069,0.021,10.0609998703003,0.024,10.003999710083,0.017999999,0.006987264,0.002090843,0.0145849369475342,4.62657025269928,4.52612954246714,4.7375001144842,2.5186,0.0195,-9.52127954391882,226.010545620911,14.3561499889535,0.0502540650196073,8364.19,-8364.11720469888,-33.8738030626427,179.551598423952,6601.5,49.5,4.19,0.01,-0.04,0.035,15.5,0.4,1.68,0.03,"fixed",1.353919,1.337593,1.370335,1.63745,1.606963,1.668466,NA,NA,NA,NA,NA,NA,NA,NA,NA,NA,NA,NA,NA,"SYNTH","T25",NA,NA,"mr_iso",NA,"v1.0",NA
"HAT-P-34","HAT-P-34",303.19536,18.10483,"Gaia DR2 1810218734055374720","Gaia DR3 1810218734058821632","J20124688+1806175",10.81000042,0.050000001,10.745812,0.003342028,10.3999996185303,0.050000001,10.30493,0.002507908,10.199554,0.002772,10.423176,0.00281,9.822842,0.00379,9.46000003814697,0.022,9.32199954986572,0.029999999,9.24699974060059,0.023,0.0474637460179806,0.0293065866155006,0.067432233,4.38691273043703,4.189985913,4.61683433885571,3.9477,0.022399999,-13.7305152001911,186.638561091964,-10.1864158048304,0.173389385523967,7872.32,-7869.42354265216,213.558353800156,-13.9814341685268,6773,113,4.19,0.11,0.29,0.05,25.8,0.6,2.58,0.09,"free",1.489589,1.463801,1.514888,1.522777,1.476227,1.580173,NA,NA,NA,NA,NA,NA,NA,NA,NA,NA,NA,NA,NA,"EW","M22",NA,NA,"mr_iso",NA,"v1.0",NA
"HAT-P-35","HAT-P-35",123.250701721079,4.78702783598181,"Gaia DR2 3094733088793018240","Gaia DR3 3094733088793018240","J08130018+0447132",12.8400001525879,0.449999988,12.951001,0.002890371,11.5900001525879,0.189999997615814,12.40449,0.002378814,12.273411,0.002774,12.544182,0.002978,11.82992,0.003842,11.3579998016357,0.024,11.0719995498657,0.023,11.0299997329712,0.021,0.005493522,0.001387595,0.0135137944749676,2.59739324340063,2.52724909702871,2.67175731952029,1.9019,0.021299999,-23.6181538046283,198.267529249992,-5.85381320922782,0.130527254960645,8393.09,-8387.57835871459,-304.092965936124,208.699652808702,6074,63,4.18,0.02,-0.025,0.04,0,0,1.32,0.04,"fixed",1.153753,1.111804,1.178994,1.453804,1.419407,1.486737,NA,NA,NA,NA,NA,NA,NA,NA,NA,NA,NA,NA,NA,"SYNTH","T25",NA,NA,"mr_iso",NA,"v1.0",NA
"HAT-P-36","HAT-P-36",188.266202543852,44.9153683993526,"Gaia DR2 1541532207133249920","Gaia DR3 1541532207133249920","J12330390+4454552",12.9700002670288,0.25,12.979554,0.002865055,12.1499996185303,0.159999996423721,12.25975,0.002039946,12.085042,0.002792,12.440286,0.003114,11.56902,0.003932,11.0459995269775,0.027000001,10.7229995727539,0.029999999,10.6029996871948,0.021,0.00896859,0.002441208,0.019494485,0.963159394615687,0.947726775636026,0.986585266675882,3.4055,0.011,-4.54551120726549,229.562964833586,-13.2319024269468,0.0564409918916457,8062.27,-8061.99648822956,66.4900643205967,304.203205105737,5634,82,4.43,0.03,0.2,0.11,5.1,0.2,0.99,0.04,"fixed",1.02078,0.969418,1.067678,1.028657,1.001818,1.058384,NA,NA,NA,NA,NA,NA,NA,NA,NA,NA,NA,NA,NA,"EW","T25",NA,NA,"mr_iso",NA,"v1.0",NA
"HAT-P-38","HAT-P-38",35.38325,32.24614,"Gaia DR2 324889227693298560","Gaia DR3 324889227693298560","J02213197+3214461",13.3400001525879,0.02,13.384294,0.004878058,12.5100002288818,0.02,12.527744,0.003595931,12.294833,0.002768,12.737121,0.002927,11.686585,0.003844,10.9890003204346,0.022,10.5930004119873,0.021,10.5010004043579,0.017000001,0.085855306,0.071741329,0.100014269219195,0.719690711868497,0.697892076775615,0.742896949372907,3.9747,0.0134,-10.2213221045642,170.731149436037,14.4418497855963,0.244692268486995,8183.45,-8182.40224322763,131.185162738542,-88.1515807974613,5394,72,4.46,0.08,0.12,0.04,1.8,0.7,0.98,0.03,"free",0.915439,0.88396,0.948596,0.965655,0.937232,0.995157,NA,NA,NA,8.6,8.93,7.98,0.03,0.11,0.12,NA,NA,NA,NA,"EW","M22","C_SYEW;N_SYNTH;O_SYNTH","DS24","mr_iso",NA,"v1.0",NA
"HAT-P-39","HAT-P-39",113.75825,17.83007,"Gaia DR2 3169391577586325120","Gaia DR3 3169391577586325120","J07350197+1749482",NA,NA,12.800786,0.003319066,12.4219999313354,NA,12.331573,0.002809094,12.220511,0.002769,12.457735,0.002898,11.827282,0.003814,11.423999786377,0.02,11.1840000152588,0.022,11.1569995880127,0.02,0.041684779,0.0228922366077654,0.061026117,5.28129741692679,5.00754506670032,5.57384666707527,1.4152,0.014,-6.85020764487702,195.256517057997,8.38749163967618,0.117903629112477,8630.37,-8626.85622760337,-246.155838072554,238.810239151344,6574,117,4.11,0.12,0.17,0.05,13.8,0.3,1.84,0.05,"free",1.473176,1.4462,1.500437,1.757641,1.681487,1.836801,NA,NA,NA,8.59,NA,NA,0.12,NA,NA,NA,NA,NA,NA,"EW","M22","C_EW","DS24","mr_iso",NA,"v1.0",NA
"HAT-P-4","HAT-P-4",229.991216308121,36.2295416664055,"Gaia DR2 1291120362349158016","Gaia DR3 1291120362349158016","J15195792+3613467",11.8299999237061,0.100000001490116,11.821493,0.002959149,11.1199998855591,0.07,11.206243,0.001736934,11.062769,0.002768,11.369708,0.002851,10.595648,0.003802,10.1000003814697,0.022,9.83699989318848,0.02,9.77000045776367,0.02,0.003188443,0.00079843,0.007685282,2.89834201187368,2.86023373571048,2.94101181061211,3.1071,0.0154,23.6337026670099,188.116951836748,25.7995118991507,0.172282928118004,7909.69,-7908.30389102681,148.07212606516,295.660335780309,5904,45,4.13,0.01,0.242,0.04,5.6,0.2,1.22,0.03,"fixed",1.276868,1.253765,1.294184,1.624235,1.59609,1.653067,NA,NA,NA,NA,NA,NA,NA,NA,NA,NA,NA,NA,NA,"SYNTH","T25",NA,NA,"mr_iso",NA,"v1.0",NA
"HAT-P-40","HAT-P-40",335.512921673925,45.4573414104654,"Gaia DR2 1962153854973972096","Gaia DR3 1962153854973972096","J22220308+4527265",12.18999958,0.150000005960464,12.227912,0.002632675,11.3400001525879,0.079999998,11.578849,0.001531057,11.414824,0.002771,11.750677,0.002834,10.913599,0.003804,10.3669996261597,0.023,10.085000038147,0.02,10.0089998245239,0.017999999,0.068416397,0.060222605,0.077008836,5.67443499640896,5.51808835285052,5.82907669,2.0534,0.016799999,4.58200053385862,201.985634119129,-10.0705788256864,0.0905606089591656,8075.58,-8061.54826980325,475.859822177738,-58.2256652167121,6109,36,3.9,0.04,0.002,0.03,8.5,0.2,1.44,0.03,"fixed",1.301682,1.285677,1.329134,2.110302,2.0683,2.151438,NA,NA,NA,NA,NA,NA,NA,NA,NA,NA,NA,NA,NA,"SYNTH","T25",NA,NA,"mr_iso",NA,"v1.0",NA
"HAT-P-41","HAT-P-41",297.32267,4.67244,"Gaia DR2 4290415081653653632","Gaia DR3 4290415081653653632","J19491743+0440207",11.6499996185303,0.119999997317791,11.625029,0.004031744,11.3599996566772,0.150000005960464,11.07303,0.002296527,10.94028,0.002771,11.222671,0.002872,10.494243,0.003799,10.0059995651245,0.027000001,9.77700042724609,0.032000002,9.72799968719482,0.028999999,0.062813781,0.047673276,0.079214481,4.46324856414503,4.28834947203075,4.64932563201494,2.8477,0.0176,42.4665250550322,245.561246455025,0.541645632829579,0.190971299639071,7754.91,-7751.22678281173,239.064026810845,-40.5307421694227,6435,76,4.09,0.14,0.16,0.001,22.1,0.6,2.37,0.08,"free",1.410174,1.357905,1.460387,1.689553,1.638108,1.74265,NA,NA,NA,NA,NA,NA,NA,NA,NA,NA,NA,NA,NA,"EW","M22",NA,NA,"mr_iso",NA,"v1.0",NA
"HAT-P-42","HAT-P-42",135.34437,6.09723,"Gaia DR2 583455604761166848","Gaia DR3 583455604761166848","J09012265+0605500",12.8299999237061,0.02,12.82803,0.002516699,12.1700000762939,0.029999999,12.150284,0.001736059,11.993416,0.002763,12.328919,0.002847,11.498432,0.003797,10.960000038147,0.023,10.6770000457764,0.024,10.6260004043579,0.026000001,0.003132111,0.000756685,0.008089853,2.04124977394269,1.99224166965557,2.09431885091435,2.4159,0.0253,21.9296701618358,167.61747688902,-13.0225337889601,0.26504226218805,8260.66,-8257.15827533802,-240.50529487353,242.587739024858,5780,39,4.21,0.14,0.31,0.02,3.4,0.3,0.98,0.04,"free",1.194858,1.18166,1.205699,1.419512,1.393231,1.446786,NA,NA,NA,8.76,NA,NA,0.04,NA,NA,NA,NA,NA,NA,"EW","M22","C_SYEW","DS24","mr_iso",NA,"v1.0",NA
"HAT-P-43","HAT-P-43",128.925687239485,10.2065846858491,"Gaia DR2 601321985813952000","Gaia DR3 601321985813952000","J08354217+1012239",14.1199998855591,0.059999999,14.058456,0.003594747,13.3599996566772,0.029999999,13.367949,0.002374677,13.205524,0.002763,13.547733,0.002897,12.700128,0.003823,12.1459999084473,0.021,11.8090000152588,0.028999999,11.7639999389648,0.023,0.01481919,0.00593486,0.0249224902909564,1.13037124065501,1.09971017461926,1.16346179643601,1.8964,0.015900001,13.0747847827343,207.470275659048,-25.8183683876497,0.065574409746727,8383.52,-8379.14377050286,-270.911323351345,271.742232596356,5845,45,4.41,0.02,0.015,0.04,6.2,0.2,1.08,0.03,"fixed",1.017073,0.993349,1.041202,1.03234,1.011487,1.053815,NA,NA,NA,NA,NA,NA,NA,NA,NA,NA,NA,NA,NA,"SYNTH","T25",NA,NA,"mr_iso",NA,"v1.0",NA
"HAT-P-44","HAT-P-44",213.143854448217,47.01478412,"Gaia DR2 1506159170017461888","Gaia DR3 1506159170017461888","J14123457+4700528",13.1999998092651,NA,14.029802,0.003326402,13.210000038147,0.119999997317791,13.171343,0.001911811,12.963092,0.002762,13.382845,0.002841,12.386662,0.003793,11.7290000915527,0.021,11.3599996566772,0.018999999,11.2749996185303,0.017999999,0.0461721746640399,0.031877502,0.060251474,0.671799894023256,0.651059426,0.692515491508647,2.8705,0.0144,-36.4756962355781,197.61207289025,-14.1679616537735,0.163087122036097,7999.34,-7997.93934110155,149.862795262653,339.481901626508,5470,140,4.49,0.05,0.28,0.12,2.2,0.4,1.09,0.15,"free",0.965271,0.912487,1.006064,0.940316,0.911714,0.97508,NA,NA,NA,NA,NA,NA,NA,NA,NA,NA,NA,NA,NA,"EW","T25",NA,NA,"mr_iso",NA,"v1.0",NA
"HAT-P-45","HAT-P-45",274.373270682033,-3.381060097,"Gaia DR2 4270547520706275328","Gaia DR3 4270547520706275328","J18172957-0322517",13.6999998092651,NA,13.74816,0.004314304,12.789999961853,0.180000007152557,12.769817,0.003170962,12.391885,0.00278,12.993574,0.003243,11.64019,0.003798,10.7299995422363,0.027000001,10.3500003814697,0.026000001,10.201000213623,0.023,0.484611278461884,0.474947135269939,0.494148928086237,2.41317465219082,2.35240469340796,2.4803197169479,3.3253,0.015,34.3522889499498,241.88744319726,-2.41637726150617,0.157886447808976,7732.21,-7731.09540461631,131.212232770891,55.5008442429634,6248,45,4.25,0.01,-0.135,0.03,9.7,0.2,1.42,0.03,"fixed",1.127861,1.108379,1.144795,1.322246,1.296186,1.349106,NA,NA,NA,NA,NA,NA,NA,NA,NA,NA,NA,NA,NA,"SYNTH","T25",NA,NA,"mr_iso",NA,"v1.0",NA
"HAT-P-46","HAT-P-46",270.444182457115,-2.970980651,"Gaia DR2 4177560894633502720","Gaia DR3 4177560894633502720","J18014660-0258154",12.8999996185303,NA,12.749698,0.002776619,11.93999958,0.119999997317791,11.925864,0.00169918,11.677935,0.00277,12.133987,0.002882,11.04835,0.003826,10.3299999237061,0.024,9.97200012207031,0.022,9.92399978637695,0.023,0.298548829123968,0.284938076184902,0.312246952138876,2.954739062,2.85234842363033,3.06314637772659,3.3252,0.0188,-4.88154360125937,215.427914100538,6.22053794715075,0.0307322960411481,7731.06,-7730.07894411054,123.098778916967,74.5163927332254,6376,72,4.25,0.02,0.127,0.04,6.4,0.3,1.5,0.05,"fixed",1.29007,1.268342,1.312175,1.400499,1.361174,1.441051,NA,NA,NA,NA,NA,NA,NA,NA,NA,NA,NA,NA,NA,"SYNTH","T25",NA,NA,"mr_iso",NA,"v1.0",NA
"HAT-P-49","HAT-P-49",305.441327992205,26.6926760975058,"Gaia DR2 1835842749465226368","Gaia DR3 1835842749465226368","J20214593+2641335",10.6750001907349,0.01,10.669971,0.002258969,10.326000213623,0.01,10.301046,0.00162385,10.210516,0.00276,10.40013,0.002803,9.87966,0.003785,9.55000019073486,0.02,9.399000168,0.021,9.3459997177124,0.017000001,0.005494314,0.001474653,0.0123787897954993,7.521755176,7.40009090023994,7.68044083805908,2.8862,0.0149,23.1358004259609,244.916355840968,19.6178497645468,0.149215059244136,7871.34,-7864.94523809574,317.140488663387,-10.2450230003785,6824,67.5,4.11,0.02,0,0.045,13.8,0.4,1.86,0.05,"fixed",1.525925,1.50443,1.547325,1.954716,1.912714,1.997603,NA,NA,NA,NA,NA,NA,NA,NA,NA,NA,NA,NA,NA,"SYNTH","T25",NA,NA,"mr_iso",NA,"v1.0",NA
"HAT-P-50","HAT-P-50",118.063438830646,12.1393457531328,"Gaia DR2 3151961363348862720","Gaia DR3 3151961363348862720","J07521521+1208218",12.2819995880127,0.050000001,NA,NA,11.7620000839233,0.029999999,NA,NA,11.677714,0.0028,11.914596,0.002889,11.245908,0.003819,10.8159999847412,0.021,10.5450000762939,0.02,10.5,0.017999999,0.048172446,0.0178900670558635,0.107387579764889,4.51715371717115,4.129769197,5.24617978884952,2.0383,0.044399999,22.294329336045,201.383606308844,11.4048208122842,0.115314525734192,8409.63,-8406.68194847012,-222.702677954374,185.266865013486,6775,198,4.15,0.05,-0.31,0.11,32.7,1.8,1.82,0.14,"fixed",1.252149,1.192837,1.307014,1.513194,1.389447,1.649857,NA,NA,NA,NA,NA,NA,NA,NA,NA,NA,NA,NA,NA,"SYNTH","T25",NA,NA,"mr_iso",NA,"v1.0",NA
"HAT-P-56","HAT-P-56",100.848012469981,27.2521792089986,"Gaia DR2 3385777286999240576","Gaia DR3 3385777286999240576","J06432353+2715082",11.3500003814697,0.079999998,11.355999,0.004379629,10.8000001907349,0.07,10.93469,0.002184698,10.824878,0.002767,11.042161,0.002873,10.457609,0.003803,10.0679998397827,0.021,9.88099956512451,0.017000001,9.82999992370606,0.016000001,0.0117716412946885,0.003283636,0.0260940063334486,3.57570755101785,3.48894770764461,3.7093687272542,3.1804,0.0165,-26.100153171398,201.577344183562,-10.9130070403618,0.124378785853299,8306.44,-8306.3448881854,-40.5641504752472,82.8778720917832,6592,99,4.22,0.03,-0.09,0.05,37.6,1.1,1.66,0.07,"fixed",1.272308,1.248052,1.29801,1.440468,1.393274,1.489299,NA,NA,NA,NA,NA,NA,NA,NA,NA,NA,NA,NA,NA,"SYNTH","T25",NA,NA,"mr_iso",NA,"v1.0",NA
"HAT-P-57","BD+10  3472",274.7434376,10.59725821,"Gaia DR2 4483640815570090368","Gaia DR3 4483640815570090368","18185842+1035502",10.960000038147,0.050000001,10.932949,0.004022782,10.6400003433228,0.050000001,10.530206,0.002708822,10.426539,0.002786,10.646452,0.002852,10.058723,0.003807,9.67000007629395,0.0270000007003546,9.49699974060059,0.028999999165535,9.43299961090088,0.0240000002086163,0.126189856536248,0.106223066898547,0.145880827020528,6.06225269951555,5.73141506551945,6.41647419788577,3.4324,0.0196000002324581,18.4328697836778,211.932375623564,2.66706127277525,0.0752133311754674,7779.77,-7777.7218706944,178.676133964154,84.7200772613577,7475.0951,120.9061395,4.345250908,0.063866,-0.20475,0.11,94.262,1.747289902,3.705666667,0.293867884,"free",1.490205,1.460831,1.519856,1.401847,1.363624,1.449412,NA,NA,NA,NA,NA,NA,NA,NA,NA,NA,NA,NA,NA,"SYNTH","R26",NA,NA,"mr_iso",NA,"v1.0",NA
"HAT-P-6","HAT-P-6",354.77421,42.46597,"Gaia DR2 1925321658546436352","Gaia DR3 1925321658551399040","J23390581+4227575",10.8800001144409,0.039999999,10.830091,0.003073248,10.4700002670288,0.039999999,10.419466,0.002039431,10.31066,0.002771,10.527562,0.002803,9.938041,0.003784,9.557999611,0.023,9.43999958,0.017999999,9.3129997253418,0.018999999,0.0014782,0.000386511,0.003779283,4.28184001568233,4.22031683451485,4.34431537861647,3.6459,0.0221,39.3577947795771,224.000033511055,24.8067148297222,0.136386543783169,8088.53,-8084.78935097572,246.083428204804,-61.4714249672815,6554,24,4.1,0.12,-0.3,0.01,8.4,0.2,1.64,0.03,"free",1.22841,1.220977,1.239482,1.599425,1.582864,1.616169,NA,NA,NA,8.35,8.41,NA,0.08,0.12,NA,NA,NA,NA,NA,"EW","M22","C_SYEW;O_SYNTH","DS24","mr_iso",NA,"v1.0",NA
"HAT-P-64","HAT-P-64",68.974396635906,2.43127269139317,"Gaia DR2 3279418602369232000","Gaia DR3 3279418602369232000","J04355384+0225526",13.4460000991821,0.01,13.445316,0.002015644,12.7709999084473,0.01,12.795981,0.001560821,12.61038,0.002761,12.967012,0.00283,12.08452,0.003802,11.4849996566772,0.026000001,11.2250003814697,0.025,11.1230001449585,0.021,0.165259549957244,0.143833015248179,0.186563008190098,4.71103299347381,4.46062948907699,4.97544405831669,1.4693,0.0132,-12.4287799287549,201.945103179148,7.01809643620763,0.0919370417015475,8583.85,-8582.70773082418,-140.223653601729,-297.420515148757,6249,111,4.03,0.04,-0.01,0.12,11.6,0.3,1.42,0.05,"fixed",1.339106,1.237637,1.396024,1.840183,1.762032,1.918086,NA,NA,NA,NA,NA,NA,NA,NA,NA,NA,NA,NA,NA,"EW","T25",NA,NA,"mr_iso",NA,"v1.0",NA
"HAT-P-65","HAT-P-65",315.905490127995,11.9893665535192,"Gaia DR2 1757302881526250496","Gaia DR3 1757302881526250496","J21033731+1159218",13.81000042,0.029999999,13.839479,0.002628645,13.1599998474121,0.02,13.156361,0.001810783,12.981092,0.002769,13.332403,0.002921,12.468006,0.003834,11.8920001983643,0.026000001,11.6040000915527,0.022,11.5279998779297,0.025,0.067132867,0.0549369843221686,0.080114048,3.18799281447642,3.03657795145189,3.35372291449104,1.3215,0.025800001,-7.69132070664028,180.233557520931,2.2851052879118,0.200176203370301,7680.41,-7656.21163913807,609.205449167339,-263.632384413205,5970,63,4.11,0.02,0.238,0.04,6.2,0.4,1.27,0.04,"fixed",1.307817,1.280936,1.33095,1.663768,1.608335,1.721704,NA,NA,NA,NA,NA,NA,NA,NA,NA,NA,NA,NA,NA,"SYNTH","T25",NA,NA,"mr_iso",NA,"v1.0",NA
"HAT-P-67","HAT-P-67",256.61067,44.77696,"Gaia DR2 1358614983131339392","Gaia DR3 1358614983131339392","J17062656+4446371",10.6820001602173,0.01,10.560591,0.004287003,10.0690002441406,0.02,10.099181,0.002661545,9.979286,0.002761,10.220078,0.002838,9.580421,0.003796,9.14500045776367,0.021,8.96100044250488,0.018999999,8.89999961853027,0.018999999,0.085552014,0.061817464,0.110395927403629,12.8194166087809,12.0648345886433,13.6787067263821,2.6869,0.0101,43.7203732820881,230.95441235413,-8.78775186678713,0.158263427309165,7903.22,-7898.25858271759,279.908559960593,248.203025933935,6686,149,3.86,0.09,0.16,0.04,35.4,0.5,2.36,0.1,"free",1.777087,1.742184,1.810796,2.663691,2.516814,2.819917,NA,NA,NA,NA,NA,NA,NA,NA,NA,NA,NA,NA,NA,"EW","M22",NA,NA,"mr_iso",NA,"v1.0",NA
"HAT-P-7","HAT-P-7",292.24731,47.9695,"Gaia DR2 2129256395211984000","Gaia DR3 2129256395211984000","J19285935+4758102",10.9700002670288,0.059999999,10.957296,0.003423218,10.4799995422363,0.050000001,10.485247,0.002542255,10.367682,0.00277,10.610677,0.002862,9.974877,0.003787,9.555000305,0.029999999,9.3439998626709,0.028999999,9.33399963378906,0.017999999,0.005525178,0.001528124,0.0122192290741235,5.82619500936903,5.75031532500229,5.92873451424684,2.9991,0.0114,7.80382420937108,214.870612511676,36.0037940477809,0.0317016042755274,7950.1,-7943.70564547453,318.683842901703,105.35133811509,6441,42,4.02,0.11,0.2,0.01,4.8,0.3,1.58,0.01,"free",1.508263,1.500752,1.516512,1.931073,1.902226,1.960448,NA,NA,NA,8.53,NA,7.95,0.07,NA,0.12,NA,NA,NA,NA,"EW","M22","C_SYNTH;N_SYNTH","DS24","mr_iso",NA,"v1.0",NA
"HAT-P-70","HD 287325",74.55234499,9.998001268,"Gaia DR2 3291455819447952768","Gaia DR3 3291455819447952768","04581255+0959527",9.61999988555908,0.0199999995529652,9.654131,0.004174199,9.47000026702881,0.0199999995529652,9.491929,0.002452453,9.458499,0.002769,9.540477,0.00284,9.283254,0.003792,9.06799983978271,0.022,9.022999763,0.028999999165535,8.96300029754639,0.0240000002086163,0.097144084,0.086826054,0.105702888469692,18.348555761029,17.6373498994632,19.0297177196823,3.143,0.0239000003784895,-5.93195223612686,225.104126406557,-7.21061449863899,0.0366556516104968,8295.55,-8295.39200599405,-51.8452233242329,-81.1271731882734,8222.883422,142.7580556,4.124,0.08,0.19375,0.27,94.45525,1.68129977,3.764333333,0.734711054,"free",1.987819,1.877543,2.085182,2.029957,1.929448,2.136234,NA,NA,NA,NA,NA,NA,NA,NA,NA,NA,NA,NA,NA,"SYNTH","R26",NA,NA,"mr_iso",NA,"v1.0",NA
"HAT-P-8","HAT-P-8",343.0411,35.44711,"Gaia DR2 1891507552824189568","Gaia DR3 1891507552826485632","J22520985+3526495",10.7700004577637,0.039999999,10.80685,0.004556817,10.3599996566772,0.029999999,10.292449,0.002790308,10.15379,0.002774,10.422852,0.002812,9.720125,0.003787,9.213999748,0.022,9.00399971008301,0.017999999,8.953000069,0.013,0.0260098942672615,0.014682472365552,0.03731666,3.15802181993147,3.06768257661015,3.253243876,4.6606,0.0208,-58.8361582098715,194.443429169773,-5.65627251921134,0.2312574997165,8027.5,-8025.05438633826,198.244075378688,-53.1501125949016,6241,52,4.15,0.12,0.02,0.03,12.2,0.3,1.53,0.02,"free",1.248104,1.233149,1.263239,1.512563,1.47936,1.546511,NA,NA,NA,8.45,NA,NA,0.06,NA,NA,NA,NA,NA,NA,"EW","M22","C_SYEW","DS24","mr_iso",NA,"v1.0",NA
"HAT-P-9","HAT-P-9",110.168513975135,37.1405928807767,"Gaia DR2 898130030131443584","Gaia DR3 898130030131443584","J07204044+3708263",12.3500003814697,0.230000004172325,12.785949,0.002956292,12.3400001525879,0.270000011,12.267595,0.002167003,12.146357,0.002769,12.406802,0.002873,11.731368,0.003817,11.2740001678467,0.022,11.0430002212524,0.032000002,11.0150003433228,0.021,0.007473455,0.002150736,0.0158629427512103,2.24930075049636,2.20428240555732,2.30212438538718,2.1626,0.014,-18.5867853684477,211.397286711535,-12.4761956133967,0.073092727285028,8429.76,-8429.75406719751,-8.16221185782567,195.384700713906,6356,45,4.32,0.01,-0.082,0.03,12.2,0.2,1.47,0.03,"fixed",1.160475,1.143555,1.177098,1.231495,1.210102,1.253535,NA,NA,NA,NA,NA,NA,NA,NA,NA,NA,NA,NA,NA,"SYNTH","T25",NA,NA,"mr_iso",NA,"v1.0",NA
"HATS-1","HATS-1",175.52534,-23.35484,"Gaia DR2 3540018633568783488","Gaia DR3 3540018633568783488","J11420608-2321174",12.7290000915527,0.063000001,12.705392,0.002890963,12.0590000152588,0.018999999,12.08007,0.00245975,11.926996,0.002764,12.244774,0.002835,11.445615,0.003793,10.923999786377,0.024,10.6339998245239,0.022,10.5799999237061,0.023,0.012889641,0.004120528,0.024280133,1.07421035327149,1.05063702741396,1.10488003139454,3.49,0.0167,-14.6635278069392,228.575522300238,-6.94994087396296,0.067166418604366,7951.14,-7948.00127524627,-223.560782808987,196.527952361524,5810,77,4.43,0.17,-0.06,0.03,3.9,0.2,0.48,0.26,"free",0.973956,0.944929,1.003866,1.017637,0.98886,1.047966,NA,NA,NA,8.36,NA,NA,0.06,NA,NA,NA,NA,NA,NA,"EW","M22","C_SYEW","DS24","mr_iso",NA,"v1.0",NA
"HATS-10","HATS-10",294.30681,-22.20448,"Gaia DR2 6771939433131924096","Gaia DR3 6771939433131924096","J19371363-2212161",13.8199996948242,0.01,13.838581,0.003062713,13.1129999160767,0.01,13.147037,0.002217147,12.974145,0.002764,13.328015,0.002848,12.454304,0.003795,11.8660001754761,0.024,11.5679998397827,0.024,11.5109996795654,0.025,0.099435898,0.080132384,0.118688434403524,1.86679742292704,1.77446582781969,1.96293829970168,1.8018,0.0188,-16.8762053117109,222.362377701476,1.45975912213418,0.0570395707028705,7503.27,-7501.64782093946,156.145253179792,-162.957790329114,6002,123,4.35,0.09,0.26,0.04,4.8,0.3,1.01,0.1,"free",1.19766,1.167439,1.229215,1.255736,1.20536,1.316182,NA,NA,NA,8.7,8.98,8.14,0.06,0.11,0.12,NA,NA,NA,NA,"EW","M22","C_SYEW;N_SYNTH;O_SYNTH","DS24","mr_iso",NA,"v1.0",NA
"HATS-13","HATS-13",316.96146,-26.09668,"Gaia DR2 6803000980210856704","Gaia DR3 6803000980210856704","J21075075-2605479",14.6859998703003,0.02,14.672346,0.003445032,13.8870000839233,0.01,13.880934,0.002546877,13.668406,0.002768,14.077723,0.003044,13.09581,0.003865,12.4390001296997,0.021,12.0520000457764,0.025,11.9829998016357,0.028000001,0.07429575,0.059921309,0.088581442,0.591392257280517,0.570718039864122,0.612670984710329,2.2777,0.0206,28.428052402763,218.577175647321,-19.1684874711308,0.0975851925928339,7689.1,-7688.19334736626,117.826979868501,-260.7747941175,5558,69,4.58,0.15,0.22,0.02,3,0.5,0.96,0.19,"free",0.976179,0.963526,0.987572,0.886923,0.877485,0.898274,NA,NA,NA,8.5,NA,8.09,0.05,NA,0.12,NA,NA,NA,NA,"EW","M22","C_SYEW;N_SYNTH","DS24","mr_iso",NA,"v1.0",NA
"HATS-17","HATS-17",192.18977,-47.61369,"Gaia DR2 6127982342061605120","Gaia DR3 6127982342061605120","J12484555-4736492",13.1049995422363,0.090000004,13.097746,0.002651863,12.3900003433228,0.100000001490116,12.379375,0.001971487,12.207614,0.002763,12.564695,0.002862,11.69084,0.003788,11.0819997787476,0.023,10.8369998931885,0.022,10.6979999542236,0.021,0.0158288570832532,0.006510524,0.026938482,1.61659244634628,1.58019440138232,1.6596065254703,2.5068,0.0124,-28.7523826996142,181.691205361209,18.316951175517,0.210880600326038,7799.81,-7793.05269912068,-324.71902547983,129.319553166164,5730,50,4.24,0.08,0.26,0.02,3.2,0.3,0.91,0.02,"free",1.113976,1.089848,1.131577,1.288644,1.261687,1.313911,NA,NA,NA,8.75,NA,8.19,0.04,NA,0.12,NA,NA,NA,NA,"EW","M22","C_SYEW;N_SYNTH","DS24","mr_iso",NA,"v1.0",NA
"HATS-2","HATS-2",176.73904,-22.563,"Gaia DR2 3492502001623237888","Gaia DR3 3492502001623237888","J11465738-2233467",14.5299997329712,0.050000001,14.550197,0.005206926,13.6199998855591,0.059999999,13.593742,0.002796537,13.332151,0.002804,13.817514,0.003261,12.678108,0.003933,11.9060001373291,0.024,11.4750003814697,0.023,11.3859996795654,0.023,0.054825079,0.0460277832298198,0.063357586,0.483169542552603,0.473528267560415,0.493693760761623,2.9635,0.0178,-46.3916167815507,173.813747945364,9.11700907023601,0.271264265858306,7939.28,-7935.08004793744,-258.317849115691,232.182014573928,5154,28,4.5,0.17,0.35,0.01,2.9,0.6,1.4,0.03,"free",0.942089,0.927115,0.955055,0.87138,0.861062,0.88355,NA,NA,NA,8.8,9.14,8.33,0.02,0.15,0.12,NA,NA,NA,NA,"EW","M22","C_SYEW;N_SYNTH;O_SYNTH","DS24","mr_iso",NA,"v1.0",NA
"HATS-22","HATS-22",174.00975,-29.54332,"Gaia DR2 3483606402800185728","Gaia DR3 3483606402800185728","J11360233-2932359",14.5,0.039999999,14.47371,0.005460142,13.460000038147,0.039999999,13.453962,0.002674486,13.111261,0.002759,13.667094,0.002855,12.411913,0.003789,11.5559997558594,0.023,11.0059995651245,0.022,10.9420003890991,0.018999999,0.121200009261876,0.104765667943507,0.13846493855591,0.333432573,0.323735005724003,0.344796524366534,4.3048,0.0142,38.4338041764409,244.530650865029,2.74406738995261,0.180714267653042,7953.94,-7951.56534583789,-194.25371290886,142.835647319943,4736,150,4.55,0.11,0.05,0.001,1.7,0.8,1.09,0.15,"fixed",0.758473,0.72195,0.807618,0.809916,0.780243,0.836832,NA,NA,NA,8.49,NA,NA,0.07,NA,NA,NA,NA,NA,NA,"EW","M22","C_SYNTH","DS24","mr_iso",NA,"v1.0",NA
"HATS-24","HATS-24",268.8907,-61.74732,"Gaia DR2 5911182735242698496","Gaia DR3 5911182735242698496","J17553376-6144503",13.3999996185303,0.01,13.397222,0.002035975,12.8299999237061,0.01,12.829544,0.001564678,12.676908,0.002763,12.977192,0.002816,12.213111,0.003795,11.6780004501343,0.022,11.4469995498657,0.025,11.3819999694824,0.023,0.074505204,0.05269756,0.096683349,2.09477189096851,1.98432595177019,2.22246090024972,1.9106,0.0146,-15.5781305225973,202.735544925516,-11.4174094529931,0.103416879860202,7564.45,-7560.75278382503,-236.578793282654,-133.378121243761,6140,138,4.32,0.1,-0.11,0.05,10.3,0.5,0.93,0.12,"free",1.091334,1.047603,1.131681,1.26823,1.204835,1.333201,NA,NA,NA,8.4,NA,7.77,0.09,NA,0.12,NA,NA,NA,NA,"EW","M22","C_SYEW;N_SYNTH","DS24","mr_iso",NA,"v1.0",NA
"HATS-25","HATS-25",207.90777,-23.78118,"Gaia DR2 6287125101007614080","Gaia DR3 6287125101007614080","J13513786-2346522",13.81000042,0.029999999,13.799375,0.003455502,13.1000003814697,0.029999999,13.103869,0.002836284,12.926607,0.00277,13.281476,0.002958,12.407413,0.003843,11.7880001068115,0.022,11.4870004653931,0.024,11.4160003662109,0.021,0.027091619,0.0145940807619621,0.039792368,1.23501794227492,1.19639082603644,1.27730603302337,2.0921,0.0156,6.85520195557376,169.510255492601,14.3854196417796,0.24903894631942,7709.64,-7705.7794139662,-243.899727058441,312.126200496104,5692,58,4.34,0.07,0.1,0.03,2.1,0.5,0.42,0.18,"free",1.004372,0.982795,1.026846,1.136439,1.107513,1.166032,NA,NA,NA,8.43,8.82,7.72,0.04,0.08,0.12,NA,NA,NA,NA,"EW","M22","C_SYEW;N_SYNTH;O_SYNTH","DS24","mr_iso",NA,"v1.0",NA
"HATS-26","HATS-26",144.92687,-28.58558,"Gaia DR2 5656896924435896832","Gaia DR3 5656896924435896832","J09394244-2835081",13.5500001907349,0.029999999,13.577086,0.001604672,12.960000038147,0.029999999,12.984995,0.001243819,12.827957,0.002763,13.139794,0.002828,12.355678,0.003799,11.83899974823,0.024,11.5100002288818,0.024,11.43500042,0.021,0.0281984353052533,0.014694011,0.0434192306043779,4.16874447469959,4.01417830008437,4.347782458,1.195,0.0132,16.7981961817053,236.982668656291,-12.7778303849774,0.10824316910844,8178.91,-8141.2426507181,-784.095961665724,281.045719669981,5962,97,3.92,0.11,-0.1,0.04,7.1,0.3,1.34,0.06,"free",1.165796,1.140784,1.189531,1.890419,1.816731,1.962271,NA,NA,NA,8.34,NA,NA,0.08,NA,NA,NA,NA,NA,NA,"EW","M22","C_SYEW","DS24","mr_iso",NA,"v1.0",NA
"HATS-27","HATS-27",193.55255,-46.58772,"Gaia DR2 6134228079203074176","Gaia DR3 6134228079203074176","J12541261-4635157",13.2399997711182,0.050000001,13.277586,0.002404592,12.7700004577637,0.039999999,12.783918,0.001817492,12.66483,0.002768,12.916888,0.00293,12.264341,0.003829,11.831000328064,0.022,11.6510000228882,0.023,11.5500001907349,0.023,0.068577215,0.0438872750910755,0.094556501,4.80579411371186,4.486711796,5.17363515996927,1.2474,0.0178,-34.0753699995474,206.79647629424,9.2680085089628,0.131200570631062,7602.52,-7575.34584690908,-642.216428492924,248.422514620718,6640,122,4.14,0.11,0.15,0.05,7.6,0.2,1.68,0.07,"free",1.442436,1.412265,1.473634,1.638735,1.55736,1.724599,NA,NA,NA,8.63,NA,NA,0.09,NA,NA,NA,NA,NA,NA,"EW","M22","C_SYEW","DS24","mr_iso",NA,"v1.0",NA
"HATS-29","HATS-29",285.09649,-54.89318,"Gaia DR2 6638230431120193280","Gaia DR3 6638230431120193280","J19002314-5453354",13.3599996566772,0.01,13.384605,0.003537155,12.6099996566772,0.01,12.639112,0.002650662,12.448839,0.002762,12.828246,0.002842,11.906363,0.003804,11.28600025177,0.026000001,10.9329996109009,0.021,10.8769998550415,0.018999999,0.057898991,0.0399178113643572,0.075970139,1.12290675594504,1.07806991474634,1.16938722370178,2.8358,0.0139,-31.9408080219045,184.793483547476,-5.47509156450051,0.205372769721887,7693.37,-7692.6927449156,-102.296110929142,-114.550455803898,5598,113,4.38,0.08,0.2,0.05,1.8,0.7,0.47,0.12,"free",1.015915,0.976655,1.058534,1.11667,1.069858,1.166258,NA,NA,NA,8.61,8.76,7.91,0.05,0.11,0.12,NA,NA,NA,NA,"EW","M22","C_SYEW;N_SYNTH;O_SYNTH","DS24","mr_iso",NA,"v1.0",NA
"HATS-30","HATS-30",5.6185189760124,-59.94258995,"Gaia DR2 4906145613282734208","Gaia DR3 4906145613282734208","J00222848-5956331",12.7950000762939,0.011,12.82872,0.002215759,12.2049999237061,0.023,12.217833,0.001878287,12.073773,0.002769,12.378244,0.002889,11.607803,0.003802,11.128999710083,0.024,10.826000213623,0.024,10.7930002212524,0.018999999,0.011725976,0.003473918,0.0245908028723691,1.33549598010921,1.30837751566035,1.37700873913907,2.9123,0.011,45.5959704571509,243.756355766106,15.4371347107191,0.197317271564671,7882.5,-7881.16378175921,-144.920509108261,-262.733924818005,6041,99,4.43,0.03,-0.09,0.13,11.6,0.3,0.99,0.03,"fixed",1.027702,0.968833,1.080189,1.055012,1.023154,1.08966,NA,NA,NA,NA,NA,NA,NA,NA,NA,NA,NA,NA,NA,"EW","T25",NA,NA,"mr_iso",NA,"v1.0",NA
"HATS-31","HATS-31",191.70283,-24.42738,"Gaia DR2 3498553232585634816","Gaia DR3 3498553232585634816","J12464866-2425385",13.68999958,0.029999999,13.718056,0.002357134,13.1099996566772,0.029999999,13.10726,0.00169005,12.945907,0.002765,13.267243,0.002848,12.460233,0.003799,11.9119997024536,0.021,11.6180000305176,0.025,11.5719995498657,0.023,0.073072464,0.052124023,0.093904087,3.95322626024206,3.73387323397794,4.19003788371506,1.2239,0.016799999,7.22056598591233,230.550552407675,-4.1592318213275,0.0615162156172637,7682.49,-7663.12117707965,-545.2173343009,531.830167293544,6046,121,4.06,0.12,-0.02,0.05,6.7,0.3,1.26,0.07,"free",1.228775,1.171717,1.299816,1.776043,1.703976,1.860331,NA,NA,NA,8.35,NA,NA,0.08,NA,NA,NA,NA,NA,NA,"EW","M22","C_SYEW","DS24","mr_iso",NA,"v1.0",NA
"HATS-33","HATS-33",294.63365,-55.3301,"Gaia DR2 6640975950310072960","Gaia DR3 6640975950310072960","J19383207-5519483",12.6300001144409,0.07,12.606791,0.003147724,11.9099998474121,0.07,11.882866,0.002191898,11.712018,0.002834,12.065789,0.003523,11.198072,0.004102,10.6590003967285,0.024,10.3369998931885,0.026000001,10.2869997024536,0.027000001,0.005394238,0.001363699,0.0135982577903103,1.00216599700264,0.989910122425171,1.0222937347769,3.9463,0.0148,1.59158678754426,188.180078848713,-9.00715735228681,0.160562592559166,7788.65,-7788.35630660402,-67.7051092977039,-96.8711506408189,5666,70,4.47,0.08,0.26,0.02,4,0.3,0.81,0.16,"free",1.060264,1.03327,1.085065,1.037663,1.015341,1.06325,NA,NA,NA,8.7,9.02,8.26,0.03,0.16,0.09,NA,NA,NA,NA,"EW","M22","C_SYEW;N_SYNTH;O_SYNTH","DS24","mr_iso",NA,"v1.0",NA
"HATS-35","HATS-35",296.68826,-63.56559,"Gaia DR2 6441034841743467776","Gaia DR3 6441034841743467776","J19464518-6333561",13.2600002288818,0.100000001490116,13.198948,0.001761553,12.56000042,0.100000001490116,12.60386,0.001500279,12.447877,0.002764,12.759942,0.002849,11.977576,0.003825,11.4390001296997,0.025,11.1920003890991,0.023,11.1180000305176,0.025,0.107008133503475,0.090504874,0.1252151145953,2.84460124982554,2.72330929264014,2.98579393018416,1.8779,0.0119,-37.1279886525256,221.221379614475,-27.5306282857189,0.123039509151082,7593.83,-7590.94624932843,-209.355769733946,-244.129851010664,6290,111,4.3,0.09,0.19,0.04,8.8,0.7,1.31,0.07,"free",1.296289,1.271405,1.321419,1.408867,1.352678,1.468368,NA,NA,NA,8.57,NA,NA,0.08,NA,NA,NA,NA,NA,NA,"EW","M22","C_SYEW","DS24","mr_iso",NA,"v1.0",NA
"HATS-38","HATS-38",154.271058200469,-25.27629924,"Gaia DR2 5472386851683941376","Gaia DR3 5472386851683941376","J10170509-2516345",13.1759996414185,0.01,13.148654,0.003079914,12.43500042,0.01,12.442211,0.002195001,12.268534,0.002761,12.622948,0.002849,11.750555,0.00379,11.1840000152588,0.026000001,10.8500003814697,0.024,10.7679996490479,0.024,0.03334714,0.016768033,0.051902468,1.15620764345333,1.11248407900041,1.20581323416307,2.9473,0.0135,-10.8963553376129,216.988976040512,-18.7153612798696,0.0395233861096813,8036.33,-8030.57220268345,-304.031142311947,172.469416405079,5779,124,4.39,0.04,0.09,0.11,0.4,1.3,1.15,0.15,"free",1.023349,0.966739,1.076441,1.070205,1.028896,1.117672,NA,NA,NA,NA,NA,NA,NA,NA,NA,NA,NA,NA,NA,"EW","T25",NA,NA,"mr_iso",NA,"v1.0",NA
"HATS-39","HATS-39",112.41921,-29.93789,"Gaia DR2 5605481703444311040","Gaia DR3 5605481703444311040","J07294061-2956163",13.2299995422363,0.01,13.212076,0.002252732,12.75,0.02,12.762645,0.001969477,12.648209,0.002775,12.878746,0.002852,12.250536,0.003812,11.8330001831055,0.024,11.6199998855591,0.024,11.5179996490479,0.023,0.048092019,0.031525187,0.0649586,4.64569732767783,4.20545007527429,5.15469678484242,1.2609,0.0515,29.0342190557833,216.97567354087,3.1671342988855,0.0992858128291449,8379.18,-8349.23243048835,-707.773297237887,-52.80709897685,6550,106,4.05,0.15,-0.08,0.01,7.4,0.2,1.6,0.08,"free",1.331563,1.302858,1.361657,1.64707,1.550927,1.750469,NA,NA,NA,8.4,NA,NA,0.07,NA,NA,NA,NA,NA,NA,"EW","M22","C_SYEW","DS24","mr_iso",NA,"v1.0",NA
"HATS-40","HATS-40",100.57127,-29.7768,"Gaia DR2 2894378838731535872","Gaia DR3 2894378838731535872","J06421710-2946365",13.8699998855591,0.02,13.862969,0.00218035,13.3800001144409,0.029999999,13.391809,0.001664218,13.272244,0.002766,13.51987,0.002859,12.872347,0.003805,12.4390001296997,0.026000001,12.2419996261597,0.032000002,12.1470003128052,0.027000001,0.039709195,0.0217486349389399,0.058206907,8.08595031159567,7.65822483829628,8.57379178097442,0.7049,0.0106,-30.1947213510916,253.491800905994,-5.99972310334906,0.211849461175919,8784.18,-8705.06472192684,-1176.32540063183,-337.808936677192,6484,106,3.91,0.09,-0.11,0.04,9.7,0.3,1.79,0.07,"free",1.475706,1.391421,1.510058,2.233343,2.151972,2.310682,NA,NA,NA,8.48,NA,NA,0.08,NA,NA,NA,NA,NA,NA,"EW","M22","C_SYEW","DS24","mr_iso",NA,"v1.0",NA
"HATS-41","HATS-41",103.517355840406,-27.05041617,"Gaia DR2 2919151080524391552","Gaia DR3 2919151080524391552","J06540416-2703013",13.1800003051758,0.039999999,13.218954,0.002227684,12.6800003051758,0.029999999,12.699848,0.001879214,12.578687,0.002763,12.838862,0.002831,12.167807,0.003791,11.7650003433228,0.024,11.5209999084473,0.023,11.4980001449585,0.023,0.007266195,0.002155238,0.014874713331124,3.53889684635262,3.46492894145252,3.623851887,1.3984,0.0106,3.3304130679303,193.752011478379,-7.3202127974454,0.12793691704527,8396.62,-8375.73385853853,-591.913663195827,-115.605567152882,6386,45,4.22,0.01,0.22,0.04,20.1,0.5,1.52,0.03,"fixed",1.367911,1.350402,1.385929,1.530338,1.503194,1.558176,NA,NA,NA,NA,NA,NA,NA,NA,NA,NA,NA,NA,NA,"SYNTH","T25",NA,NA,"mr_iso",NA,"v1.0",NA
"HATS-42","HATS-42",108.45239,-33.43733,"Gaia DR2 5603100779728361088","Gaia DR3 5603100779728361088","J07134857-3326143",14.2399997711182,0.01,14.303569,0.002916957,13.6199998855591,0.01,13.699062,0.002107245,13.549922,0.002763,13.859671,0.002866,13.079144,0.003825,12.5430002212524,0.024,12.2810001373291,0.026000001,12.2449998855591,0.028999999,0.0430216884170741,0.0262900815437727,0.0609659647092036,2.03914632325736,1.94751710161782,2.13664290700052,1.2376,0.0117,17.741986495586,219.538509522176,3.8461339797567,0.060512614628973,8363.22,-8331.94678158374,-722.568297494986,-118.502217320491,5974,113,4.28,0.11,0.11,0.04,5.6,0.4,0.96,0.07,"free",1.143836,1.103284,1.173511,1.331001,1.270116,1.388961,NA,NA,NA,8.51,NA,NA,0.08,NA,NA,NA,NA,NA,NA,"EW","M22","C_SYEW","DS24","mr_iso",NA,"v1.0",NA
"HATS-43","HATS-43",80.5382,-30.97084,"Gaia DR2 2905983466705521792","Gaia DR3 2905983466705521792","J05220915-3058150",14.4700002670288,0.050000001,14.517637,0.003967764,13.5900001525879,0.029999999,13.623824,0.0021414,13.385805,0.002792,13.836892,0.003244,12.776933,0.00392,12.0640001296997,0.026000001,11.6459999084473,0.022,11.5559997558594,0.023,0.06543416,0.048899153,0.082808314,0.526367296749128,0.508343421694654,0.545400359214796,2.7578,0.0111,-7.06191528129349,212.63641574145,10.2082653460853,0.0411263084515351,8184.78,-8180.94336566475,-250.5531746696,-164.616034171169,5064,150,4.48,0.12,0.15,0.001,2.9,0.3,1.09,0.15,"fixed",0.836066,0.782367,0.899503,0.923133,0.880276,0.966895,NA,NA,NA,8.61,NA,7.96,0.03,NA,0.12,NA,NA,NA,NA,"EW","M22","C_SYEW;N_SYNTH","DS24","mr_iso",NA,"v1.0",NA
"HATS-45","HATS-45",101.99426,-21.91073,"Gaia DR2 2926039005480063616","Gaia DR3 2926039005480063616","J06475862-2154385",13.8500003814697,0.02,13.838427,0.001696384,13.31000042,0.050000001,13.350547,0.001302273,13.2253,0.002762,13.478575,0.002826,12.818936,0.003795,12.3640003204346,0.024,12.1549997329712,0.024,12.1370000839233,0.021,0.0265616269411792,0.008723458,0.048968756,2.5958524122728,2.4747837051153,2.74938091415904,1.2548,0.0117,-14.7822802022749,228.121608363408,-1.21117424874532,0.0705660842948289,8502.39,-8479.77597972066,-619.755855968682,-119.037882895236,6260,145,4.3,0.11,-0.07,0.07,9.9,0.6,1.33,0.07,"free",1.169878,1.121808,1.208736,1.361264,1.288938,1.436868,NA,NA,NA,8.5,NA,NA,0.08,NA,NA,NA,NA,NA,NA,"EW","M22","C_SYEW","DS24","mr_iso",NA,"v1.0",NA
"HATS-5","HATS-5",67.2228465455543,-21.48205982,"Gaia DR2 4899428146994060800","Gaia DR3 4899428146994060800","J04285348-2128548",13.4390001296997,0.01,13.469855,0.003580361,12.6300001144409,0.029999999,12.635484,0.002436045,12.420038,0.002766,12.838064,0.002853,11.839909,0.003824,11.1990003585815,0.023,10.7720003128052,0.023,10.7030000686646,0.023,0.0540227742340568,0.038646137,0.069594386,0.570536194678233,0.552300998694193,0.589669031391208,4.0482,0.0109,27.6169257879142,214.007249246011,-2.15197551970681,0.0974454333595288,8147.54,-8146.68894550002,-117.877141951105,-134.98476478927,5422,150,4.5,0.05,0.07,0.13,1.6,1.3,1.09,0.15,"free",0.883311,0.826237,0.929074,0.877361,0.846055,0.915476,NA,NA,NA,NA,NA,NA,NA,NA,NA,NA,NA,NA,NA,"EW","T25",NA,NA,"mr_iso",NA,"v1.0",NA
"HATS-52","HATS-52",140.08769,-31.2693,"Gaia DR2 5631530950664938240","Gaia DR3 5631530950664938240","J09202105-3116095",NA,NA,14.438818,0.001966947,NA,NA,13.791145,0.001342795,13.614754,0.002763,13.953106,0.002867,13.103631,0.003893,12.5229997634888,0.034000002,12.2180004119873,0.035,12.1140003204346,0.029999999,0.050163074,0.029296908,0.071069932,0.967267871393776,0.920740792480714,1.01586496503933,1.7832,0.0132,-67.4758683993739,235.234814265794,10.4390448735916,0.2429925842255,8124.87,-8107.17654466563,-535.899310336042,150.69117056331,5734,150,4.45,0.13,-0.09,0.001,4.3,0.5,1.19,0.15,"fixed",0.932649,0.866611,0.994026,0.993317,0.94802,1.045983,NA,NA,NA,8.36,NA,NA,0.12,NA,NA,NA,NA,NA,NA,"EW","M22","C_SYNTH","DS24","mr_iso",NA,"v1.0",NA
"HATS-58A","HATS-58",186.787300703424,-48.97841092,"Gaia DR2 6128363666439822208","Gaia DR3 6128363666439822208","J12270898-4858423",12.0500001907349,0.01,12.205822,0.034159551,11.5500001907349,0.02,11.799509,0.012887757,11.792146,0.00281,11.710487,0.003092,11.029333,0.004035,10.5839996337891,0.024,10.3579998016357,0.026000001,10.2889995574951,0.023,0.048061744,0.029719686,0.067482518,11.3495605121297,9.70081595582722,13.4460752792872,1.3911,0.101800002157688,NA,NA,NA,NA,NA,NA,NA,NA,6420,100,3.82,0.04,-0.11,0.12,4.3,0.6,1.67,0.07,"fixed",1.536757,1.426548,1.644979,2.551648,2.356613,2.769365,NA,NA,NA,NA,NA,NA,NA,NA,NA,NA,NA,NA,NA,"EW","T25",NA,NA,"mr_iso",NA,"v1.0",NA
"HATS-60","HATS-60",341.36402,-14.99176,"Gaia DR2 2596986648798061952","Gaia DR3 2596986648798061952","J22452736-1459303",NA,NA,NA,NA,NA,NA,NA,NA,12.493703,0.002778,12.86483,0.002958,11.961151,0.00382,11.3769998550415,0.023,11.0699996948242,0.022,10.9879999160767,0.023,0.0144391819967547,0.004818153,0.026631627,1.79397157006854,1.74508302027405,1.85154310429038,2.0723,0.016899999,16.724893911184,235.14972885997,-22.1346247297728,0.102416010641073,7837.32,-7834.98087777392,191.263238322629,-386.180649236285,5730,52,4.24,0.06,0.43,0.02,4.2,0.6,1.02,0.06,"free",1.192778,1.180467,1.203357,1.350238,1.31717,1.38405,NA,NA,NA,8.84,9.11,8.27,0.05,0.1,0.12,NA,NA,NA,NA,"EW","M22","C_SYEW;N_SYNTH;O_SYNTH","DS24","mr_iso",NA,"v1.0",NA
"HATS-62","HATS-62",312.449307959948,-24.30350715,"Gaia DR2 6806639397331208320","Gaia DR3 6806639397331208320","J20494783-2418124",NA,NA,14.848013,0.003586086,NA,NA,14.032064,0.002190854,13.820241,0.002763,14.233939,0.002958,13.244131,0.003831,12.5729999542236,0.021,12.1960000991821,0.027000001,12.1090002059937,0.026000001,0.076077591,0.0599316598760776,0.094924342,0.737016311,0.706423979062553,0.771194986992662,1.9169,0.0207,5.69124322999166,209.820331730603,8.33602508139258,0.0557536387941275,7609.79,-7608.22361407733,154.232679059819,-283.07387185398,5730,149,4.5,0.05,0.13,0.14,2.8,1.7,1.13,0.15,"free",0.955259,0.904862,0.996414,0.919243,0.887878,0.954228,NA,NA,NA,NA,NA,NA,NA,NA,NA,NA,NA,NA,NA,"EW","T25",NA,NA,"mr_iso",NA,"v1.0",NA
"HATS-64","HATS-64",144.287608724274,-29.80044412,"Gaia DR2 5632704511826797824","Gaia DR3 5632704511826797824","J09370902-2948015",NA,NA,13.439706,0.001923396,NA,NA,12.947235,0.001473598,12.824767,0.002765,13.082564,0.002856,12.416558,0.003825,11.9680004119873,0.024,11.7799997329712,0.026000001,11.7049999237061,0.021,0.067320097,0.055690314,0.079181058,7.63418824617777,7.29570087004109,7.98370436025844,0.9241,0.0143,2.31632910183692,222.78632134523,-6.83688600988028,0.0217971058081887,8239.37,-8175.70744674085,-1022.27176116652,333.301491777883,6700,72,4.4,0.02,0.17,0.05,13,0.4,1.68,0.05,"fixed",1.596369,1.570001,1.622866,2.039132,1.977126,2.103014,NA,NA,NA,NA,NA,NA,NA,NA,NA,NA,NA,NA,NA,"SYNTH","T25",NA,NA,"mr_iso",NA,"v1.0",NA
"HATS-65","HATS-65",292.9398,-26.7402,"Gaia DR2 6766134630213144704","Gaia DR3 6766134630213144704","J19314555-2644246",NA,NA,NA,NA,NA,NA,NA,NA,12.370637,0.002778,12.665133,0.003063,11.912537,0.003801,11.4049997329712,0.023,11.1450004577637,0.025,11.0950002670288,0.023,0.0404080880550195,0.0192404476102545,0.06315273,2.25495469090463,2.13774907709391,2.39099991474317,2.0186,0.0142,0.606565881370424,226.477217301262,19.2247677003931,0.0300502020426232,7546.91,-7546.24659056904,99.9360941437955,-146.974664315025,6264,104,4.3,0.08,-0.04,0.04,6.7,0.4,1.11,0.06,"free",1.159265,1.129964,1.187813,1.265263,1.212726,1.322941,NA,NA,NA,8.5,8.67,NA,0.08,0.12,NA,NA,NA,NA,NA,"EW","M22","C_SYEW;O_SYNTH","DS24","mr_iso",NA,"v1.0",NA
"HATS-68","HATS-68",15.00589,-58.90476,"Gaia DR2 4904279261014267648","Gaia DR3 4904279261014267648","J01000141-5854172",12.798999786377,0.01,12.842974,0.00267626,12.2760000228882,0.02,12.28773,0.002341207,12.155086,0.002768,12.433619,0.002923,11.718468,0.003805,11.25,0.026000001,10.9849996566772,0.024,10.9490003585815,0.018999999,0.0214881565828939,0.008041887,0.04049236,3.9094909722702,3.77004130442158,4.10041170206278,1.6531,0.0114,-49.7429556824901,205.282321834346,-11.7621942098137,0.177146042604336,7842.93,-7838.15086759325,-273.818905871731,-489.571407245385,6130,131,4.09,0.1,0.1,0.05,7.1,0.3,1.19,0.08,"free",1.325247,1.261273,1.353879,1.751258,1.665228,1.825162,NA,NA,NA,8.55,NA,NA,0.08,NA,NA,NA,NA,NA,NA,"EW","M22","C_SYEW","DS24","mr_iso",NA,"v1.0",NA
"HATS-70","HATS-70",109.1045333,-31.2444051,"Gaia DR2 5605119586158973440","Gaia DR3 5605119586158973440","07162509-3114397",12.0699996948242,0.119999997317791,12.834541,0.002084318,12.2299995422363,0.189999997615814,12.611016,0.002022536,12.573766,0.002763,12.677601,0.002821,12.389895,0.003809,12.1389999389648,0.0230000000447035,12.1059999465942,0.0240000002086163,12.039999961853,0.0260000005364418,0.058521449,0.0413592580685399,0.073172389,14.9232599891853,13.9941316268765,15.9343537556557,0.7504,0.0132999997586012,NA,NA,NA,NA,NA,NA,NA,NA,8190.854771,181.0923498,4.154123268,0.062695,0.457,0.29,42.047,2.067580228,2.916333333,1.764247526,"free",1.947104,1.883956,2.00599,1.943576,1.868672,2.021422,NA,NA,NA,NA,NA,NA,NA,NA,NA,NA,NA,NA,NA,"SYNTH","R26",NA,NA,"mr_iso",NA,"v1.0",NA
"HATS-9","HATS-9",290.81013,-20.16635,"Gaia DR2 4083159643769233408","Gaia DR3 4083159643769233408","J19231442-2009587",14.0799999237061,0.01,14.088329,0.004069928,13.2760000228882,0.01,13.286338,0.002500748,13.087204,0.002765,13.487514,0.002874,12.524283,0.003839,11.8850002288818,0.022,11.5579996109009,0.027000001,11.4790000915527,0.022,0.071348769,0.0535074562189763,0.090035158,2.33342598180892,2.23204400191204,2.44038265762653,1.4851,0.0134,-3.80616827037727,217.52383847011,-23.0564746194555,0.0192295442421037,7387.19,-7384.46801258354,200.382126299616,-160.588656632651,5656,116,4.12,0.09,0.46,0.03,4,0.4,1.01,0.08,"free",1.249867,1.172749,1.27028,1.595262,1.531633,1.645242,NA,NA,NA,8.87,NA,8.56,0.05,NA,0.12,NA,NA,NA,NA,"EW","M22","C_SYEW;N_SYNTH","DS24","mr_iso",NA,"v1.0",NA
"HD-2685","HD   2685",7.328968993,-76.30406156,"Gaia DR2 4684205720883329920","Gaia DR3 4684205720883329920","00291894-7618146",10.0500001907349,0.0299999993294477,10.013761,0.004213337,9.590000153,0.0199999995529652,9.634165,0.002488136,9.52656,0.002761,9.732459,0.002871,9.171114,0.003803,8.82499980926514,0.0260000005364418,8.65100002288818,0.0509999990463257,8.59500026702881,0.018999999,0.02169523,0.007789639,0.03838909,4.81163138441096,4.63986015957795,5.032994988,5.0667,0.010499999858439,12.8474166419254,235.742281526908,0.866987135429643,0.0900166079544574,7916.29,-7915.33603038396,-122.988206577183,-104.098584139444,6844.062235,68.88682312,4.214044807,0.055531,0.04975,0.15,16.14775,0.442315404,1.823,0.133583931,"free",1.414677,1.382363,1.448236,1.547866,1.493776,1.604146,NA,NA,NA,NA,NA,NA,NA,NA,NA,NA,NA,NA,NA,"SYNTH","R26",NA,NA,"mr_iso",NA,"v1.0",NA
"HD106315","HD106315",183.47247383427,-0.393433989,"Gaia DR2 3698307419878650240","Gaia DR3 3698307419878650240","J12135339-0023365",9.40200042724609,0.022,9.437674,0.006291151,8.95100021362305,0.017999999,9.014343,0.003404468,8.895371,0.002764,9.120915,0.002818,8.510141,0.003787,8.11600017547607,0.026000001,7.96199989318848,0.039999999,7.85300016403198,0.02,0.001701385,0.000430197,0.004687746,2.48768701964167,2.46993495141882,2.510018704,9.1725,0.0221,6.70134162875635,237.76866638132,7.12406770147589,0.0934104025707938,7987.73,-7987.56189088186,-51.3906689780453,120.347006939599,6435,36,4.29,0.01,-0.21,0.02,13.6,0.3,1.53,0.03,"fixed",1.137319,1.126055,1.147992,1.264437,1.249493,1.279743,NA,NA,NA,NA,NA,NA,NA,NA,NA,NA,NA,NA,NA,"SYNTH","T25",NA,NA,"mr_iso",NA,"v1.0",NA
"HD108236","HD108236",186.574046939741,-51.36305883,"Gaia DR2 6125644402384918784","Gaia DR3 6125644402384918784","J12261789-5121462",9.89000034332275,0.02,9.879437,0.002612506,9.23999977111816,0.01,9.261594,0.00163392,9.095598,0.002759,9.419472,0.002816,8.597879,0.003786,8.04599952697754,0.024,7.70300006866455,0.028999999,7.637000084,0.030999999,0.0132016801052894,0.004020795,0.0254825579115479,0.763075588834358,0.746756571,0.785214299960461,15.4861,0.0127,3.21957050407463,205.081259452242,-6.37625709509681,0.0760193226300422,7969.48,-7969.28713675866,-55.4155235800906,37.5720749802279,5664,106,4.46,0.04,-0.33,0.1,2.1,0.2,0.69,0.08,"fixed",0.826317,0.777475,0.877018,0.900485,0.867825,0.935486,NA,NA,NA,NA,NA,NA,NA,NA,NA,NA,NA,NA,NA,"EW","T25",NA,NA,"mr_iso",NA,"v1.0",NA
"HD110113","HD110113",190.036562781675,-44.31207959,"Gaia DR2 6133384959942131968","Gaia DR3 6133384959942131968","J12400877-4418432",10.7600002288818,0.039999999,10.754159,0.003377485,10.0500001907349,0.029999999,10.081098,0.002210567,9.914842,0.002764,10.255231,0.002821,9.406775,0.003786,8.90299987792969,0.037,8.5939998626709,0.063000001,8.5019998550415,0.024,0.016906656,0.006004743,0.0301800574581488,0.942691626463447,0.919549159,0.971878947830166,9.4499,0.015799999,19.3819520331052,215.322189566082,6.14489702434009,0.0696432359771552,7948.94,-7948.4718877268,-86.1909547632414,58.4396053916267,5694,77,4.45,0.03,0.1,0.1,2.8,0.2,0.7,0.19,"fixed",0.999642,0.951981,1.042302,0.99699,0.971328,1.02526,NA,NA,NA,NA,NA,NA,NA,NA,NA,NA,NA,NA,NA,"EW","T25",NA,NA,"mr_iso",NA,"v1.0",NA
"HD136352","HD136352",230.439775682149,-48.3188557,"Gaia DR2 5902750168276592256","Gaia DR3 5902750168276592256","J15214824-4819032",6.30000019073486,NA,NA,NA,5.65000009536743,NA,NA,NA,5.48217,0.002807,5.811649,0.002892,4.9749,0.005817,4.30800008773804,0.225999996066093,3.89800000190735,0.192000002,4.15899991989136,0.035999998,0.0158905804001616,0.004197933,0.03441834,1.10513258592531,1.07430992495794,1.15471998712179,67.8467,0.0601,-108.318160343557,184.010262766013,44.3693610806959,0.38365149969138,7987.69,-7987.68647830792,-7.94590409113477,26.8551746262679,5604,121,4.26,0.04,-0.4,0.1,0.4,0.3,0.67,0.09,"fixed",0.789268,0.746989,0.83592,1.095528,1.046945,1.147482,NA,NA,NA,NA,NA,NA,NA,NA,NA,NA,NA,NA,NA,"EW","T25",NA,NA,"mr_iso",NA,"v1.0",NA
"HD1397","HD1397",4.44718565468273,-66.35892922,"Gaia DR2 4707634458245031552","Gaia DR3 4707634458245031552","J00174714-6621323",8.56000042,0.02,8.532104,0.00411892,7.78000021,0.01,7.795932,0.00191887,7.605658,0.002762,7.984489,0.002912,7.055598,0.003859,6.44199991226196,0.02,6.09000015258789,0.048999999,5.987999916,0.017999999,0.033965842,0.017963955796324,0.049334719,4.8353911007496,4.67359724345809,4.99980512386606,12.4934,0.017000001,2.41062368342054,203.666278959541,-18.322108754385,0.0804514319345317,7968.71,-7968.60673579033,-40.0673415952606,-36.7919993557573,5488,78,3.78,0.03,0.07,0.1,2.1,0.7,1.1,0.03,"fixed",1.283111,1.23982,1.324472,2.411124,2.331775,2.493357,NA,NA,NA,NA,NA,NA,NA,NA,NA,NA,NA,NA,NA,"EW","T25",NA,NA,"mr_iso",NA,"v1.0",NA
"HD149026","HD149026",247.62341,38.34731,"Gaia DR2 1331356474971716992","Gaia DR3 1331356474971716992","J16302962+3820503",8.75,0.02,8.715349,0.004460462,8.14000034332275,0.01,8.161059,0.001857506,8.026566,0.002765,8.306528,0.002836,7.580326,0.003807,7.11800003051758,0.024,6.899000168,0.017999999,6.81899976730347,0.017000001,0.0310005968811182,0.015703122,0.0479358814701926,2.82876072311131,2.72555415536546,2.949226131,13.1203,0.0162,-20.0857562651137,211.664447350299,16.2728587663126,0.0782545264454944,7973.3,-7973.15015551931,48.666418561393,77.1718346712181,6128,96,4.24,0.06,0.26,0.04,6.6,0.3,1.36,0.05,"free",1.30031,1.278921,1.321633,1.481197,1.427808,1.536774,NA,NA,NA,8.74,8.88,8.17,0.06,0.11,0.12,NA,NA,NA,NA,"EW","M22","C_SYEW;N_SYNTH;O_SYNTH","DS24","mr_iso",NA,"v1.0",NA
"HD152843","HD152843",253.784887505339,20.4915301842403,"Gaia DR2 4564566554995619072","Gaia DR3 4564566554995619072","J16550834+2029287",9.38000011444092,0.02,9.372668,0.003270953,8.85000038146973,0.01,8.901028,0.001633502,8.77275,0.002762,9.026801,0.002797,8.351724,0.003784,7.89599990844727,0.017999999,7.65500021,0.016000001,7.62900018692017,0.02,0.008197011,0.002069053,0.0189897351411718,2.90137271658221,2.85494476263533,2.98379137570388,9.1607,0.0152,1.55586000334804,256.015176231167,13.3564741697072,0.181491737073301,7931.14,-7930.93067898184,58.1130992894935,86.433981819865,6120,97,4.11,0.04,-0.28,0.1,7.5,0.2,1.19,0.08,"fixed",1.058696,1.011104,1.122102,1.498781,1.450731,1.549449,NA,NA,NA,NA,NA,NA,NA,NA,NA,NA,NA,NA,NA,"EW","T25",NA,NA,"mr_iso",NA,"v1.0",NA
"HD158259","HD158259",261.349563924474,52.7904651834781,"Gaia DR2 1416050859226670848","Gaia DR3 1416050859226670848","J17252406+5247263",7.07000017166138,0.01,NA,NA,6.46999979,0.01,NA,NA,6.320388,0.002766,6.622764,0.002952,5.844124,0.003845,5.26900005340576,0.028999999,5.02600002288818,0.026000001,4.96500015258789,0.023,0.0148476684181246,0.004163697,0.031690345,1.69868670666069,1.65690699873113,1.76807483535773,37.0177,0.0199,18.4446087425568,235.730169755211,24.2716644463284,0.105702466531076,7996.11,-7996.08203345348,22.041302443532,40.1293393564234,5808,138,4.24,0.05,0,0.12,1.6,0.4,0.55,0.15,"free",1.031527,0.969353,1.097017,1.269938,1.210881,1.332247,NA,NA,NA,NA,NA,NA,NA,NA,NA,NA,NA,NA,NA,"EW","T25",NA,NA,"mr_iso",NA,"v1.0",NA
"HD17156","HD17156",42.43536,71.75323,"Gaia DR2 545560867790611072","Gaia DR3 545560867790611072","J02494447+7145115",8.77999973297119,0.02,8.749954,0.004203588,8.159999847,0.01,8.183463,0.001497009,8.043712,0.002765,8.333246,0.002801,7.587731,0.003795,7.07999992370605,0.017999999,6.856999874,0.027000001,6.76300001144409,0.024,0.0491268378513479,0.032473825,0.067064341,3.00468517126657,2.88660592735258,3.14016625606567,12.9142,0.0177,-12.4067939260779,205.684188123634,10.7073528897167,0.0817259556501951,8050.97,-8050.76716286257,56.4977522365487,39.9255580107746,5950,115,3.97,0.13,0.22,0.03,4.6,0.3,1.13,0.1,"free",1.281833,1.249277,1.303283,1.62795,1.553617,1.696371,NA,NA,NA,8.63,8.87,8.02,0.06,0.1,0.12,NA,NA,NA,NA,"EW","M22","C_SYEW;N_SYNTH;O_SYNTH","DS24","mr_iso",NA,"v1.0",NA
"HD183579","HD183579",293.286640651118,-54.53273992,"Gaia DR2 6641996571978861440","Gaia DR3 6641996571978861440","J19330857-5431564",9.32999992370606,0.02,9.301297,0.002930607,8.68000030517578,0.01,8.68401,0.001594701,8.526487,0.00276,8.843421,0.002808,8.036696,0.003796,7.518000126,0.023,7.23099994659424,0.046999998,7.15000009536743,0.027000001,0.042653234,0.022700895,0.063181979,1.04356206797728,0.99823425465527,1.09516960700234,17.609,0.0162,-21.6197048909377,223.766064552978,-13.8930491091416,0.0759587865448391,7951.96,-7951.94393063411,-14.6490390544872,-1.54783093022404,5874,136,4.43,0.05,-0.08,0.1,2.3,0.2,1.15,0.15,"free",0.97369,0.918431,1.019851,0.991468,0.953957,1.036516,NA,NA,NA,NA,NA,NA,NA,NA,NA,NA,NA,NA,NA,"EW","T25",NA,NA,"mr_iso",NA,"v1.0",NA
"HD189733","HD189733",300.182121806241,22.7097411051683,"Gaia DR2 1827242816201846144","Gaia DR3 1827242816201846144","J20004370+2242391",8.578000069,NA,8.568216,0.002778482,7.64799976348877,NA,7.691668,0.001645062,7.428371,0.00277,7.893073,0.002977,6.797157,0.003901,6.07299995422363,0.032000002,5.58699989318848,0.030999999,5.54099988937378,0.021,0.081119332,0.064380582,0.097555029,0.398907723,0.386101820948122,0.412683684829778,50.5668,0.0162,27.047539136781,219.534360822941,-4.64290269615093,0.0915006762156774,7990.41,-7990.38874779819,17.2494459848033,23.6171975142373,5003,92,4.46,0.04,0,0.1,4.1,0.3,0.9,0.15,"free",0.777238,0.735411,0.824921,0.831269,0.803112,0.859761,NA,NA,NA,NA,NA,NA,NA,NA,NA,NA,NA,NA,NA,"EW","T25",NA,NA,"mr_iso",NA,"v1.0",NA
"HD191939","HD191939",302.025677752769,66.85029246,"Gaia DR2 2248126315275354496","Gaia DR3 2248126315275354496","J20080574+6651019",NA,NA,9.685396,0.003294622,NA,NA,8.9793,0.002112678,8.782845,0.002761,9.153628,0.002812,8.239452,0.00379,7.59700012207031,0.028999999,7.21500015258789,0.023,7.17999982833862,0.021,0.048849801,0.0292650825291807,0.072553679,0.76230088753308,0.730468954221362,0.803137400643417,18.6967,0.0133,6.78093308844187,235.324874152085,-34.8252018294605,0.0912917462116227,8008.9,-8008.74563621266,50.1751667601763,41.3084068467341,5614,146,4.44,0.05,-0.21,0.11,0,0,1.1,0.15,"free",0.854168,0.795028,0.911525,0.916877,0.874625,0.965893,NA,NA,NA,NA,NA,NA,NA,NA,NA,NA,NA,NA,NA,"EW","T25",NA,NA,"mr_iso",NA,"v1.0",NA
"HD202772A","HD202772",319.699591259512,-26.61638235,"Gaia DR2 6790773586275235200","Gaia DR3 6790773586275235200","J21184786-2636578",10.7200002670288,0.990000009536743,8.794455,0.03286192,10.210000038147,0.990000009536743,8.352966,0.004223133,8.243867,0.002806,8.378762,0.011386,7.733101,0.010786,7.231999874,0.026000001,7.0479998588562,0.021,6.95900011062622,0.024,0.074799367,0.055737652,0.092787718,12.6318128847175,12.021489960751,13.2389130636908,6.1367,0.0449,NA,NA,NA,NA,NA,NA,NA,NA,6414,84,3.78,0.03,0.19,0.1,6.5,0.2,1.77,0.05,"fixed",1.776251,1.708246,1.828048,2.857563,2.764461,2.951521,NA,NA,NA,NA,NA,NA,NA,NA,NA,NA,NA,NA,NA,"EW","T25",NA,NA,"mr_iso",NA,"v1.0",NA
"HD209458","HD209458",330.79489,18.88432,"Gaia DR2 1779546757669063552","Gaia DR3 1779546757669063552","J22031077+1853036",8.21000003814697,0.02,8.184273,0.007714848,7.63000011444092,0.01,7.660956,0.002850562,7.521246,0.002776,7.793284,0.002848,7.080288,0.003844,6.59100008010864,0.02,6.36600017547607,0.037999999,6.30800008773804,0.026000001,0.0318738411290323,0.0154760432258065,0.0149843406407345,1.80392684,1.73190354,1.88871742,20.7694,0.0266,5.14535990721313,216.564681436975,7.62650988412046,0.0243585263115847,7990.45,-7990.33946043777,41.1767684465837,1.97589152701872,6084,99,4.33,0.05,-0.01,0.09,4.17,0.05,1.25,0.1,"fixed",1.099613,1.052603,1.145495,1.202529,1.15795,1.249363,NA,NA,NA,8.43,8.59,NA,0.08,0.17,NA,NA,NA,NA,NA,"SYNTH","M22","C_SYEW;O_SYNTH","DS24","mr_iso",NA,"v1.0",NA
"HD219666","HD219666",349.559346380052,-56.9039886,"Gaia DR2 6492940453524576128","Gaia DR3 6492940453524576128","J23181364-5654139",10.6000003814697,0.029999999,10.546593,0.002562781,9.81000042,0.02,9.838596,0.00170732,9.655397,0.002757,10.017157,0.002803,9.124781,0.003784,8.55700016021729,0.02,8.25399971008301,0.041999999,8.15799999237061,0.033,0.06134084,0.042339492,0.080360901,1.05365597344322,1.00975927493025,1.09926411243596,10.6224,0.0121,-118.344335600822,181.856854458387,-21.2250993662593,0.418098636741774,7956.74,-7956.6840343238,-29.7891372991621,-53.1160243671114,5674,135,4.38,0.05,0.02,0.11,0.9,0.1,1.11,0.15,"free",0.964882,0.905184,1.024076,1.053823,1.006469,1.106371,NA,NA,NA,NA,NA,NA,NA,NA,NA,NA,NA,NA,NA,"EW","T25",NA,NA,"mr_iso",NA,"v1.0",NA
"HD221416","HD221416",353.033171813359,-21.80119368,"Gaia DR2 2388463203438164096","Gaia DR3 2388463203438164096","J23320808-2148050",9.02999973297119,0.02,NA,NA,8.14999961853027,0.01,NA,NA,7.920535,0.002768,8.36562,0.002895,7.305768,0.00381,6.56799983978271,0.02,6.149000168,0.046,6.04300022125244,0.023,0.0165916904993885,0.005353465,0.0305846673384345,5.20224418666855,5.08076750641564,5.35636238944364,10.479,0.032400001,45.0835680323302,275.354450676242,-0.842388702075667,0.315233092052567,7978.56,-7978.5348829533,21.7635884410506,-65.4099794680193,5054,57,3.51,0.07,-0.14,0.1,0,0,0.81,0.04,"fixed",1.041781,0.865807,1.192733,2.985892,2.910052,3.062743,NA,NA,NA,NA,NA,NA,NA,NA,NA,NA,NA,NA,NA,"EW","T25",NA,NA,"mr_iso",NA,"v1.0",NA
"HD3167","HD3167",8.73968,4.38147,"Gaia DR2 2554032474712538880","Gaia DR3 2554032474712538880","J00345752+0422531",NA,NA,9.772517,0.004265647,NA,NA,8.988976,0.00277633,8.772422,0.00276,9.178295,0.002823,8.196435,0.003799,7.5479998588562,0.032000002,7.20300006866455,0.037999999,7.06599998474121,0.02,0.064079693,0.045683897,0.08249226,0.619681539,0.596556646149333,0.644679084933227,21.1363,0.0187,4.21974116565133,201.362656084241,-31.0764964644283,0.086764607111415,8010.69,-8010.65460900392,22.5498993094166,-15.1941966278625,5212,150,4.47,0.11,-0.01,0.001,2.1,0.3,1.09,0.15,"fixed",0.824005,0.768031,0.889791,0.945882,0.898001,0.994474,NA,NA,NA,8.44,8.68,7.78,0.04,0.13,0.12,NA,NA,NA,NA,"EW","M22","C_SYEW;N_SYNTH;O_SYNTH","DS24","mr_iso",NA,"v1.0",NA
"HD332231","HD332231",306.7411279,33.7443861005707,"Gaia DR2 2056007995732413312","Gaia DR3 2056007995732413312","J20265791+3344401",9.10999965667725,0.02,9.079258,0.003425034,8.56000042,0.01,8.563128,0.001479633,8.428037,0.002761,8.697719,0.00281,7.992075,0.003788,7.50899982452393,0.027000001,7.30000019073486,0.028999999,7.24200010299683,0.02,0.019430456,0.006789925,0.03461575,2.18130309787598,2.1172526681694,2.26562889688489,12.4074,0.0142,16.7717502149683,206.541007442103,16.5019082217788,0.0867370638659186,7977.3,-7976.92642172144,77.141481223169,21.1954562201346,6174,88,4.28,0.03,0,0.1,5.2,0.1,1.29,0.06,"fixed",1.150139,1.099977,1.195665,1.284508,1.242538,1.328442,NA,NA,NA,NA,NA,NA,NA,NA,NA,NA,NA,NA,NA,"EW","T25",NA,NA,"mr_iso",NA,"v1.0",NA
"HD39091","HD39091",84.2995405431647,-80.46445832,"Gaia DR2 4623036865373793408","Gaia DR3 4623036865373793408","J05370988-8028090",6.25,NA,6.230049,0.007431224,5.67000007629395,NA,5.66583,0.002840084,5.51158,0.00284,5.811517,0.002961,5.050813,0.004487,4.868999958,0.272000014781952,4.42399978637695,0.225999996066093,4.24100017547607,0.027000001,0.0221533759357663,0.008518099,0.038302284,1.62224604219869,1.56976186938239,1.68765501209433,54.6825,0.035399999,-71.9393185616734,185.169613359214,6.39567907865247,0.28958233280333,7993.93,-7993.91300887583,-14.6638512263135,15.8993179735982,5992,92,4.34,0.03,0.11,0.06,3.1,0.3,1.03,0.03,"fixed",1.115595,1.078072,1.151819,1.177462,1.138203,1.219133,NA,NA,NA,NA,NA,NA,NA,NA,NA,NA,NA,NA,NA,"EW","T25",NA,NA,"mr_iso",NA,"v1.0",NA
"HD63935","HD63935",117.924630617115,9.38521507724003,"Gaia DR2 3145754895088191744","Gaia DR3 3145754895088191744","J07514199+0923097",NA,NA,9.29143,0.0040771,NA,NA,8.588038,0.002104054,8.403595,0.002761,8.761933,0.002809,7.87394,0.003789,7.30399990081787,0.024,6.96400022506714,0.050999999,6.881000042,0.021,0.052265555,0.032075791,0.074194015,0.8857713683185,0.847167193,0.930761649219502,20.47,0.018999999,34.7350260306663,209.829906326911,-32.631377846565,0.123958719171557,8039.76,-8039.72669953596,-24.1457040261774,39.9061361159102,5730,144,4.45,0.05,0.04,0.11,1.8,0.3,1.12,0.15,"free",0.968811,0.913024,1.013754,0.969576,0.934011,1.013248,NA,NA,NA,NA,NA,NA,NA,NA,NA,NA,NA,NA,NA,"EW","T25",NA,NA,"mr_iso",NA,"v1.0",NA
"HD80606","HD80606",140.65657,50.60373,"Gaia DR2 1019003226022657920","Gaia DR3 1019003226022657920","J09223756+5036134",9.77999973297119,0.029999999,9.749855,0.003237741,9,0.02,9.008196,0.002209913,8.828991,0.00276,9.196297,0.002811,8.295464,0.003789,7.7020001411438,0.029999999,7.40000009536743,0.034000002,7.31599998474121,0.02,0.044187955,0.0253937395267299,0.062913072,1.05623404828243,1.01369642865486,1.10191200761671,15.1439,0.017000001,21.2410020239908,236.561978310883,21.7693570522399,0.115054125468008,8045.94,-8045.93434905716,10.2838305520365,71.2716817215669,5464,137,4.39,0.16,0.4,0.02,2.9,0.4,0.82,0.15,"fixed",1.049991,1.00768,1.095065,1.127692,1.078732,1.182702,NA,NA,NA,8.8,NA,8.28,0.04,NA,0.12,NA,NA,NA,NA,"EW","M22","C_SYEW;N_SYNTH","DS24","mr_iso",NA,"v1.0",NA
"HD89345","HD89345",154.671098515281,10.1288405570549,"Gaia DR2 3877070590167177344","Gaia DR3 3877070590167177344","J10184106+1007445",10.1499996185303,0.039999999,10.142618,0.00509464,9.38000011444092,0.029999999,9.398645,0.003261238,9.223219,0.002762,9.586414,0.002836,8.695696,0.003803,8.09099960327148,0.02,7.76599979400635,0.039999999,7.721000195,0.017999999,0.009072547,0.00251268,0.020546645,2.714990418314,2.67419049393024,2.78273843883083,7.6125,0.0174,23.8477955818459,209.327672346338,2.48313300102779,0.0958746503652574,8052.99,-8052.72993225234,-65.1064826278955,126.157689931592,5540,75,4.01,0.03,0.47,0.11,3.2,0.1,0.7,0.09,"fixed",1.183102,1.161584,1.273027,1.765189,1.710567,1.821116,NA,NA,NA,NA,NA,NA,NA,NA,NA,NA,NA,NA,NA,"SYNTH","T25",NA,NA,"mr_iso",NA,"v1.0",NA
"HD97658","HD97658",168.63817,25.71039,"Gaia DR2 3997075206232885888","Gaia DR3 3997075206232885888","J11143316+2542374",8.56900024414062,NA,NA,NA,7.71400022506714,NA,NA,NA,7.526765,0.002767,7.950393,0.003002,6.934046,0.003945,6.20300006866455,0.023,5.82100009918213,0.017000001,5.73400020599365,0.017999999,0.011084721154671,0.002921044,0.027068439,0.37022767014659,0.364522331133657,0.382364425177026,46.3763,0.0221,0.216257477967021,233.459351141715,1.87240273003057,0.0682325050958258,8006.72,-8006.7220737017,-4.1264185221262,45.0551965909438,5036,129,4.55,0.15,-0.23,0.02,1.7,0.5,0.58,0.15,"fixed",0.72247,0.690785,0.761447,0.781182,0.750482,0.806939,NA,NA,NA,8.19,8.51,7.47,0.04,0.12,0.12,NA,NA,NA,NA,"EW","M22","C_SYEW;N_SYNTH;O_SYNTH","DS24","mr_iso",NA,"v1.0",NA
"HIP116454","HIP116454",353.95431930856,0.444678211486762,"Gaia DR2 2645940376800212096","Gaia DR3 2645940376800212096","J23354927+0026436",11.1000003814697,NA,NA,NA,NA,NA,NA,NA,9.936927,0.002761,10.393432,0.002819,9.316779,0.003784,8.60400009155273,0.021,8.14000034332275,0.033,8.0290002822876,0.021,0.034420725,0.0119475235768618,0.062341191,0.361348096805534,0.345410667873164,0.382567326562536,15.9696,0.0244,98.402649577183,216.103122993421,3.82343839480421,0.326954609445224,7998.09,-7998.01684166473,34.0643344410987,-27.5069413980576,5244,122,4.57,0.04,-0.17,0.12,0,0,1.09,0.15,"free",0.766759,0.72347,0.801129,0.750063,0.725319,0.778924,NA,NA,NA,NA,NA,NA,NA,NA,NA,NA,NA,NA,NA,"EW","T25",NA,NA,"mr_iso",NA,"v1.0",NA
"HIP41378","HIP41378",126.6158212,10.08037088,"Gaia DR2 600698184764497664","Gaia DR3 600698184764497664","J08262784+1004493",9.42000007629394,0.02,9.403074,0.004199853,8.92000007629395,0.02,8.939657,0.002384547,8.818542,0.002768,9.06101,0.002864,8.413091,0.003796,7.981999874,0.026000001,7.78599977493286,0.037999999,7.72200012207031,0.030999999,0.015818885,0.004606599,0.0328439112037843,2.60437131639087,2.53204205969781,2.71885059882699,9.436,0.0208,NA,NA,NA,NA,NA,NA,NA,NA,6202,122,4.26,0.09,-0.11,0.05,5.8,0.2,1.25,0.1,"free",1.143075,1.096271,1.173919,1.395346,1.334582,1.449983,NA,NA,NA,8.43,NA,7.59,0.07,NA,0.12,NA,NA,NA,NA,"EW","M22","C_SYEW;N_SYNTH","DS24","mr_iso",NA,"v1.0",NA
"HIP67522","HIP67522",207.525995618908,-40.83589918,"Gaia DR2 6113920619134019456","Gaia DR3 6113920619134019456","J13500627-4050090",10.4499998092651,0.039999999,NA,NA,9.80000019073486,0.029999999,NA,NA,9.615366,0.003898,9.959593,0.007559,9.119884,0.006276,8.58699989318848,0.021,8.28699970245361,0.041999999,8.16399955749512,0.026000001,0.0116591322755338,0.003174503,0.0260198931027522,1.70179934214629,1.66830928139547,1.75910069298958,8.017,0.018200001,4.64447915852192,210.670310479978,2.09569835474257,0.0504126585966181,7918.11,-7917.6739408985,-82.8771334537773,68.8049582454857,5713,81,4.22,0.03,-0.13,0.06,52.6,2,1.05,0.06,"fixed",0.941819,0.909758,0.975098,1.319848,1.279688,1.361226,NA,NA,NA,NA,NA,NA,NA,NA,NA,NA,NA,NA,NA,"SYNTH","T25",NA,NA,"mr_iso",NA,"v1.0",NA
"HR858","HR858",42.9849978894253,-30.81404622,"Gaia DR2 5064574720469473792","Gaia DR3 5064574724769475968","J02515623-3048524",6.86199998855591,0.015,6.845354,0.005481735,6.38199996948242,0.01,6.388776,0.001734922,6.264977,0.002764,6.509952,0.002849,5.855489,0.003824,5.47300004959106,0.027000001,5.22499990463257,0.034000002,5.149000168,0.02,0.002889076,0.000679124,0.007319194,2.38813996401398,2.37088012800162,2.41629907142172,31.5418,0.0352,-14.7781683335646,227.399383523388,6.83758296238116,0.0630655342302177,8009.51,-8009.49980641605,-10.5474433885042,-3.33557033212684,6220,54,4.24,0.02,-0.194,0.04,8,0.3,1.4,0.04,"fixed",1.091538,1.065349,1.115867,1.326249,1.303563,1.349051,NA,NA,NA,NA,NA,NA,NA,NA,NA,NA,NA,NA,NA,"SYNTH","T25",NA,NA,"mr_iso",NA,"v1.0",NA
"K2-100","K2-100",129.60125,20.10606,"Gaia DR2 664337230586013312","Gaia DR3 664337230586013312","J08382429+2006217",11.085000038147,NA,11.126052,0.004456907,10.5209999084473,NA,10.55373,0.003197758,10.410198,0.002793,10.698692,0.003064,9.959279,0.003926,9.46300029754639,0.026000001,9.24199962615967,0.029999999,9.18200016021728,0.017999999,0.080202798,0.059224163,0.100983384847583,2.03355397396263,1.9261887361056,2.14177223281436,5.4723,0.0244,-31.7040255590706,212.22020644784,-2.0254564888923,0.113159796441508,8139.8,-8139.53265220176,-65.9400210656347,122.801722072322,6365,113,4.44,0.1,0.38,0.05,14,0.2,2.15,0.06,"free",1.294503,1.271574,1.316256,1.252881,1.227482,1.282686,NA,NA,NA,8.72,NA,NA,0.07,NA,NA,NA,NA,NA,NA,"EW","M22","C_SYEW","DS24","mr_iso",NA,"v1.0",NA
"K2-105","K2-105",125.420299525687,13.4975115934687,"Gaia DR2 651907079835937280","Gaia DR3 651907079835937280","J08214087+1329512",12.6800003051758,0.330000013113022,12.706285,0.005663119,11.75,0.200000002980232,11.90226,0.003158444,11.70559,0.002766,12.099171,0.00286,11.147103,0.00382,10.5410003662109,0.02,10.1730003356934,0.025,10.0909996032715,0.018999999,0.025491452,0.0103714921502033,0.0416424791443659,0.668034101096644,0.647195267308959,0.691658532390559,5.0105,0.0154,41.2634263094628,242.248669600068,-3.43779947342356,0.182708704341472,8154.7,-8154.18754783897,-91.1290141878509,112.988769811493,5442,121,4.47,0.04,0.09,0.11,3.1,0.8,1.09,0.15,"free",0.913737,0.85854,0.961815,0.923533,0.89179,0.961802,NA,NA,NA,NA,NA,NA,NA,NA,NA,NA,NA,NA,NA,"EW","T25",NA,NA,"mr_iso",NA,"v1.0",NA
"K2-107","K2-107",284.98538,-22.2934,"Gaia DR2 4081684580199958528","Gaia DR3 4081684580199958528","J18595649-2217363",13.6400003433228,0.01,13.651933,0.003503681,12.9200000762939,0.01,12.950784,0.00267691,12.758574,0.002766,13.13095,0.002889,12.217773,0.003814,11.5640001296997,0.021,11.2569999694824,0.025,11.210000038147,0.021,0.14068674652737,0.1226830805812,0.160299862669773,3.74043887821083,3.5646241545545,3.93381959120847,1.4863,0.0138,8.55420660369576,209.450887681345,21.273134306853,0.0630173890742964,7362.17,-7360.51317947452,156.375734494478,-113.926940420846,5970,118,4.06,0.09,0.09,0.04,4.5,0.3,1.09,0.09,"free",1.276449,1.191788,1.319343,1.779339,1.713779,1.852067,NA,NA,NA,8.57,NA,7.97,0.06,NA,0.12,NA,NA,NA,NA,"EW","M22","C_SYEW;N_SYNTH","DS24","mr_iso",NA,"v1.0",NA
"K2-110","K2-110",207.34974666296,-12.28493237,"Gaia DR2 3613175223837135616","Gaia DR3 3613175223837135616","J13492388-1217042",12.8299999237061,0.050000001,12.894348,0.005040591,11.9099998474121,0.07,11.954733,0.002225864,11.656601,0.002772,12.163625,0.002849,10.990381,0.003807,10.1840000152588,0.022,9.64099979400635,0.023,9.60700035095215,0.024,0.071075013,0.060366424,0.081632468,0.287758822132356,0.281746331369814,0.293940423,8.5816,0.014,39.0921459080258,217.872284385965,-50.0899647338672,0.132399550669679,7936.58,-7936.45514711962,-45.2224944454886,111.60663499618,4966,36,4.55,0.02,-0.241,0.04,0,0,0.42,0.03,"fixed",0.707396,0.684995,0.728414,0.722435,0.709779,0.735292,NA,NA,NA,NA,NA,NA,NA,NA,NA,NA,NA,NA,NA,"SYNTH","T25",NA,NA,"mr_iso",NA,"v1.0",NA
"K2-115","K2-115",126.55343,12.28194,"Gaia DR2 650778499868023296","Gaia DR3 650778499868023296","J08261282+1216550",NA,NA,14.036352,0.00424482,NA,NA,13.359169,0.003268178,13.187856,0.002762,13.531894,0.002874,12.678745,0.003815,12.1079998016357,0.021,11.7600002288818,0.022,11.7239999771118,0.017999999,0.0164763860127706,0.005036227,0.033575212,0.697847570797508,0.678041161941285,0.726678501933556,2.4528,0.0163,53.0836509922119,199.034404829344,9.57131950256461,0.203579397375448,8310.13,-8307.84254717223,-194.798185544568,207.98246722289,5608,150,4.52,0.12,-0.14,0.001,3.1,0.3,1.14,0.15,"fixed",0.870042,0.808431,0.922342,0.891135,0.855216,0.933951,NA,NA,NA,8.23,NA,NA,0.09,NA,NA,NA,NA,NA,NA,"EW","M22","C_SYEW","DS24","mr_iso",NA,"v1.0",NA
"K2-126","K2-126",203.54670723645,-13.57697157,"Gaia DR2 3606785098479012864","Gaia DR3 3606785098479012864","J13341115-1334370",14.1499996185303,0.059999999,14.18,0.004906136,12.9200000762939,0.029999999,12.906629,0.00230483,12.386018,0.00277,13.124548,0.002891,11.553753,0.003803,10.5080003738403,0.023,9.91699981689453,0.025,9.71199989318848,0.021,0.158727064,0.141929624560786,0.174777754708754,0.153322459748106,0.149149752058905,0.157225049574498,9.8184,0.0233,26.1674257061422,240.182080574802,1.87798037812549,0.135389665359734,7948.76,-7948.63027959125,-45.1117154161116,100.521346832077,4607,130,4.67,0.05,-0.5,0.2,3.4,0.7,1.1,0.15,"free",0.599509,0.572152,0.629855,0.594331,0.575028,0.614108,NA,NA,NA,NA,NA,NA,NA,NA,NA,NA,NA,NA,NA,"EW","T25",NA,NA,"mr_iso",NA,"v1.0",NA
"K2-138","K2-138",348.949030975365,-10.84974063,"Gaia DR2 2413596935442139520","Gaia DR3 2413596935442139520","J23154776-1050590",13.0100002288818,0.01,NA,NA,12.210000038147,0.01,NA,NA,12.022232,0.002792,12.438094,0.003344,11.442928,0.003936,10.7559995651245,0.021,10.3839998245239,0.021,10.3050003051758,0.021,0.074693069,0.053017883,0.093936928,0.585346232873008,0.558499044568925,0.611215947253854,4.9437,0.015,16.7886447252751,224.306968754753,3.9110964660263,0.0610642971129483,7959.99,-7959.53712887095,84.8377993340222,-154.121433842722,5378,121,4.48,0.05,0,0.11,4.3,0.3,1.09,0.15,"free",0.865739,0.81056,0.914325,0.883463,0.850635,0.922676,NA,NA,NA,NA,NA,NA,NA,NA,NA,NA,NA,NA,NA,"EW","T25",NA,NA,"mr_iso",NA,"v1.0",NA
"K2-139","K2-139",289.06654,-17.91067,"Gaia DR2 4084602654011029376","Gaia DR3 4084602654011029376","J19161596-1754384",12.4300003051758,0.200000002980232,12.56552,0.004396747,11.6499996185303,0.140000000596046,11.692661,0.002295482,11.459205,0.002782,11.901235,0.002972,10.855173,0.003832,10.1770000457764,0.022,9.76799964904785,0.022,9.659999847,0.023,0.070716611,0.0553967209649513,0.085514534,0.554801917837216,0.537313778997925,0.572650912119446,6.5372,0.0148,-24.7680412219951,224.114233058803,-12.4582895209526,0.0862425276742331,7859.92,-7859.75955188586,49.5495458588697,-10.8957960388251,5114,150,4.49,0.12,0.19,0.001,3.5,0.3,1.09,0.15,"fixed",0.857503,0.799291,0.921496,0.934874,0.892485,0.981213,NA,NA,NA,8.6,8.77,7.98,0.03,0.15,0.12,NA,NA,NA,NA,"EW","M22","C_SYEW;N_SYNTH;O_SYNTH","DS24","mr_iso",NA,"v1.0",NA
"K2-140","K2-140",188.13735,-9.60764,"Gaia DR2 3579426053724051584","Gaia DR3 3579426053724051584","J12323296-0936274",13.3500003814697,0.029999999,13.346976,0.002502267,12.6199998855591,0.029999999,12.639478,0.001958438,12.468968,0.002761,12.821866,0.002828,11.957601,0.003793,11.4209995269775,0.026000001,11.0679998397827,0.021,10.9949998855591,0.021,0.003655956,0.000901948,0.009046815,0.941194147154504,0.927055708132058,0.956805378961262,2.8748,0.016000001,-2.93335812981258,232.891528778637,13.1328616369988,0.068946410931615,7912.24,-7909.97085492099,-189.531713752115,302.45150484561,5678,39,4.45,0.08,0.2,0.03,3.2,0.3,0.71,0.1,"free",1.04272,1.022545,1.061668,1.000036,0.985642,1.015424,NA,NA,NA,8.63,8.9,8.21,0.04,0.15,0.12,NA,NA,NA,NA,"EW","M22","C_SYEW;N_SYNTH;O_SYNTH","DS24","mr_iso",NA,"v1.0",NA
"K2-141","K2-141",350.91655,-1.18929,"Gaia DR2 2643952940813536768","Gaia DR3 2643952940813536768","J23233996-0111215",12.1400003433228,0.219999998807907,12.271102,0.008232157,11.4499998092651,0.159999996423721,11.138788,0.003775183,10.718701,0.00278,11.347565,0.003139,9.964849,0.003875,9.08600044250488,0.021,8.524000168,0.052999999,8.40100002288818,0.023,0.105300576903885,0.087036864,0.123713081578366,0.216791682662293,0.210200212314422,0.223692603286785,16.1303,0.0176,-22.5640034390901,223.80719251354,1.85724555215977,0.079027287918411,7994.38,-7994.31186351428,33.633389319251,-26.7714377902661,4472,150,4.63,0.11,0.07,0.001,3.5,0.3,1.09,0.15,"fixed",0.712202,0.681576,0.750056,0.722356,0.701846,0.741448,NA,NA,NA,8.43,8.69,NA,0.16,0.14,NA,NA,NA,NA,NA,"EW","M22","C_SYNTH;O_SYNTH","DS24","mr_iso",NA,"v1.0",NA
"K2-160","K2-160",184.05451522068,-3.553088671,"Gaia DR2 3598004677793811584","Gaia DR3 3598004677793811584","J12161309-0333111",13.3000001907349,0.01,13.401221,0.002799903,12.6499996185303,0.01,12.705873,0.002069739,12.528769,0.002774,12.882002,0.003009,12.011088,0.003869,11.4270000457764,0.027000001,11.0869998931885,0.023,11.0369997024536,0.026000001,0.0372988729181658,0.01844264,0.057566859,0.777863020351368,0.745647349290747,0.81565124377935,3.2062,0.0167,-11.7652442183463,227.409286503202,-5.40957126306551,0.0569212419363817,7955.09,-7953.51692369709,-158.077770255149,289.827410056157,5781,124,4.5,0.04,0.03,0.11,2.4,0.4,1.14,0.15,"free",0.954263,0.910609,0.989489,0.913893,0.886278,0.944939,NA,NA,NA,NA,NA,NA,NA,NA,NA,NA,NA,NA,NA,"EW","T25",NA,NA,"mr_iso",NA,"v1.0",NA
"K2-172","K2-172",335.30837,-12.5569,"Gaia DR2 2602237602799035008","Gaia DR3 2602237602799035008","J22211401-1233247",NA,NA,13.204252,0.003927964,NA,NA,12.468961,0.003378851,12.274823,0.002775,12.651531,0.002899,11.730229,0.00379,11.0979995727539,0.024,10.7600002288818,0.023,10.66100025177,0.018999999,0.0292576435971936,0.0125713812727533,0.047985652,0.627445630372944,0.605963792252639,0.654053591190778,4.0208,0.0145,79.8780101274666,235.459019706057,17.2678417000714,0.280864658661675,7898.76,-7897.94220512103,113.700727253097,-171.261738386997,5342,150,4.48,0.12,-0.13,0.001,0.6,1.2,1.1,0.15,"fixed",0.815434,0.755484,0.879925,0.91173,0.867051,0.959687,NA,NA,NA,8.27,NA,7.57,0.05,NA,0.12,NA,NA,NA,NA,"EW","M22","C_SYEW;N_SYNTH","DS24","mr_iso",NA,"v1.0",NA
"K2-179","K2-179",58.7967842336929,23.75675089279,"Gaia DR2 65797082206292224","Gaia DR3 65797082206292224","J03551125+2345245",13.9799995422363,0.01,14.00571,0.005322438,NA,NA,12.998056,0.002996113,12.678906,0.002767,13.218935,0.003014,11.990597,0.003864,11.1379995346069,0.023,10.6330003738403,0.025,10.5550003051758,0.018999999,0.150053555,0.132963644006846,0.164413914246477,0.340870462124123,0.32983708032655,0.351209177163161,5.3107,0.0153,23.4231013811174,238.329404062593,-11.5933556566834,0.125793364896807,8170.62,-8170.54135200251,35.2086067945213,-46.5475026201281,5134,134,4.56,0.05,-0.08,0.12,4.5,0.3,1.09,0.15,"free",0.769156,0.724118,0.805289,0.759074,0.734126,0.787171,NA,NA,NA,NA,NA,NA,NA,NA,NA,NA,NA,NA,NA,"EW","T25",NA,NA,"mr_iso",NA,"v1.0",NA
"K2-19","K2-19",174.96033,0.60358,"Gaia DR2 3798833775141351552","Gaia DR3 3798833775141351552","J11395048+0036129",13.8000001907349,0.02,NA,NA,13,0.01,NA,NA,12.806,0.002782,13.208025,0.002966,12.238707,0.003846,11.5959997177124,0.024,11.2080001831055,0.022,11.16100025177,0.026000001,0.0108075171618926,0.002903807,0.0238388264986236,0.532773066011238,0.521832020748071,0.547788502,3.341,0.0196,-15.4233024018813,222.38531120028,9.72978131692654,0.0539861412122631,8008.83,-8007.29390198691,-156.651522535827,279.935326847798,5285,82,4.53,0.15,0.09,0.03,2.9,0.3,0.62,0.35,"free",0.881552,0.848436,0.911546,0.869603,0.847729,0.89686,NA,NA,NA,8.43,8.68,7.78,0.03,0.12,0.12,NA,NA,NA,NA,"EW","M22","C_SYEW;N_SYNTH;O_SYNTH","DS24","mr_iso",NA,"v1.0",NA
"K2-198","K2-198",198.843676562177,-6.464991749,"Gaia DR2 3628687065162340224","Gaia DR3 3628687065162340224","J13152252-0627535",11.8000001907349,0.150000005960464,12.079753,0.003320165,10.9700002670288,0.100000001490116,11.245869,0.001768355,11.012859,0.00285,11.444301,0.003352,10.411748,0.004073,9.74100017547607,0.024,9.3129997253418,0.024,9.22799968719482,0.021,0.047152421,0.031938641,0.062881395,0.428063695,0.414670766585458,0.442283893779763,8.9659,0.0266,1.24509300077458,212.09230194903,4.34705423963215,0.0400771256403592,7956.71,-7956.57635410852,-45.2828296753453,117.233461499125,5174,77,4.51,0.04,-0.12,0.1,5.4,0.2,1.1,0.09,"fixed",0.782671,0.737525,0.827513,0.810629,0.786507,0.836553,NA,NA,NA,NA,NA,NA,NA,NA,NA,NA,NA,NA,NA,"EW","T25",NA,NA,"mr_iso",NA,"v1.0",NA
"K2-201","K2-201",293.560711221463,-23.13128323,"Gaia DR2 6771370981322320128","Gaia DR3 6771370981322320128","J19341458-2307518",13.06000042,0.270000011,NA,NA,12.81000042,0.239999994635582,NA,NA,11.942391,0.002909,12.36513,0.004337,11.35154,0.004437,10.6529998779297,0.026000001,10.2729997634888,0.023,10.1979999542236,0.024,0.045569976,0.0180356839847811,0.077107393,0.555494081953296,0.524618235535188,0.593796156917332,5.0929,0.0155,-5.70018669660481,189.501584524826,4.74815855157356,0.155529531828279,7822.41,-7822.24029663092,51.6697662175976,-40.567487107168,5471,122,4.52,0.04,0,0.1,2.6,0.4,1.1,0.15,"free",0.876949,0.832003,0.913517,0.853132,0.824284,0.887436,NA,NA,NA,NA,NA,NA,NA,NA,NA,NA,NA,NA,NA,"EW","T25",NA,NA,"mr_iso",NA,"v1.0",NA
"K2-222","K2-222",16.4625281229834,11.7537264036924,"Gaia DR2 2584093844170270720","Gaia DR3 2584093844170270720","J01055095+1145123",10.039999961853,0.029999999,10.042272,0.005375935,9.53999996185303,0.029999999,9.512829,0.002959702,9.365929,0.002763,9.647017,0.002812,8.916023,0.003798,8.423000336,0.023,8.16899967193604,0.034000002,8.10499954223633,0.017000001,0.004449821,0.001021413,0.011029317267136,1.38072457597343,1.36571298526598,1.40388499153763,10.0427,0.0186,-24.1229608920954,239.224473133897,27.380881473197,0.133361011548348,8039.43,-8039.27702931732,49.0574855430842,-52.2194273062313,5840,81,4.26,0.03,-0.4,0.09,1.8,0.3,0.9,0.06,"fixed",0.854468,0.817371,0.894225,1.13838,1.106857,1.171021,NA,NA,NA,NA,NA,NA,NA,NA,NA,NA,NA,NA,NA,"EW","T25",NA,NA,"mr_iso",NA,"v1.0",NA
"K2-232","K2-232",73.76651,18.65453,"Gaia DR2 3406687485600728192","Gaia DR3 3406687485600728192","J04550395+1839164",10.460000038147,NA,10.473847,0.002870467,9.85000038146973,NA,9.884763,0.001732006,9.731985,0.002759,10.036352,0.002804,9.259789,0.003784,8.73900032,0.029999999,8.47999954223633,0.017999999,8.43400001525879,0.017000001,0.038550256,0.019889598132731,0.058595787,1.76977666656027,1.69382611135156,1.85663701802118,7.7059,0.017000001,-12.1007190852623,184.933480023195,14.2222477487677,0.177654245172758,8125.15,-8125.14640213252,-4.52277891483383,-8.8881088799295,5860,130,4.29,0.1,-0.04,0.05,3,0.3,0.92,0.11,"free",1.027526,0.985843,1.070337,1.272519,1.213394,1.335158,NA,NA,NA,8.5,8.67,7.83,0.06,0.12,0.12,NA,NA,NA,NA,"EW","M22","C_SYEW;N_SYNTH;O_SYNTH","DS24","mr_iso",NA,"v1.0",NA
"K2-233","K2-233",230.47999,-20.23166,"Gaia DR2 6253186686054822784","Gaia DR3 6253186686054822784","J15215519-2013539",11.81000042,0.150000005960464,NA,NA,10.8800001144409,0.090000004,NA,NA,10.422918,0.002778,10.937149,0.00294,9.751412,0.003834,8.9680004119873,0.02,8.501000404,0.026000001,8.375,0.023,0.002562182,0.00061738,0.006713285,0.264081357336308,0.262475752766057,0.26627375310618,14.7719,0.0188,1.63416591323205,223.191076055522,-0.874097011760623,0.0164174982504009,7943.53,-7943.51222741888,-15.6631903264978,58.9260308482552,4818,27,4.6,0.06,-0.05,0.03,4.2,0.2,0.5,0.31,"free",0.728271,0.712129,0.744517,0.734917,0.726394,0.743744,NA,NA,NA,8.43,8.58,7.68,0.02,0.14,0.12,NA,NA,NA,NA,"EW","M22","C_SYNTH;N_SYNTH;O_SYNTH","DS24","mr_iso",NA,"v1.0",NA
"K2-236","K2-236",136.574199816813,19.4020507775487,"Gaia DR2 636363799347569408","Gaia DR3 636363799347569408","J09061775+1924080",10.93999958,0.079999998,10.745691,0.004125963,10.1499996185303,0.059999999,10.195454,0.002798815,10.056372,0.002763,10.335118,0.00281,9.616199,0.003789,9.14400005340576,0.023,8.90799999237061,0.028000001,8.83699989318848,0.02,0.006451482,0.001614759,0.0147616892692072,2.35062011504468,2.319245455,2.39898124558921,5.5311,0.017000001,46.6802691032672,198.313687941371,26.7618240831558,0.186313437587004,8124.55,-8124.26241793089,-68.4765633658407,137.015569617089,6068,69,4.23,0.03,0.06,0.11,1.3,0.4,1.14,0.06,"fixed",1.16675,1.107208,1.214098,1.383062,1.349591,1.416649,NA,NA,NA,NA,NA,NA,NA,NA,NA,NA,NA,NA,NA,"EW","T25",NA,NA,"mr_iso",NA,"v1.0",NA
"K2-237","K2-237",253.76889,-28.71056,"Gaia DR2 6032746832450438400","Gaia DR3 6032746832450438400","J16550453-2842380",12.18999958,0.07,12.178084,0.003277419,11.6000003814697,0.050000001,11.61103,0.002058689,11.466937,0.002793,11.760077,0.003042,11.00419,0.003898,10.5080003738403,0.023,10.2679996490479,0.022,10.2170000076294,0.023,0.128683018276418,0.107309905068032,0.149721801899835,2.4877447827763,2.348035645,2.63271988928197,3.2542,0.029200001,-12.3132063807528,220.53124424645,8.59318702262201,0.0412864971415527,7698.3,-7698.23166046471,-32.382261996025,73.3655861617255,6570,140,4.4,0.09,0.23,0.06,12.5,0.2,1.79,0.08,"free",1.306002,1.277704,1.332775,1.285937,1.25343,1.326069,NA,NA,NA,8.59,NA,NA,0.08,NA,NA,NA,NA,NA,NA,"EW","M22","C_SYEW","DS24","mr_iso",NA,"v1.0",NA
"K2-24","K2-24",242.57374,-24.99035,"Gaia DR2 6049750234317822208","Gaia DR3 6049750234317822208","J16101770-2459251",12.2200002670288,0.200000002980232,11.960068,0.002585694,11.2799997329712,0.100000001490116,11.129445,0.001308294,10.907954,0.002759,11.333694,0.002814,10.311766,0.003789,9.63500022888184,0.024,9.29399967193604,0.022,9.180000305,0.021,0.084248264,0.079819351,0.089016531,1.17785733085566,1.16318691175451,1.19281902403958,5.8273,0.016899999,-0.584784548153142,165.052978999615,9.28146174804183,0.272360264600741,7840.24,-7840.19196067193,-28.1417469107082,80.9515233839562,5678,13,4.33,0.14,0.41,0.02,3.3,0.3,0.99,0.06,"free",1.12529,1.114286,1.134538,1.117673,1.109103,1.126766,NA,NA,NA,8.88,9.04,8.41,0.02,0.1,0.12,NA,NA,NA,NA,"EW","M22","C_SYEW;N_SYNTH;O_SYNTH","DS24","mr_iso",NA,"v1.0",NA
"K2-261","K2-261",163.03241,0.49336,"Gaia DR2 3807826337147474176","Gaia DR3 3807826337147474176","J10520778+0029359",11.56000042,0.090000004,11.431837,0.005483724,10.6400003433228,0.01,10.655313,0.003131592,10.460067,0.002762,10.850369,0.00288,9.90793,0.0038,9.33699989318848,0.029999999,8.92000007629395,0.041999999,8.89000034332275,0.022,0.0296240252281833,0.0139489359819344,0.046367272,2.43463492269566,2.35378254510967,2.52720123740177,4.6523,0.016799999,11.3317756633512,189.878115368259,-21.023757398231,0.150354840947442,8044.86,-8043.84098710956,-128.100598560702,191.934655295888,5516,79,4.05,0.06,0.32,0.02,2.9,0.3,0.95,0.05,"free",1.140898,1.123944,1.159857,1.688489,1.62624,1.746641,NA,NA,NA,8.7,8.76,8.19,0.04,0.12,0.12,NA,NA,NA,NA,"EW","M22","C_SYEW;N_SYNTH;O_SYNTH","DS24","mr_iso",NA,"v1.0",NA
"K2-280","K2-280",291.59534,-22.24765,"Gaia DR2 6772454416893148928","Gaia DR3 6772454416893148928","J19262288-2214514",13.2700004577637,0.01,13.307658,0.004378937,12.539999961853,0.039999999,12.543024,0.003118418,12.35365,0.002762,12.735107,0.002905,11.804997,0.003801,11.1409997940063,0.021,10.8540000915527,0.024,10.7650003433228,0.018999999,0.057284699015659,0.042824134,0.071319023,1.41964679297127,1.37345725271947,1.46792766377558,2.6309,0.0141,10.1813029760583,213.396768717145,-7.71912103028678,0.0504165142124046,7652.77,-7652.08792464881,101.986136403033,-89.2597251692025,5708,68,4.27,0.07,0.26,0.02,2.9,0.3,0.92,0.02,"free",1.088761,1.065211,1.111509,1.211672,1.178641,1.245973,NA,NA,NA,8.71,8.91,8.16,0.04,0.11,0.12,NA,NA,NA,NA,"EW","M22","C_SYEW;N_SYNTH;O_SYNTH","DS24","mr_iso",NA,"v1.0",NA
"K2-29","K2-29",62.67034,24.40175,"Gaia DR2 150054788545735424","Gaia DR3 150054788545735424","J04104086+2424061",13.1599998474121,0.360000014305115,13.538162,0.003161049,12.56000042,0.259999990463257,12.513154,0.001908196,12.194623,0.002781,12.744655,0.002982,11.489968,0.003823,10.6219997406006,0.035,10.1680002212524,0.041000001,10.0620002746582,0.034000002,0.167868260506364,0.158911968807242,0.176820809394701,0.49226145634953,0.482902453450724,0.502256443116399,5.6435,0.0189,-22.2060722064798,214.60049324369,-6.36788632687898,0.0790506617157804,8164.89,-8164.84113767698,27.5206788596892,-33.7810054458182,5236,30,4.43,0.16,0.13,0.02,4.5,0.2,0.91,0.06,"free",0.890294,0.8743,0.906782,0.849447,0.837657,0.86214,NA,NA,NA,8.54,NA,7.97,0.02,NA,0.12,NA,NA,NA,NA,"EW","M22","C_SYEW;N_SYNTH","DS24","mr_iso",NA,"v1.0",NA
"K2-290","K2-290",234.8578886,-20.19889989,"Gaia DR2 6253844468882760832","Gaia DR3 6253844468883543680","J15392585-2011557",11.6800003051758,0.100000001490116,11.571273,0.005552456,11.1099996566772,0.109999999403953,10.984363,0.002525694,10.821753,0.002776,11.134089,0.002844,10.337156,0.003802,9.77099990844727,0.022,9.477000237,0.022,9.42000007629394,0.018999999,0.04973186,0.032814365,0.080179853,2.93819941732616,2.81167347601697,3.15299285629405,3.7126,0.0208,47.7770189895675,235.850080574692,-18.5866043776516,0.180410389915106,7766.2,-7766.03865106436,-49.416493955444,149.058781073991,6266,118,4.19,0.04,-0.08,0.1,6.8,0.1,1.34,0.07,"fixed",1.190336,1.130131,1.235962,1.445624,1.377452,1.515609,NA,NA,NA,NA,NA,NA,NA,NA,NA,NA,NA,NA,NA,"EW","T25",NA,NA,"mr_iso",NA,"v1.0",NA
"K2-30","K2-30",52.34198,22.29941,"Gaia DR2 61607255708760960","Gaia DR3 61607255708760960","J03292204+2217577",14.5059995651245,0.029999999,14.516526,0.004716656,13.5299997329712,0.039999999,13.520741,0.002625054,13.195046,0.002761,13.749495,0.002951,12.487185,0.00381,11.6319999694824,0.018999999,11.18999958,0.016000001,11.0880002975464,0.02,0.259499026148355,0.238519908095047,0.280552272976722,0.826837920874069,0.789909938504068,0.866942711771423,2.9987,0.0138,-28.8025352179972,207.600479083328,-9.683860664121,0.112550268520974,8285.73,-8285.35825508624,79.0077324130991,-128.349990886956,5466,129,4.4,0.17,0.16,0.02,2.3,0.3,0.68,0.15,"fixed",0.95242,0.908304,0.997002,1.007681,0.963263,1.057933,NA,NA,NA,8.51,8.87,7.9,0.04,0.13,0.12,NA,NA,NA,NA,"EW","M22","C_SYEW;N_SYNTH;O_SYNTH","DS24","mr_iso",NA,"v1.0",NA
"K2-32","K2-32",252.42608,-19.54282,"Gaia DR2 4130539180358512768","Gaia DR3 4130539180358512768","J16494226-1932340",13.2799997329712,0.01,13.251985,0.003389679,12.31000042,0.01,12.306865,0.00203411,11.995158,0.002763,12.522445,0.002846,11.307789,0.003797,10.4040002822876,0.024,9.99300003051758,0.025,9.82100009918213,0.018999999,0.200506103933729,0.175307853445666,0.222606087285657,0.491253708991228,0.467195464252857,0.514470806135699,6.3939,0.0153,13.3305727215181,193.136345233197,-6.88026963552007,0.142720981964706,7849.35,-7849.34727487888,1.43397865119474,67.11851821045,5086,134,4.38,0.16,-0.07,0.02,2,0.3,0.57,0.15,"fixed",0.772897,0.738373,0.818124,0.877728,0.836805,0.915591,NA,NA,NA,8.35,NA,7.62,0.03,NA,0.12,NA,NA,NA,NA,"EW","M22","C_SYEW;N_SYNTH","DS24","mr_iso",NA,"v1.0",NA
"K2-329","K2-329",351.135380493801,-5.164146927,"Gaia DR2 2632880927441296640","Gaia DR3 2632880927441296640","J23243247-0509507",NA,NA,13.523335,0.004707328,NA,NA,12.66457,0.003106503,12.43689,0.002771,12.871778,0.002934,11.841436,0.003857,11.173999786377,0.023,10.7980003356934,0.028000001,10.6680002212524,0.023,0.070072065,0.0546708905171616,0.086881216,0.518953613626023,0.502160292069696,0.537969846077864,4.2918,0.0132,1.66840311379617,206.255164717001,13.2965172283524,0.0673042628064804,7972.6,-7971.79120037362,113.532298569081,-176.509822824424,5348,123,4.52,0.04,0.04,0.12,1.7,1.5,1.09,0.15,"free",0.863001,0.810293,0.905425,0.852983,0.825074,0.886084,NA,NA,NA,NA,NA,NA,NA,NA,NA,NA,NA,NA,NA,"EW","T25",NA,NA,"mr_iso",NA,"v1.0",NA
"K2-333","K2-333",136.789274314404,15.2056750937742,"Gaia DR2 607345660265955456","Gaia DR3 607345660265955456","J09070943+1512205",12.4799995422363,0.28999999165535,12.778839,0.0025834,11.56000042,0.159999996423721,12.13273,0.002160994,11.976839,0.002765,12.30006,0.002817,11.492356,0.003793,10.9409999847412,0.023,10.6029996871948,0.028000001,10.5959997177124,0.024,0.005326358,0.00130295,0.0129176252575624,1.52094804811285,1.4941719008881,1.55309749959976,2.8479,0.0184,-4.58993016263925,206.518360842525,7.37775486366705,0.0647800504002805,8234.44,-8232.950772448,-156.433460565533,236.052947420219,5730,72,4.26,0.03,0.05,0.1,2.3,0.3,0.85,0.04,"fixed",1.013596,0.966989,1.061898,1.243289,1.211086,1.276713,NA,NA,NA,NA,NA,NA,NA,NA,NA,NA,NA,NA,NA,"EW","T25",NA,NA,"mr_iso",NA,"v1.0",NA
"K2-34","K2-34",127.57879,22.23591,"Gaia DR2 665757593450097920","Gaia DR3 665757593450097920","J08301891+2214092",12.0200004577637,0.150000005960464,12.119275,0.003603487,11.4499998092651,0.119999997317791,11.568335,0.002341307,11.435231,0.002804,11.714367,0.002841,10.993214,0.003797,10.5279998779297,0.025,10.2580003738403,0.022,10.1929998397827,0.017000001,0.001774159,0.000455622,0.0048754,2.40775001700599,2.35904827784732,2.45756886094984,2.8764,0.0265,-40.4004600262026,221.690049986042,13.4832906115015,0.137346830107291,8275.8,-8275.03599086337,-112.142170840476,205.613047588818,5967,40,4.17,0.14,0.01,0.02,5.6,0.2,1.04,0.04,"free",1.125625,1.096866,1.15235,1.44246,1.421571,1.465359,NA,NA,NA,8.39,NA,NA,0.06,NA,NA,NA,NA,NA,NA,"EW","M22","C_SYEW","DS24","mr_iso",NA,"v1.0",NA
"K2-36","K2-36",169.449007337267,3.866507523,"Gaia DR2 3811989156889528320","Gaia DR3 3811989156889528320","J11174778+0351590",12.5699996948242,0.379999995231628,NA,NA,11.7299995422363,0.230000004172325,NA,NA,11.524252,0.002794,12.042574,0.003094,10.850849,0.003912,10.0340003967285,0.022,9.54899978637695,0.022,9.454000473,0.025,0.0600552984682259,0.026337942,0.092968602,0.27856000379034,0.261835378433192,0.296438823896762,9.1653,0.017200001,-6.36204062327084,232.318663503241,20.3893207508045,0.0698308117369922,8014.97,-8014.77012445632,-56.2498384290366,117.309099550085,4962,112,4.58,0.05,-0.22,0.13,2.3,0.4,1.09,0.15,"free",0.708187,0.666994,0.746811,0.716129,0.690757,0.743536,NA,NA,NA,NA,NA,NA,NA,NA,NA,NA,NA,NA,NA,"EW","T25",NA,NA,"mr_iso",NA,"v1.0",NA
"K2-37","K2-37",243.450964454,-24.78705236,"Gaia DR2 6049595065740634624","Gaia DR3 6049595065740634624","J16134824-2447132",NA,NA,13.495577,0.002943833,NA,NA,12.55014,0.001825047,12.247519,0.002762,12.767811,0.002837,11.567179,0.003789,10.6920003890991,0.022,10.21399974823,0.021,10.1420001983643,0.021,0.202798484065658,0.182743600480487,0.219590968571981,0.508808807320815,0.488381290004929,0.527513274122486,5.6187,0.0142,6.53999885996862,227.962207712387,14.7366598562641,0.0457409753356083,7833.52,-7833.46978191386,-27.1254621036304,81.7498930369383,5535,139,4.55,0.05,-0.07,0.11,0,0,1.09,0.15,"free",0.848319,0.806346,0.881286,0.814259,0.789409,0.843295,NA,NA,NA,NA,NA,NA,NA,NA,NA,NA,NA,NA,NA,"EW","T25",NA,NA,"mr_iso",NA,"v1.0",NA
"K2-39","K2-39",338.368203725987,-9.02294603,"Gaia DR2 2609222216055014144","Gaia DR3 2609222216055014144","J22332842-0901219",11.914999961853,0.054000001,11.937249,0.008481939,10.8719997406006,0.043000001,10.901023,0.004875455,10.595527,0.002768,11.127915,0.002948,9.916285,0.003818,9.081999779,0.024,8.5939998626709,0.041999999,8.51599979400635,0.024,0.069772009,0.0561208073173618,0.08349907,5.34435398694553,5.20531713399742,5.48793921641405,3.2363,0.0148,94.6344199685024,210.161432563699,-1.53500689575859,0.315838134088187,7896.09,-7894.58858670381,154.014482735701,-221.284830185356,4965,52,3.38,0.07,0.25,0.03,3.3,0.6,0.97,0.08,"free",1.441313,1.379068,1.486675,3.14849,3.06996,3.226132,NA,NA,NA,NA,NA,NA,NA,NA,NA,NA,NA,NA,NA,"EW","T25",NA,NA,"mr_iso",NA,"v1.0",NA
"K2-53","K2-53",244.141973357065,-20.40060104,"Gaia DR2 6244643373326639360","Gaia DR3 6244643373326639360","J16163403-2024019",NA,NA,13.561703,0.004239568,NA,NA,12.521394,0.002457506,12.138221,0.002764,12.745698,0.002842,11.383414,0.003803,10.3059997558594,0.024,9.82600021362305,0.024,9.66399955749512,0.021,0.248577939293201,0.230764884260437,0.26807323069455,0.393777006,0.380232259517172,0.409396419262395,7.263,0.0156,60.68584246449,232.96667538147,0.0248908657220684,0.215203653904761,7872.07,-7872.06530921757,-12.0041580943544,74.5536377792557,5385,126,4.58,0.04,-0.16,0.11,0,0,1.09,0.15,"free",0.788839,0.75196,0.817723,0.75533,0.733826,0.780611,NA,NA,NA,NA,NA,NA,NA,NA,NA,NA,NA,NA,NA,"EW","T25",NA,NA,"mr_iso",NA,"v1.0",NA
"K2-58","K2-58",333.82182,-14.04981,"Gaia DR2 2599975224481836672","Gaia DR3 2599975224481836672","J22151722-1402593",NA,NA,13.326136,0.003301754,NA,NA,12.389171,0.001797619,12.128002,0.002777,12.602594,0.002861,11.496382,0.003819,10.7650003433228,0.022,10.3140001296997,0.023,10.2150001525879,0.021,0.076327913,0.061109135,0.090306852,0.436515956873419,0.42391982112758,0.44944854154278,5.4932,0.019400001,14.3974607258247,225.916529197173,-2.71857108230657,0.057121828497371,7920.08,-7919.67188283197,79.9520808414526,-117.481492335573,4884,150,4.52,0.11,0.28,0.001,1.6,0.7,1.09,0.15,"fixed",0.826645,0.77914,0.886813,0.891286,0.855584,0.926245,NA,NA,NA,8.67,NA,8.21,0.04,NA,0.12,NA,NA,NA,NA,"EW","M22","C_SYNTH;N_SYNTH","DS24","mr_iso",NA,"v1.0",NA
"K2-60","K2-60",338.606232458262,-13.73180744,"Gaia DR2 2597973387468989568","Gaia DR3 2597973387468989568","J22342548-1343541",13.56000042,0.01,NA,NA,12.789999961853,0.02,NA,NA,12.603374,0.002785,12.989384,0.003235,12.05129,0.003839,11.4099998474121,0.021,11.085000038147,0.025,10.9930000305176,0.021,0.064824251,0.040396432,0.088804749,1.8631517174286,1.75987829629545,1.97022630792218,2.0714,0.016799999,-2.16141449123375,164.508044807412,22.5457791974997,0.268040245150801,7823.02,-7820.30389858536,206.244850621,-372.795334830248,5697,128,4.2,0.05,0.18,0.11,0,0,1.14,0.15,"free",1.091611,1.03092,1.157394,1.381998,1.315236,1.45183,NA,NA,NA,NA,NA,NA,NA,NA,NA,NA,NA,NA,NA,"EW","T25",NA,NA,"mr_iso",NA,"v1.0",NA
"K2-98","K2-98",126.488209188148,11.5110920356332,"Gaia DR2 601199802584914816","Gaia DR3 601199802584914816","J08255719+1130402",12.6499996185303,0.029999999,12.678511,0.002874059,12.1700000762939,0.029999999,12.160561,0.002108079,12.030685,0.002766,12.297658,0.002841,11.606546,0.003797,11.1239995956421,0.022,10.9049997329712,0.025,10.8690004348755,0.028000001,0.0129776838598877,0.003298363,0.0301426661825478,3.25872806641506,3.17159012552781,3.39784903769376,1.9121,0.0131,-62.5161364364375,179.15108003313,0.548562763211077,0.283771538180016,8396.78,-8392.87909120213,-255.891596253777,256.621342636764,6078,130,4.07,0.05,-0.23,0.13,6.8,0.3,1.37,0.07,"fixed",1.097522,1.033623,1.188362,1.600813,1.533228,1.67352,NA,NA,NA,NA,NA,NA,NA,NA,NA,NA,NA,NA,NA,"EW","T25",NA,NA,"mr_iso",NA,"v1.0",NA
"K2-99","K2-99",208.773762362718,-5.442494613,"Gaia DR2 3620612011248988416","Gaia DR3 3620612011248988416","J13550570-0526330",11.75,0.109999999403953,11.64752,0.004108398,11.1499996185303,0.100000001490116,11.081406,0.002409776,10.949085,0.002764,11.232323,0.002876,10.503939,0.003804,10.0240001678467,0.022,9.75500011444092,0.022,9.72000026702881,0.021,0.002489996,0.000619201,0.006666355,8.34125450273787,8.16519486091466,8.52458708083958,1.932,0.018200001,11.8073065535676,229.086040987955,3.13199351554562,0.063056482851158,7734.93,-7733.48076981183,-149.507177104445,442.793660412736,5926,54,3.75,0.02,0.1,0.04,9.6,0.3,1.37,0.04,"fixed",1.468011,1.449725,1.486555,2.721896,2.665645,2.779376,NA,NA,NA,NA,NA,NA,NA,NA,NA,NA,NA,NA,NA,"SYNTH","T25",NA,NA,"mr_iso",NA,"v1.0",NA
"KELT-1","KELT-1",0.362097663168982,39.3837941776138,"Gaia DR2 2881784280929695360","Gaia DR3 2881784280929695360","J00012691+3923017",11.2299995422363,0.07,11.229129,0.002722628,10.6300001144409,0.059999999,10.719684,0.001653941,10.592974,0.00276,10.857854,0.002813,10.164225,0.003796,9.68200016021728,0.022,9.53400039672852,0.029999999,9.4370002746582,0.018999999,0.085847147,0.069803435,0.102907502887031,3.9383787513287,3.77635687650456,4.12312908016237,3.6836,0.0144,30.3940402889741,223.027305213429,5.92499986335128,0.104659849973131,8099.61,-8096.29788410683,231.752837516033,-78.4710195411955,6596,90,4.24,0.03,0.04,0.05,52.8,1.3,1.66,0.06,"fixed",1.344613,1.320317,1.370288,1.509015,1.457394,1.562619,NA,NA,NA,NA,NA,NA,NA,NA,NA,NA,NA,NA,NA,"SYNTH","T25",NA,NA,"mr_iso",NA,"v1.0",NA
"KELT-10","KELT-10",284.54837,-47.00324,"Gaia DR2 6710517793025165696","Gaia DR3 6710517793025165696","J18581160-4700116",11.3400001525879,0.079999998,11.495296,0.004051385,10.6199998855591,0.059999999,10.861729,0.00197537,10.702947,0.002761,11.022554,0.002858,10.219282,0.003799,9.69299983978272,0.023,9.38799953460693,0.023,9.33800029754639,0.023,0.0167441053305423,0.005627867,0.0304924189329489,1.44497408385079,1.40805618973245,1.49384389883959,5.2834,0.0174,36.2242078552371,214.542902668044,-9.30857713670087,0.124965286020026,7825.91,-7825.8462625351,-31.8101013428589,-42.0526574732401,5768,92,4.32,0.16,0.15,0.03,2.8,0.3,0.79,0.12,"free",1.060367,1.030614,1.09238,1.194814,1.154651,1.236864,NA,NA,NA,8.53,8.84,8,0.03,0.11,0.12,NA,NA,NA,NA,"EW","M22","C_SYEW;N_SYNTH;O_SYNTH","DS24","mr_iso",NA,"v1.0",NA
"KELT-11","KELT-11",161.70689415478,-9.399375434,"Gaia DR2 3761497761876022400","Gaia DR3 3761497761876022400","J10464974-0923563",8.86999988555908,0.02,8.850986,0.005045488,8.03999996185303,0.01,8.047826,0.002763378,7.841304,0.002773,8.246328,0.003011,7.268447,0.003857,6.61600017547607,0.024,6.25099992752075,0.041999999,6.12200021743774,0.017999999,0.004310686,0.001089496,0.0103993778981878,5.72991860566638,5.68045332262027,5.802380042,10.0049,0.020199999,-6.49605974393953,173.200919087613,-7.62172778082098,0.233381556140199,8014.07,-8013.74783844461,-72.2225866437815,92.7049275751497,5307,35,3.68,0.07,0.21,0.01,2.4,0.7,0.98,0.02,"free",1.468652,1.452085,1.480938,2.8193,2.787955,2.850327,NA,NA,NA,NA,NA,NA,NA,NA,NA,NA,NA,NA,NA,"EW","T25",NA,NA,"mr_iso",NA,"v1.0",NA
"KELT-12","KELT-12",267.640490630921,36.5701744942424,"Gaia DR2 4608935250790855296","Gaia DR3 4608935250790855296","J17503372+3634128",11.18999958,0.059999999,11.127364,0.003481448,10.5900001525879,0.039999999,10.610456,0.002416901,10.485661,0.002761,10.749,0.002829,10.066369,0.003795,9.63099956512451,0.022,9.38500022888184,0.02,9.36200046539307,0.017000001,0.002836087,0.000705321,0.006714655,6.4148544087675,6.34331795371989,6.49809121560815,2.7199,0.0118,18.970082916858,207.476967440945,-8.02559741365791,0.0890530097190818,7852.38,-7847.06660299867,288.856673484793,193.392862286255,6229,36,3.94,0.01,0.086,0.03,12.1,0.2,1.51,0.03,"fixed",1.481769,1.425167,1.50073,2.172359,2.144298,2.198906,NA,NA,NA,NA,NA,NA,NA,NA,NA,NA,NA,NA,NA,"SYNTH","T25",NA,NA,"mr_iso",NA,"v1.0",NA
"KELT-15","KELT-15",117.41501,-52.12044,"Gaia DR2 5489780919480009472","Gaia DR3 5489780919480009472","J07493960-5207136",11.81000042,0.079999998,11.759368,0.003463828,11.3900003433228,0.090000004,11.205154,0.001834022,11.069369,0.002767,11.353026,0.002894,10.622564,0.003824,10.2049999237061,0.024,9.91899967193604,0.023,9.85400009155273,0.025,0.039193544,0.029098659,0.049071809,2.99896669313389,2.92476563435894,3.07879063334183,3.1589,0.01,10.0634040293765,222.030996636939,-2.65863489667278,0.035874020110942,8030.97,-8025.08147182599,-307.614127525848,-45.3809744889843,6341,45,4.18,0.12,0.27,0.02,10,0.2,1.54,0.03,"free",1.344074,1.33092,1.358353,1.428484,1.401588,1.455878,NA,NA,NA,8.7,NA,NA,0.06,NA,NA,NA,NA,NA,NA,"EW","M22","C_SYEW","DS24","mr_iso",NA,"v1.0",NA
"KELT-16","KELT-16",314.268523568861,31.6610188622706,"Gaia DR2 1864885215233116032","Gaia DR3 1864885215233116032","J20570443+3139397",12.2799997329712,0.150000005960464,12.414976,0.001917446,11.7200002670288,0.119999997317791,11.913487,0.001500248,11.789706,0.002767,12.046595,0.002861,11.370912,0.003811,10.9280004501343,0.023,10.6920003890991,0.022,10.6420001983643,0.016000001,0.029325002957087,0.0123550018823567,0.047599497,3.07704112210491,2.94747997195753,3.22432223966893,2.2472,0.0133,-7.3959914357306,205.644632738269,5.95685616691302,0.0774080729195396,7902.27,-7890.79603398814,425.772796636678,-44.512533388957,6400,97,4.23,0.03,-0.03,0.1,5.5,0.3,1.38,0.05,"fixed",1.240388,1.198112,1.283263,1.416217,1.364186,1.470896,NA,NA,NA,NA,NA,NA,NA,NA,NA,NA,NA,NA,NA,"EW","T25",NA,NA,"mr_iso",NA,"v1.0",NA
"KELT-17","BD+14  1881",125.6175195,13.73531772,"Gaia DR2 651935220461650560","Gaia DR3 651935220461650560","08222820+1344071",9.52999973297119,0.0199999995529652,9.530827,0.005170993,9.22999954223633,0.0199999995529652,9.273837,0.002776233,9.21627,0.002769,9.342972,0.002854,8.979262,0.003825,8.74499988555908,0.0270000007003546,8.69699954986572,0.0419999994337559,8.64599990844727,0.0179999992251396,0.007539201,0.002185263,0.0170605823714981,8.31852552627381,8.14678032613809,8.563651056,4.3907,0.0208000000566244,-26.9059606437474,220.53653857623,-2.45409136117579,0.0917843570144093,8176.48,-8175.82867771887,-103.272042465974,126.37769798732,7630.83796,124.0075256,4.221366093,0.055885,0.49075,0.11,46.2495,0.47301339,3.26525,0.171286067,"free",1.655197,1.602179,1.708793,1.662973,1.606833,1.722209,NA,NA,NA,NA,NA,NA,NA,NA,NA,NA,NA,NA,NA,"SYNTH","R26",NA,NA,"mr_iso",NA,"v1.0",NA
"KELT-18","KELT-18",216.52399,59.44425,"Gaia DR2 1612165353793791488","Gaia DR3 1612165353793791488","J14260576+5926393",10.6199998855591,0.039999999,10.578585,0.00451768,10.1599998474121,0.029999999,10.203684,0.002653691,10.107541,0.002763,10.301885,0.002832,9.771763,0.003799,9.454000473,0.030999999,9.27200031280518,0.035999998,9.21000003814697,0.022,0.0144915799589021,0.0037537,0.034754915,7.02451670512338,6.81928220663793,7.41114933530674,3.1607,0.0118,-13.5859573342585,211.810508699135,4.73864773196197,0.0592966048362243,8042.34,-8040.27953254433,182.231753226574,280.471667080589,6726,120,4.03,0.08,-0.11,0.05,10.6,0.2,1.76,0.07,"free",1.453287,1.425478,1.479272,1.942739,1.863211,2.028777,NA,NA,NA,8.52,NA,NA,0.08,NA,NA,NA,NA,NA,NA,"EW","M22","C_SYEW","DS24","mr_iso",NA,"v1.0",NA
"KELT-20","HD 185603",294.6613968,31.21922698,"Gaia DR2 2033123654092592384","Gaia DR3 2033123654092592384","19383872+3113091",7.67000007629395,0.01,7.647319,0.005696579,7.57999992370605,0.01,7.605846,0.002211716,7.589816,0.002784,7.611021,0.00286,7.527155,0.003825,7.42399978637695,0.0240000002086163,7.44600009918213,0.0179999992251396,7.41499996185303,0.017000000923872,0.007591636,0.003050236,0.0126179347678907,15.3427137828017,15.0679953757807,15.6573998688624,7.3001,0.0239000003784895,2.60474005058614,207.120955588381,1.36357617924414,0.0661841133801419,7944.95,-7943.97334451843,124.546205776418,35.8764188276219,8937.163584,111.9689637,4.317211883,0.021607,-0.03,0.09,116.39,1.203121219,2.84,0.277153989,"free",1.914085,1.893772,1.929835,1.603198,1.581878,1.624826,NA,NA,NA,NA,NA,NA,NA,NA,NA,NA,NA,NA,NA,"SYNTH","R26",NA,NA,"mr_iso",NA,"v1.0",NA
"KELT-21","HD 332124",304.80002,32.58104639,"Gaia DR2 2054523105274216704","Gaia DR3 2054523105274216704","20191200+3234517",10.7600002288818,0.039999999,10.7662,0.002776255,10.4799995422363,0.039999999,10.574384,0.002021866,10.543578,0.002764,10.632833,0.002832,10.373046,0.003794,10.1490001678467,0.022,10.121000289917,0.0209999997168779,10.0900001525879,0.0140000004321337,0.089395099,0.07970691,0.097969064,14.9005002676753,14.3613485955671,15.4449140382247,2.0534,0.0127999996766448,4.48772261276183,219.744998829404,2.69087588860688,0.0155298816455007,7858.99,-7845.42930998009,461.506135136813,7.63662923354737,8354.674246,62.47905391,4.244126163,0.046315,0.1105,0.13,145.8615,2.212721025,2.406,0.447522811,"free",1.9633,1.920493,2.003518,1.765616,1.715224,1.818903,NA,NA,NA,NA,NA,NA,NA,NA,NA,NA,NA,NA,NA,"SYNTH","R26",NA,NA,"mr_iso",NA,"v1.0",NA
"KELT-24","KELT-24",161.909002629849,71.65572225,"Gaia DR2 1076970406751899008","Gaia DR3 1076970406751899008","J10473836+7139211",8.81999969482422,0.02,8.785043,0.004446107,8.32999992370605,0.01,8.353183,0.001658458,8.24857,0.002763,8.468275,0.002835,7.870126,0.003794,7.4079999923706,0.024,7.19999980926514,0.044,7.153999805,0.021,0.009696709,0.002707548,0.019993615,3.58925135142346,3.52388243940252,3.6875690813079,10.3218,0.017999999,-8.69089657947823,209.559106970336,1.01009823904586,0.0594377100752554,8051.09,-8050.92969808964,50.1587761717442,90.3646717339192,6541,63,4.24,0.02,0.16,0.04,22,0.6,1.62,0.04,"fixed",1.365833,1.345669,1.386345,1.468262,1.436128,1.501311,NA,NA,NA,NA,NA,NA,NA,NA,NA,NA,NA,NA,NA,"SYNTH","T25",NA,NA,"mr_iso",NA,"v1.0",NA
"KELT-2A","KELT-2",92.6640252881992,30.9571330378879,"Gaia DR2 3438059369839738624","Gaia DR3 3438059369839738624","J06103935+3057258",9.22999954223633,0.02,9.218804,0.004857064,8.71000003814697,0.02,8.7201,0.002442956,8.59387,0.002771,8.842331,0.003585,8.169861,0.003981,7.66900014877319,0.021,7.41699981689453,0.026000001,7.346000195,0.030999999,0.000942003,0.000226582,0.002515432,4.96691339983541,4.92777712485999,5.00561182518929,7.4327,0.0217,59.224577096707,226.766311955251,11.0826078023181,0.204685933716961,8133.77,-8133.77363579209,-2.22006258266226,38.7998679760277,6150,27,3.98,0.01,-0.036,0.02,8.5,0.1,1.44,0.02,"fixed",1.258989,1.246559,1.357245,1.946902,1.929235,1.968953,NA,NA,NA,NA,NA,NA,NA,NA,NA,NA,NA,NA,NA,"SYNTH","T25",NA,NA,"mr_iso",NA,"v1.0",NA
"KELT-3","KELT-3",148.6431142,40.3879412963928,"Gaia DR2 806492019492266752","Gaia DR3 806492023789218688","J09543439+4023170",10.3000001907349,0.029999999,10.333272,0.004134511,9.819999695,0.029999999,9.885749,0.002576409,9.768903,0.002766,10.001814,0.002809,9.382199,0.003798,8.96300029754639,0.018999999,8.72799968719482,0.018999999,8.66199970245361,0.018999999,0.0158893961398124,0.004107577,0.049077508,4.279100872,4.14603806775497,4.6758226990174,4.786,0.0272,-25.6295914323296,204.767070807932,13.6206463418531,0.111828368678517,8129.83,-8129.83154621028,-2.85765267443696,188.655401833722,6488,150,4.16,0.04,0.09,0.001,9.5,0.1,1.15,0.15,"free",1.375974,1.320594,1.43108,1.619232,1.532287,1.712782,NA,NA,NA,NA,NA,NA,NA,NA,NA,NA,NA,NA,NA,"EW","T25",NA,NA,"mr_iso",NA,"v1.0",NA
"KELT-4A","KELT-4",157.06255,25.57319,"Gaia DR2 727624020367528576","Gaia DR3 727624020367528576","J10281500+2534236",10.4700002670288,0.01,10.503668,0.018861284,9.97999954223633,0.02,10.078649,0.00338778,9.965562,0.00279,10.165902,0.005976,9.514663,0.007458,9.01700019836426,0.021,8.78999996185303,0.023,8.68900012969971,0.02,0.0251751261758376,0.009088434,0.0440956241571947,4.10326205395373,3.9372499423309,4.307174557,4.586,0.015799999,37.7922450463959,229.171761659869,-5.92551358563499,0.138008333718358,8102.11,-8101.93920692638,-53.2919883920947,210.225892201223,6316,104,4.05,0.09,-0.18,0.05,6.5,0.2,1.6,0.06,"free",1.23665,1.165675,1.269106,1.683063,1.621934,1.74101,NA,NA,NA,8.38,NA,NA,0.1,NA,NA,NA,NA,NA,NA,"EW","M22","C_SYNTH","DS24","mr_iso",NA,"v1.0",NA
"KELT-6","KELT-6",195.98186,30.64008,"Gaia DR2 1464700950221781504","Gaia DR3 1464700950221781504","J13035564+3038241",10.8369998931885,0.048999999,10.785975,0.003273004,10.3369998931885,0.054000001,10.32163,0.001702028,10.197724,0.002762,10.442294,0.002799,9.790571,0.003783,9.30200004577637,0.021,9.137000084,0.022,9.08300018310547,0.017000001,0.004229782,0.001121981,0.0105435729577798,3.80858902944866,3.75492991649017,3.87429082590268,4.1062,0.0176,-3.88000983919291,244.047249873717,7.87962376533788,0.124841902176025,7997.83,-7997.81027448791,18.8440877284738,267.797122238945,6038,83,4.03,0.14,-0.36,0.04,5.3,0.2,1.27,0.07,"free",1.049841,1.02828,1.072473,1.766588,1.717524,1.817711,NA,NA,NA,8.32,NA,NA,0.06,NA,NA,NA,NA,NA,NA,"EW","M22","C_SYEW","DS24","mr_iso",NA,"v1.0",NA
"KELT-7","KELT-7",78.2955929262656,33.3179463342416,"Gaia DR2 181908842994567936","Gaia DR3 181908842994567936","J05131092+3319054",8.97000026702881,0.029999999,8.966294,0.002822777,8.53999996185303,0.029999999,8.554066,0.001389335,8.461335,0.002767,8.669099,0.002824,8.102839,0.003792,7.73899984359741,0.021,7.57999992370605,0.041999999,7.54300022125244,0.026000001,0.0110658911250769,0.003132826,0.023162766,5.77463003288429,5.65475906431046,5.96506443934515,7.3792,0.020099999,-31.5523609527757,207.796931140737,-8.13505888766693,0.121436952394816,8134.13,-8134.11460798309,17.6281864662505,17.464319624422,6685,90,4.2,0.02,0.13,0.05,70.5,2,1.74,0.06,"fixed",1.491023,1.467425,1.5143,1.783032,1.730517,1.836997,NA,NA,NA,NA,NA,NA,NA,NA,NA,NA,NA,NA,NA,"SYNTH","T25",NA,NA,"mr_iso",NA,"v1.0",NA
"KELT-8","KELT-8",283.30552,24.12738,"Gaia DR2 4534144923690481408","Gaia DR3 4534144923690481408","J18531332+2407385",11.5500001907349,0.059999999,11.558413,0.002784991,10.8400001525879,0.050000001,10.848847,0.001892205,10.671983,0.002757,11.030898,0.002811,10.145996,0.003785,9.58600044250488,0.026000001,9.26900005340576,0.032000002,9.17700004577637,0.021,0.014666671354326,0.00650918,0.023586217,1.61565364924649,1.58611352565129,1.6494035124894,5.0738,0.011,17.9216438128261,185.939090926606,0.813173592819071,0.181078167899883,7889.8,-7888.21061165423,158.500676969084,60.1413941069443,5708,37,4.17,0.14,0.28,0.01,3.2,0.3,0.95,0.03,"free",1.117753,1.097804,1.131634,1.299572,1.277857,1.31906,NA,NA,NA,8.67,8.87,NA,0.04,0.11,NA,NA,NA,NA,NA,"EW","M22","C_SYEW;O_SYNTH","DS24","mr_iso",NA,"v1.0",NA
"KELT-9","HD 195689",307.8598059,39.93882584,"Gaia DR2 2064327278651198336","Gaia DR3 2064327278651198336","20312634+3956196",7.59000015258789,NA,7.604534,0.006367494,7.55999994277954,NA,7.606169,0.002615144,7.590266,0.002781,7.594926,0.002911,7.552309,0.003844,7.45800018310547,0.0179999992251396,7.49200010299683,0.0209999997168779,7.481999874,0.0199999995529652,0.0171695712952879,0.0123584542456256,0.0219249441097,38.1058008122664,37.0977555502648,39.1218073814103,4.8258,0.0248000007122755,-18.6156551284821,217.454573637472,6.18037870458955,0.0641733807333969,7962.71,-7960.10995798155,203.348444470462,25.7746316543859,9560.829092,175.3932239,4.077052159,0.029702,0.09325,0.06,113.8775,1.026445485,2.3475,0.24819448,"free",2.321353,2.282928,2.360355,2.326311,2.284447,2.36899,NA,NA,NA,NA,NA,NA,NA,NA,NA,NA,NA,NA,NA,"SYNTH","R26",NA,NA,"mr_iso",NA,"v1.0",NA
"Kepler-1514","Kepler-1514",292.627495639723,37.860166226027,"Gaia DR2 2051866238502437632","Gaia DR3 2051866238502437632","J19303059+3751364",12.4799995422363,0.209999993,12.484485,0.002437342,11.7700004577637,0.159999996423721,11.945864,0.002151046,11.821788,0.00276,12.090866,0.002851,11.398974,0.00379,10.9530000686646,0.02,10.7279996871948,0.02,10.6879997253418,0.017999999,0.017335169,0.005765286,0.032082772,2.3480610882509,2.28101401303671,2.43895069787541,2.4733,0.011,-14.5368155238877,213.847460099773,-3.12087099005994,0.0586717589021008,7878.24,-7869.20826951125,377.1061652348,89.5424241855622,6314,99,4.32,0.03,0.14,0.12,8.6,0.1,1.41,0.08,"fixed",1.240561,1.191629,1.286648,1.27958,1.241048,1.322093,NA,NA,NA,NA,NA,NA,NA,NA,NA,NA,NA,NA,NA,"EW","T25",NA,NA,"mr_iso",NA,"v1.0",NA
"Kepler-1515","Kepler-1515",290.973905138878,48.1782071384862,"Gaia DR2 2129311576952316544","Gaia DR3 2129311576952316544","J19235374+4810413",12.0299997329712,0.109999999403953,12.597081,0.002713333,12.1000003814697,0.180000007152557,12.109458,0.002185982,11.99177,0.00276,12.241215,0.002862,11.586774,0.003801,11.1630001068115,0.027000001,10.9420003890991,0.032000002,10.8859996795654,0.023,0.002754245,0.000696733,0.006850328,3.70598421825189,3.65244180455347,3.7626952477075,1.8023,0.01,-15.5624658786689,196.558651086897,15.102303475441,0.126645255241194,7922.71,-7905.09890499883,527.974826917284,166.769437792344,6352,36,4.13,0.01,-0.128,0.02,10.6,0.1,1.53,0.03,"fixed",1.243121,1.23364,1.255336,1.583645,1.562191,1.605737,NA,NA,NA,NA,NA,NA,NA,NA,NA,NA,NA,NA,NA,"SYNTH","T25",NA,NA,"mr_iso",NA,"v1.0",NA
"Kepler-1517","Kepler-1517",287.807211669578,43.188800823652,"Gaia DR2 2102974833192340224","Gaia DR3 2102974833192340224","J19111373+4311196",12.710000038147,0.270000011,12.628297,0.002514258,12.2299995422363,0.209999993,12.254104,0.002053186,12.166314,0.002762,12.358157,0.002875,11.838942,0.003805,11.5050001144409,0.021,11.3459997177124,0.017000001,11.3030004501343,0.014,0.0214124577931003,0.007365822,0.0364657350925424,8.78278544023908,8.4152967068089,9.20109937573581,1.1102,0.0109,-5.36400384258432,186.54582159146,-7.41347599139266,0.167959759127205,7807.49,-7762.40041795368,837.862826494208,254.950111587971,6734,117,4.09,0.03,-0.05,0.06,56.3,1.7,1.81,0.08,"fixed",1.549956,1.516585,1.581535,2.170676,2.080783,2.266678,NA,NA,NA,NA,NA,NA,NA,NA,NA,NA,NA,NA,NA,"SYNTH","T25",NA,NA,"mr_iso",NA,"v1.0",NA
"Kepler-25","Kepler-25",286.638390484871,39.4879045755999,"Gaia DR2 2100451630105041152","Gaia DR3 2100451630105041152","J19063321+3929164",11.3369998931885,0.02,11.255786,0.003368851,10.6230001449585,0.050000001,10.761696,0.002118067,10.633472,0.002761,10.890103,0.002858,10.22025,0.003785,9.76399993896484,0.02,9.5319995880127,0.02,9.49300003051758,0.017000001,0.0132764602066732,0.003596555,0.0284120398495779,2.52994045604979,2.47078029343581,2.62555719853762,4.1456,0.0113,2.27883728272623,226.139857058021,8.29848429572712,0.0317023690279596,7924.19,-7921.12561085875,220.265946442638,83.7806701369656,6248,114,4.24,0.04,-0.08,0.11,9.5,0.1,1.39,0.06,"fixed",1.156989,1.098199,1.206217,1.351204,1.298166,1.405747,NA,NA,NA,NA,NA,NA,NA,NA,NA,NA,NA,NA,NA,"EW","T25",NA,NA,"mr_iso",NA,"v1.0",NA
"Kepler-419","Kepler-419",295.417912512282,51.184762657506,"Gaia DR2 2135604425595213440","Gaia DR3 2135604425595213440","J19414029+5111051",13.4980001449585,0.01,13.579416,0.002646502,13.03600025177,0.01,13.073795,0.002099945,12.952629,0.002772,13.20933,0.002867,12.54397,0.003799,12.0880002975464,0.02,11.8990001678467,0.018999999,11.8590002059937,0.017999999,0.017109151164714,0.007694591,0.028428724608614,5.14625316330153,4.96103565807916,5.34824870470655,0.9932,0.0126,14.8138425990258,208.612102627767,-1.16000500894106,0.0750903642427833,7955.57,-7895.79323873342,973.391577170674,260.266012732665,6422,54,4.05,0.02,-0.004,0.04,15.1,0.3,1.61,0.04,"fixed",1.387874,1.367851,1.408616,1.823271,1.777811,1.87032,NA,NA,NA,NA,NA,NA,NA,NA,NA,NA,NA,NA,NA,"SYNTH","T25",NA,NA,"mr_iso",NA,"v1.0",NA
"Kepler-435","Kepler-435",292.287301617797,43.1972537712742,"Gaia DR2 2125913531966017408","Gaia DR3 2125913531966017408","J19290895+4311502",14.2279996871948,0.039999999,14.308643,0.003277726,13.7720003128052,0.01,13.740892,0.002278006,13.591482,0.002764,13.892331,0.002992,13.130429,0.003821,12.5930004119873,0.02,12.3450002670288,0.018999999,12.2910003662109,0.022,0.055603284760831,0.044343537,0.066566307,6.56121079152864,6.28070049220379,6.86050684859822,0.6927,0.0112,16.4258690016951,209.837131528333,-20.4481383314535,0.07158667075527,7769.98,-7648.51405630502,1368.5243949334,321.073531370835,6246,54,3.87,0.02,-0.155,0.04,8.2,0.2,1.55,0.04,"fixed",1.29413,1.272373,1.318018,2.16824,2.105452,2.230815,NA,NA,NA,NA,NA,NA,NA,NA,NA,NA,NA,NA,NA,"SYNTH","T25",NA,NA,"mr_iso",NA,"v1.0",NA
"Kepler-444","Kepler-444",289.75229,41.63461,"Gaia DR2 2101486923385239808","Gaia DR3 2101486923385239808","J19190052+4138043",9.67000007629394,NA,9.661582,0.003290175,8.85999965667725,NA,8.89178,0.002262644,8.654593,0.002761,9.070076,0.002951,8.044746,0.004388,7.243999958,0.026000001,6.77199983596802,0.046999998,6.70300006866455,0.02,0.040073558,0.018424515,0.067896651,0.413984733392092,0.396545929209252,0.438234732823899,27.3578,0.0125,69.5354287483106,106.053030494312,-79.4828798055549,0.527481472721356,7989.81,-7989.73419975845,34.1396490470032,33.1236398371211,5048,120,4.43,0.14,-0.44,0.01,0,0,0.57,0.15,"fixed",0.673512,0.656325,0.703386,0.788084,0.761055,0.808927,NA,NA,NA,8.08,NA,7.2,0.04,NA,0.12,NA,NA,NA,NA,"EW","M22","C_SYEW;N_SYNTH","DS24","mr_iso",NA,"v1.0",NA
"Kepler-5","Kepler-5",299.4070341,44.03503825,"Gaia DR2 2079018300195390464","Gaia DR3 2079018300195390464","J19573768+4402061",NA,NA,14.048836,0.003074346,NA,NA,13.392875,0.002026903,13.215354,0.002761,13.56527,0.002899,12.692588,0.00382,12.1149997711182,0.028999999,11.8629999160767,0.032000002,11.7690000534058,0.025,0.166464606197268,0.144745697565485,0.189279965390933,4.66492435147981,4.4009516847907,4.95586547506564,1.1139,0.0107,19.6527160926998,212.002915444959,-1.65137091269219,0.0779059284987375,7876.32,-7827.81416429499,872.803671861975,145.410008140572,6374,134,4.12,0.1,-0.02,0.06,6.4,0.4,1.9,0.1,"free",1.346477,1.30795,1.378822,1.763089,1.670302,1.858625,NA,NA,NA,8.54,8.92,NA,0.08,0.12,NA,NA,NA,NA,NA,"EW","M22","C_SYEW;O_SYNTH","DS24","mr_iso",NA,"v1.0",NA
"Kepler-7","Kepler-7",288.581492310519,41.0897305653807,"Gaia DR2 2102117871259036672","Gaia DR3 2102117871259036672","J19141956+4105233",NA,NA,13.603069,0.002813967,NA,NA,12.998216,0.001992893,12.854568,0.002767,13.15646,0.002991,12.383218,0.003881,11.8330001831055,0.02,11.6009998321533,0.022,11.5349998474121,0.02,0.0255586508108226,0.0158238964028472,0.035651031,5.37798408699391,5.20062717729628,5.56004799876372,1.0319,0.0121,102.311967960279,209.944636323574,-20.0805832556613,0.337904096511448,7767.67,-7715.50461680794,898.731474804638,249.731933566424,6085,45,3.91,0.04,0.019,0.03,6.2,0.2,1.42,0.03,"fixed",1.29463,1.275669,1.393568,2.061099,2.013027,2.113116,NA,NA,NA,NA,NA,NA,NA,NA,NA,NA,NA,NA,NA,"SYNTH","T25",NA,NA,"mr_iso",NA,"v1.0",NA
"Kepler-76","Kepler-76",294.1921184,39.6189723,"Gaia DR2 2052441008208934144","Gaia DR3 2052441008208934144","J19364610+3937084",NA,NA,13.951926,0.002765629,NA,NA,13.394346,0.001943808,13.26274,0.002763,13.543081,0.002916,12.825617,0.003815,12.3430004119873,0.022,12.1339998245239,0.021,12.0920000076294,0.021,0.021998494,0.009213137,0.035212667,2.69216640468412,2.60074412618458,2.79233820887267,1.198,0.0107,19.0995413226312,225.313661416077,3.46788558261393,0.0692280176590383,7799.25,-7759.26757945218,788.694176425192,154.511539105125,6322,72,4.25,0.02,0.005,0.04,11.5,0.3,1.47,0.05,"fixed",1.215251,1.194738,1.237,1.359062,1.320977,1.398583,NA,NA,NA,NA,NA,NA,NA,NA,NA,NA,NA,NA,NA,"SYNTH","T25",NA,NA,"mr_iso",NA,"v1.0",NA
"Kepler-91","Kepler-91",285.672903231059,44.1167518279808,"Gaia DR2 2105909326647414400","Gaia DR3 2105909326647414400","J19024148+4407002",NA,NA,14.011917,0.005483048,NA,NA,12.80918,0.002794428,12.467858,0.002762,13.067884,0.002866,11.737186,0.003788,10.789999961853,0.026000001,10.2349996566772,0.029999999,10.1359996795654,0.021,0.066289585,0.053953864,0.075957598,16.9928020778978,16.4031896980024,17.5602789762038,0.7903,0.0101,-26.5978649422098,177.4758190916,2.51054533988254,0.226265785988253,7762.94,-7674.52126365048,1168.32255457699,385.959526201258,4586,42,2.89,0.08,0.3,0.15,3.1,0.3,0.95,0.03,"fixed",1.202942,0.989927,1.416732,6.517,6.358196,6.679897,NA,NA,NA,NA,NA,NA,NA,NA,NA,NA,NA,NA,NA,"EW","T25",NA,NA,"mr_iso",NA,"v1.0",NA
"KOI-12","KOI-12",297.453740811122,41.0110190933937,"Gaia DR2 2073860662955260416","Gaia DR3 2073860662955260416","J19494889+4100395",11.7299995422363,0.07,11.804443,0.002616275,11.5100002288818,0.100000001490116,11.355618,0.001596433,11.250564,0.00277,11.479465,0.00284,10.870871,0.003791,10.4610004425049,0.02,10.2869997024536,0.022,10.2340002059937,0.017999999,0.083217186,0.049630833,0.099182644,4.8160873348572,4.41846089725659,5.054091941,2.4645,0.0135,0.225263795276518,218.197194906288,2.08637257642788,0.0102710801854327,7908.65,-7899.05647395048,389.503002171608,77.4353792404031,6800,135,4.23,0.04,-0.1,0.07,70.6,2.4,1.8,0.09,"fixed",1.357251,1.322012,1.392926,1.56527,1.487146,1.647404,NA,NA,NA,NA,NA,NA,NA,NA,NA,NA,NA,NA,NA,"SYNTH","T25",NA,NA,"mr_iso",NA,"v1.0",NA
"KOI-13","BD+46  2629",286.9712706,46.8683345,"Gaia DR2 2130632159134827392","Gaia DR3 2130632159136095104","19075308+4652061",NA,NA,NA,NA,NA,NA,NA,NA,10.38234,0.00286,9.889401,0.016445,9.706606,0.014208,9.46599960327148,0.022,9.45499992370605,0.018999999,9.42500019073486,0.0140000004321337,0.069110358,0.054155557,0.083204664,27.0495395215999,25.4139911797794,28.6152986,2.0319,0.034400001,NA,NA,NA,NA,NA,NA,NA,NA,8211.454057,155.6096754,3.96362319,0.056373,0.2055,0.15,72.11425,0.905181151,3.113666667,0.378281531,"free",2.016205,1.965886,2.066019,2.461619,2.370385,2.556646,NA,NA,NA,NA,NA,NA,NA,NA,NA,NA,NA,NA,NA,"SYNTH","R26",NA,NA,"mr_iso",NA,"v1.0",NA
"KOI-94","KOI-94",297.333071987084,41.89111872,"Gaia DR2 2076970047474270208","Gaia DR3 2076970047474270208","J19491993+4153280",NA,NA,12.896461,0.002523357,NA,NA,12.322589,0.002289447,12.180761,0.002758,12.476459,0.002852,11.723535,0.00379,11.2180004119873,0.022,10.9569997787476,0.017999999,10.9259996414185,0.018999999,0.048427492,0.0379688038105019,0.058865791,2.53331916759693,2.46596924008188,2.60706404173474,2.1069,0.0086,1.94605440935141,215.564028560334,2.11948224155548,0.0244675563066846,7901.04,-7887.84578346395,456.509082544968,90.5677275851658,6290,45,4.25,0.01,-0.047,0.03,8.9,0.2,1.44,0.03,"fixed",1.179235,1.164721,1.194484,1.333624,1.307229,1.360608,NA,NA,NA,NA,NA,NA,NA,NA,NA,NA,NA,NA,NA,"SYNTH","T25",NA,NA,"mr_iso",NA,"v1.0",NA
"MASCARA-1","HD 201585",317.5515513,10.73887485,"Gaia DR2 1744911763437512064","Gaia DR3 1744911763437512064","21101237+1044197",8.51000022888184,0.0199999995529652,8.498805,0.003483624,8.27000045776367,0.01,8.298926,0.00130601,8.253352,0.002764,8.353887,0.002819,8.047562,0.003802,7.81899976730347,0.0179999992251396,7.74900007247925,0.028999999165535,7.73999977111816,0.017000000923872,0.004290588,0.001080526,0.0146462698685585,13.0668382538764,12.8614204913599,13.4282261320122,5.4889,0.023700001,16.0659912287885,242.180422114067,9.40350482901798,0.124160006254168,7919.67,-7918.34983469875,144.358692103221,-50.4460484120902,7702.562521,123.5700415,4.10833679,0.042118,-0.06875,0.11,105.773,1.812004231,2.943,0.508719307,"free",1.764633,1.725611,1.803304,1.955518,1.905673,2.006601,NA,NA,NA,NA,NA,NA,NA,NA,NA,NA,NA,NA,NA,"SYNTH","R26",NA,NA,"mr_iso",NA,"v1.0",NA
"MASCARA-4","HD  85628",147.5800038,-66.11386053,"Gaia DR2 5245968236116294016","Gaia DR3 5245968236116294016","09501920-6606500",8.39999961853027,0.01,8.379543,0.004978411,8.18999958,0.01,8.222751,0.001890805,8.185563,0.002769,8.264238,0.002839,8.014961,0.003798,7.83699989318848,0.0209999997168779,7.78499984741211,0.052999999,7.75,0.0230000000447035,0.004238574,0.001197055,0.008731926,11.8032776344357,11.6653025944918,11.9829334603007,5.9437,0.017000000923872,20.1279532427512,241.738513115774,2.04915792513264,0.128278049578831,7955.96,-7954.36125126817,-159.575699538065,-2.6263271706878,8046.491147,80.41838165,4.213,0.02,0.048,0.09,43.3725,0.470730992,2.663,0.539144384,"free",1.771869,1.753491,1.791305,1.73925,1.722447,1.756291,NA,NA,NA,NA,NA,NA,NA,NA,NA,NA,NA,NA,NA,"SYNTH","R26",NA,NA,"mr_iso",NA,"v1.0",NA
"NGTS-12","NGTS-12",176.249938664313,-35.64056191,"Gaia DR2 3464620139089832960","Gaia DR3 3464620139089832960","J11450000-3538261",12.9700002670288,0.050000001,12.98142,0.002821879,12.2700004577637,0.02,12.295942,0.002127267,12.118429,0.002761,12.473069,0.002837,11.596166,0.003794,10.9919996261597,0.026000001,10.6920003890991,0.024,10.5880002975464,0.021,0.045044883,0.0265792400953491,0.064047242,2.38328957430631,2.28479926679581,2.48760973366244,2.2471,0.013,-32.9056575560007,232.458870225695,5.17258483983197,0.128277938444348,7884.05,-7874.75893481625,-382.545374901509,214.813545568008,5623,128,4.03,0.05,-0.13,0.11,0,0,0.67,0.1,"fixed",0.986259,0.938837,1.035058,1.592141,1.515491,1.6742,NA,NA,NA,NA,NA,NA,NA,NA,NA,NA,NA,NA,NA,"EW","T25",NA,NA,"mr_iso",NA,"v1.0",NA
"NGTS-13","NGTS-13",176.240228870127,-38.13971588,"Gaia DR2 5385076140853434752","Gaia DR3 5385076140853434752","J11445767-3808229",13.418999671936,0.01,13.418105,0.002704242,12.7040004730225,0.02,12.725953,0.002033289,12.557459,0.002764,12.905756,0.002844,12.050031,0.003811,11.4809999465942,0.023,11.2440004348755,0.026000001,11.1409997940063,0.021,0.064333561,0.04502571,0.085058473,3.48709922222771,3.33063274249018,3.6682201538615,1.5273,0.0119,-37.2497199711615,180.259331450209,-0.993437861883381,0.230936524136345,7825.68,-7804.8176778749,-570.975944286055,279.17740291433,5905,145,4.07,0.04,0.37,0.11,5.6,0.3,1.23,0.12,"fixed",1.357535,1.273706,1.391073,1.777009,1.680363,1.86307,NA,NA,NA,NA,NA,NA,NA,NA,NA,NA,NA,NA,NA,"EW","T25",NA,NA,"mr_iso",NA,"v1.0",NA
"NGTS-2","NGTS-2",215.122758171148,-31.20206991,"Gaia DR2 6220602384081327104","Gaia DR3 6220602384081327104","J14202949-3112074",11.4099998474121,0.02,NA,NA,10.9610004425049,0.011,NA,NA,10.862703,0.002778,11.097934,0.00312,10.472544,0.003813,10.0550003051758,0.023,9.85799980163574,0.024,9.79899978637695,0.023,0.0181952983057828,0.008827748,0.0278144837850612,4.53287005931534,4.40837294868061,4.66736756086887,2.7764,0.0196,-33.2342931945499,220.935303406459,6.20441793446254,0.11164026495951,7742.72,-7740.51122797748,-185.047244745164,192.853699057486,6562,45,4.16,0.01,-0.07,0.03,15.4,0.4,1.66,0.03,"fixed",1.333368,1.319031,1.348623,1.639815,1.607781,1.672416,NA,NA,NA,NA,NA,NA,NA,NA,NA,NA,NA,NA,NA,"SYNTH","T25",NA,NA,"mr_iso",NA,"v1.0",NA
"PH2","PH2",289.763622,51.9626851936599,"Gaia DR2 2139300262131379584","Gaia DR3 2139300262131379584","J19190326+5157453",NA,NA,13.406147,0.003252133,NA,NA,12.739119,0.002148202,12.574943,0.002761,12.911645,0.002873,12.072777,0.003792,11.5010004043579,0.023,11.1820001602173,0.029999999,11.1160001754761,0.022,0.022604593,0.008083603,0.0415421788990127,0.875753542275818,0.847619418666307,0.913950983,2.9134,0.0105,-17.1704249974071,217.082721686437,6.73197141612972,0.0594966012623721,7967.19,-7960.52345613991,325.813177352205,125.521512578168,5788,136,4.46,0.05,-0.11,0.11,4,0.2,1.13,0.15,"free",0.931375,0.875951,0.977709,0.938524,0.904609,0.97898,NA,NA,NA,NA,NA,NA,NA,NA,NA,NA,NA,NA,NA,"EW","T25",NA,NA,"mr_iso",NA,"v1.0",NA
"Qatar-8","Qatar8",157.41294,70.52712,"Gaia DR2 1076515002779544960","Gaia DR3 1076515002779544960","J10293910+7031378",12.2399997711182,0.140000000596046,12.167361,0.002784518,11.710000038147,0.119999997317791,11.501527,0.001899224,11.344998,0.002784,11.677816,0.002856,10.851117,0.003794,10.2959995269775,0.023,10.0050001144409,0.024,9.9370002746582,0.015,0.006197066,0.001574133,0.015027081,1.70565424449147,1.6807329968829,1.74283537444915,3.6046,0.0164,-43.7807806830264,210.670447786287,-14.1271333554681,0.15420734005994,8153.42,-8152.26713737746,137.384461760656,211.794271483006,5640,93,4.17,0.08,-0.04,0.04,1.3,1,0.75,0.04,"free",0.961211,0.935017,0.990521,1.35392,1.308808,1.400044,NA,NA,NA,8.45,8.77,7.72,0.05,0.1,0.12,NA,NA,NA,NA,"EW","M22","C_SYEW;N_SYNTH;O_SYNTH","DS24","mr_iso",NA,"v1.0",NA
"TIC257060897","TIC257060897",227.532159229221,72.7103117072654,"Gaia DR2 1697129530714536320","Gaia DR3 1697129530714536320","J15100767+7242372",12.5799999237061,0.200000002980232,12.392818,0.002938379,11.81000042,0.140000000596046,11.799321,0.001977599,11.661698,0.002763,11.959469,0.002851,11.201644,0.003791,10.6960000991821,0.021,10.4460000991821,0.017000001,10.3870000839233,0.017000001,0.0135592314112662,0.003902481,0.0310299638283647,4.30290834194196,4.192306811,4.48302424424301,1.9695,0.0112,46.6866181514305,241.650819831863,-6.06740672372928,0.19722020513559,8138.69,-8130.66807007237,361.302781354176,356.916683943363,5942,150,3.97,0.06,0,0.001,2.9,0.3,1.15,0.15,"free",1.231852,1.17004,1.356323,1.907718,1.819717,2.009076,NA,NA,NA,NA,NA,NA,NA,NA,NA,NA,NA,NA,NA,"EW","T25",NA,NA,"mr_iso",NA,"v1.0",NA
"TOI-1130","TOI-1130",286.376006004671,-41.43764374,"Gaia DR2 6715688452614516736","Gaia DR3 6715688452614516736","J19053021-4126151",12.4200000762939,0.259999990463257,12.679549,0.007360791,11.5900001525879,0.159999996423721,11.413281,0.003117782,10.898942,0.002783,11.624973,0.002954,10.076888,0.003884,9.055000305,0.023,8.49300003051758,0.059,8.350999832,0.033,0.12485929899224,0.104355693932787,0.143498374348147,0.183155813590507,0.177348371474496,0.188777084361761,17.1212,0.021299999,0.909003843678913,226.92556070654,4.70164767538047,0.0345061703980406,7945.31,-7945.30580079837,-4.0867448112108,4.81329705248623,4468,142,4.6,0.06,-0.12,0.16,3.2,0.4,0.9,0.15,"free",0.669894,0.637449,0.703741,0.66985,0.649409,0.689927,NA,NA,NA,NA,NA,NA,NA,NA,NA,NA,NA,NA,NA,"EW","T25",NA,NA,"mr_iso",NA,"v1.0",NA
"TOI-125","TOI-125",23.593383482097,-66.67636655,"Gaia DR2 4698692744355471616","Gaia DR3 4698692748651744128","J01342273-6640328",11.7200002670288,0.079999998,11.744508,0.003808715,11.0200004577637,0.07,10.938164,0.002248188,10.717915,0.002759,11.134435,0.002833,10.14061,0.003788,9.46599960327148,0.021,9.11200046539307,0.025,8.99499988555908,0.021,0.07225564,0.057134708,0.087119911,0.569364347476685,0.551493538645894,0.588246663952733,9.0623,0.0101,98.9838448190421,228.419161474635,28.1723993427437,0.335244459531977,7968.92,-7968.66807257342,-63.6872169005683,-59.5054523044932,5442,136,4.5,0.05,-0.09,0.11,1.3,0.4,1.09,0.15,"free",0.847303,0.792779,0.892925,0.856146,0.825034,0.893779,NA,NA,NA,NA,NA,NA,NA,NA,NA,NA,NA,NA,NA,"EW","T25",NA,NA,"mr_iso",NA,"v1.0",NA
"TOI-1333","TOI-1333",325.014534203647,48.4067658904911,"Gaia DR2 1978027916667478656","Gaia DR3 1978027916667478656","J21400351+4824243",9.85400009155273,0.024,9.883854,0.003542378,9.4370002746582,0.021,9.466675,0.00226761,9.356977,0.002761,9.575048,0.00281,8.98446,0.003794,8.48499965667725,0.027000001,8.39700031280518,0.043000001,8.27200031280518,0.024,0.00861513,0.002243638,0.0210457603179232,5.43631515349938,5.3360070219098,5.6158029735156,5.1004,0.013,25.3312889481832,217.632061914943,6.59822505310203,0.0864151674777849,8013.99,-8011.61014914501,195.415316731063,14.1561891209837,6503,91,4.08,0.03,0.09,0.12,14.7,0.2,1.78,0.04,"fixed",1.446325,1.396973,1.495507,1.827731,1.77262,1.885076,NA,NA,NA,NA,NA,NA,NA,NA,NA,NA,NA,NA,NA,"EW","T25",NA,NA,"mr_iso",NA,"v1.0",NA
"TOI-1431","HD 201033",316.2036027,55.58792071,"Gaia DR2 2188906825165621120","Gaia DR3 2188906825165621120","21044887+5535166",8.30000019073486,NA,8.278348,0.006003601,8.02000045776367,NA,8.04099,0.001937553,7.989994,0.002764,8.106339,0.00284,7.760967,0.003789,7.54099988937378,0.028999999165535,7.4520001411438,0.044,7.43900012969971,0.028999999165535,0.00238577,0.00057037399083621,0.006802631,10.9417818730174,10.7983112425983,11.1163770421422,6.685,0.0186,-4.76329274190096,205.046304938674,9.59555618835092,0.0761865475237145,8013.24,-8011.86875722151,148.362745257198,39.95439128197,7548.957642,87.79372249,4.08280372,0.044755,0.38975,0.08,7.769333333,0.141549756,2.897666667,0.38439086,"free",1.77746,1.721618,1.829702,2.021732,1.965426,2.079772,NA,NA,NA,NA,NA,NA,NA,NA,NA,NA,NA,NA,NA,"SYNTH","R26",NA,NA,"mr_iso",NA,"v1.0",NA
"TOI-1518","BD+66  1610",352.2676049,67.03482738,"Gaia DR2 2210596444367488384","Gaia DR3 2210596444367488384","23290422+6702052",9.21000003814697,0.0199999995529652,9.194341,0.003804512,8.94999980926514,0.01,8.953065,0.002047123,8.903872,0.002765,9.023014,0.002843,8.676863,0.003803,8.42899990081787,0.0230000000447035,8.38399982452393,0.046999998,8.32499980926514,0.0209999997168779,0.0286645949778145,0.0128852668790341,0.050341204,11.7365622663972,11.2130748647788,12.5196732363944,4.3672,0.0141000002622604,23.9485871873232,227.273871266121,3.75971107649438,0.0903563477666527,8098.89,-8096.25883166894,206.577174767202,47.0041999358075,7805.307565,105.3699942,4.1897,0.052,0.25675,0.08,78.35,1.023955403,2.951,0.237362592,"free",1.845505,1.810255,1.880117,1.818591,1.759634,1.879266,NA,NA,NA,NA,NA,NA,NA,NA,NA,NA,NA,NA,NA,"SYNTH","R26",NA,NA,"mr_iso",NA,"v1.0",NA
"TOI-1601","TOI-1601",38.3615728467619,41.0134319360092,"Gaia DR2 338382713564401920","Gaia DR3 338382713564401920","J02332674+4100483",11.2700004577637,0.050000001,NA,NA,10.6599998474121,0.039999999,NA,NA,10.529541,0.002767,10.848083,0.002899,10.048383,0.003827,9.50500011444092,0.022,9.26599979400635,0.021,9.19099998474121,0.014,0.040639312,0.021075442,0.060150048,5.57681288474588,5.30607204438812,5.87213805976615,2.986,0.024700001,-5.23468216603518,204.974512581261,21.314302032875,0.0711265408506697,8256.7,-8254.46417597371,192.304413485727,-76.978025273318,6085,83,3.97,0.03,0.29,0.1,5.7,0.2,1.48,0.06,"fixed",1.504445,1.439202,1.543632,2.117505,2.040866,2.193693,NA,NA,NA,NA,NA,NA,NA,NA,NA,NA,NA,NA,NA,"EW","T25",NA,NA,"mr_iso",NA,"v1.0",NA
"TOI-201","TOI-201",87.4017844875727,-54.9104137,"Gaia DR2 4767547667180525696","Gaia DR3 4767547667180525696","J05493641-5454386",10.1040000915527,0.055,9.57259,0.003430353,9.715000153,0.079000004,9.072796,0.002021553,8.949289,0.002761,9.203999,0.002826,8.532517,0.003806,8.10299968719482,0.028999999,7.9229998588562,0.035999998,7.846000195,0.024,0.0260030332735557,0.0118592826154608,0.0425087774308632,2.61269495878547,2.52138612748456,2.722259529,8.9141,0.0142,-25.8600408906419,218.753814748418,4.92318450324141,0.087738305222699,8012.73,-8012.15576031195,-95.7797742520143,-32.1153071694138,6332,93,4.3,0.03,0.23,0.1,9,0.2,1.5,0.04,"fixed",1.298556,1.255922,1.337656,1.339992,1.299783,1.384463,NA,NA,NA,NA,NA,NA,NA,NA,NA,NA,NA,NA,NA,"EW","T25",NA,NA,"mr_iso",NA,"v1.0",NA
"TOI-216","TOI-216",73.98000609,-63.26033787,"Gaia DR2 4664811297844004352","Gaia DR3 4664811297844004352","J04555525-6315362",NA,NA,13.387269,0.005059486,NA,NA,12.425744,0.002802377,12.157634,0.002781,12.643642,0.00307,11.514852,0.003881,10.7589998245239,0.023,10.3319997787476,0.026000001,10.2180004119873,0.021,0.096364843,0.080491121,0.111476652039078,0.425498362,0.412425937371764,0.438652557030237,5.6152,0.0096,63.0793224766335,210.820966342715,-21.1700137076883,0.215657123824004,7993.09,-7991.82719097477,-142.13546676579,-81.9895507408436,5152,132,4.52,0.05,0.09,0.12,1.6,0.4,1.09,0.15,"free",0.830829,0.778184,0.874707,0.830948,0.80313,0.864485,NA,NA,NA,NA,NA,NA,NA,NA,NA,NA,NA,NA,NA,"EW","T25",NA,NA,"mr_iso",NA,"v1.0",NA
"TOI-257","TOI-257",47.5172824333411,-50.83225932,"Gaia DR2 4747624104168195072","Gaia DR3 4747624104168195072","J03100397-5049567",8.159999847,0.02,8.119964,0.00547533,7.53999996185303,0.01,7.562947,0.002191927,7.430989,0.002762,7.710426,0.002823,6.984459,0.003832,6.50400018692017,0.018999999,6.32499980926514,0.021,6.256000042,0.021,0.0400445292849108,0.0224406041484025,0.057947895,5.08399984090958,4.870641284,5.311076351983,13.0107,0.017200001,-16.947914229223,213.370392018752,22.5916480596112,0.0645258067632968,8004.52,-8004.39385006838,-44.2377794770195,-37.6961034375383,6224,104,4.04,0.03,0.36,0.12,9.4,0.3,1.68,0.07,"fixed",1.497433,1.455853,1.527642,1.926399,1.850605,2.006841,NA,NA,NA,NA,NA,NA,NA,NA,NA,NA,NA,NA,NA,"EW","T25",NA,NA,"mr_iso",NA,"v1.0",NA
"TOI-421","TOI-421",81.8532772709412,-14.27673333,"Gaia DR2 2984582227215748864","Gaia DR3 2984582227215748864","J05272482-1416370",10.7299995422363,0.059999999,10.778321,0.003064893,9.930000305,0.039999999,9.996267,0.001879781,9.783354,0.002758,10.184568,0.002808,9.213981,0.003788,8.546999931,0.02,8.2189998626709,0.033,8.07100009918213,0.017999999,0.0606357302145847,0.042844095,0.07748258,0.607988512024209,0.58547706212798,0.630372166,13.3337,0.0117,-58.0479928719564,207.463821835772,-30.065122024189,0.201987975042877,8054.62,-8054.51839497363,-40.7308030639105,-6.45101724126187,5466,130,4.49,0.05,-0.06,0.11,1.6,0.3,1.09,0.15,"free",0.865132,0.809979,0.911771,0.875248,0.843506,0.913443,NA,NA,NA,NA,NA,NA,NA,NA,NA,NA,NA,NA,NA,"EW","T25",NA,NA,"mr_iso",NA,"v1.0",NA
"TOI-431","TOI-431",83.2692528751565,-26.72384885,"Gaia DR2 2908664557091200768","Gaia DR3 2908664557091200768","J05330459-2643286",10.1700000762939,NA,10.12609,0.00365653,9.13000011444092,NA,9.124031,0.002329321,8.79872,0.002774,9.334209,0.003015,8.114671,0.003866,7.30499982833862,0.026000001,6.84600019454956,0.028999999,6.72300004959106,0.021,0.107196818793455,0.091605395,0.123625810364032,0.331754581238628,0.322191977100763,0.341993246524298,30.6517,0.0141,-35.7055109033292,209.323589919298,-6.99555635665197,0.130934757931307,8018.4,-8018.37438161384,-22.1443342282602,9.67220167238163,4686,144,4.5,0.06,0.09,0.14,1.6,1.3,1.09,0.15,"free",0.761805,0.726754,0.811052,0.817795,0.788984,0.843175,NA,NA,NA,NA,NA,NA,NA,NA,NA,NA,NA,NA,NA,"EW","T25",NA,NA,"mr_iso",NA,"v1.0",NA
"TOI-451","TOI-451",62.9663830499129,-37.93972822,"Gaia DR2 4844691297067063424","Gaia DR3 4844691297067063424","J04115194-3756232",11.6400003433228,0.07,11.680225,0.004971686,10.93999958,0.059999999,10.951134,0.002771504,10.75605,0.002824,11.131156,0.003521,10.213574,0.004077,9.63599968,0.024,9.28699970245361,0.022,9.18999958,0.023,0.015920489,0.006252459,0.0274985342650123,0.602113560956849,0.589017752442072,0.61760168015461,8.0993,0.0108,0.326809375848643,228.128013112123,-11.5273801662922,0.0429805373755879,8042.03,-8041.69970916612,-73.4187825023084,-65.0658221462647,5530,60,4.52,0.03,-0.08,0.11,8.2,0.2,1.5,0.05,"fixed",0.879184,0.835202,0.915338,0.847792,0.829655,0.866779,NA,NA,NA,NA,NA,NA,NA,NA,NA,NA,NA,NA,NA,"EW","T25",NA,NA,"mr_iso",NA,"v1.0",NA
"TOI-561","TOI-561",148.185136438542,6.21609457628659,"Gaia DR2 3850421005290172416","Gaia DR3 3850421005290172416","J09524454+0612589",10.9090003967285,0.02,10.941556,0.003132052,10.2430000305176,0.029999999,10.217272,0.002170473,10.018079,0.00276,10.394488,0.0028,9.469188,0.003787,8.87899971008301,0.02,8.50399971008301,0.055,8.39400005340576,0.018999999,0.040628771,0.02361537243417,0.0588132262845435,0.596315695,0.574621178319083,0.620788359,11.8342,0.0208,-48.5555242197648,161.841281658714,24.7820047906833,0.320612825228788,8039.12,-8038.97152317887,-48.1356639605056,82.4588971622852,5548,134,4.49,0.05,-0.39,0.11,0,0,1.09,0.15,"free",0.782427,0.72804,0.834036,0.830349,0.795722,0.870372,NA,NA,NA,NA,NA,NA,NA,NA,NA,NA,NA,NA,NA,"EW","T25",NA,NA,"mr_iso",NA,"v1.0",NA
"TOI-615","TOI-615",133.4087871,-40.54381162,"Gaia DR2 5524780333100885888","Gaia DR3 5524780333100885888","08533810-4032376",11.1099996566772,0.050000001,11.054367,0.003078469,10.8199996948242,0.059999999,10.673223,0.002207801,10.579415,0.002763,10.775348,0.002832,10.238445,0.003802,9.88199996948242,0.022,9.74400043487549,0.0260000005364418,9.66899967193604,0.0209999997168779,0.022263184,0.0160860928878468,0.0285605716778432,5.73861205791602,5.631130974,5.85045415791541,2.8233,0.0136,-44.5299982027531,207.858066041018,14.3393033218511,0.160052128004245,8056.77,-8049.14883760075,-350.359700401958,41.9252423916751,6976.136152,26.78458348,4.202424711,0.017568,0.04625,0.05,17.65125,0.109582161,1.96325,0.177723334,"free",1.491147,1.48326,1.501341,1.614826,1.5948,1.634916,NA,NA,NA,NA,NA,NA,NA,NA,NA,NA,NA,NA,NA,"SYNTH","R26",NA,NA,"mr_iso",NA,"v1.0",NA
"TOI-628","TOI-628",99.2630604977498,1.76754954822567,"Gaia DR2 3126717023051258112","Gaia DR3 3126717023056016256","J06370314+0146031",10.6700000762939,0.050000001,NA,NA,10.1099996566772,0.039999999,NA,NA,10.060936,0.00277,10.357031,0.002845,9.606974,0.003823,9.17000007629394,0.041000001,8.89500045776367,0.057,8.81099987030029,0.018999999,0.0150548872126679,0.00465563,0.0290641230756659,2.47433001357075,2.40911694820836,2.56690152757872,5.3855,0.024900001,-6.21986773584957,222.227853672005,4.69445582422447,0.0252638364864808,8161.63,-8161.10845031135,-91.9649953655299,17.7534645740255,6116,74,4.24,0.03,0.18,0.1,6.5,0.1,1.18,0.05,"fixed",1.237105,1.195504,1.277477,1.393289,1.353539,1.434477,NA,NA,NA,NA,NA,NA,NA,NA,NA,NA,NA,NA,NA,"EW","T25",NA,NA,"mr_iso",NA,"v1.0",NA
"TOI-677","TOI-677",144.119353916324,-50.46308737,"Gaia DR2 5313031504751276032","Gaia DR3 5313031504751276032","J09362869-5027478",10.3500003814697,0.039999999,10.346631,0.00313118,9.819999695,0.029999999,9.814268,0.001925723,9.66592,0.002759,9.948434,0.002816,9.215272,0.003791,8.72200012207031,0.021,8.47000026702881,0.037999999,8.42899990081787,0.023,0.0148634129040116,0.007163386,0.023061526,2.12933891764456,2.08622592849915,2.175310747,7.0495,0.0114,-17.4663004937237,192.148295182294,18.2769431228687,0.148829751250436,7990.48,-7989.23160849622,-141.415094925774,28.081523670619,6147,36,4.26,0.01,-0.078,0.03,7,0.2,1.34,0.03,"fixed",1.108107,1.089174,1.125392,1.282865,1.262796,1.303194,NA,NA,NA,NA,NA,NA,NA,NA,NA,NA,NA,NA,NA,"SYNTH","T25",NA,NA,"mr_iso",NA,"v1.0",NA
"TOI-824","TOI-824",222.165456968984,-57.5888878,"Gaia DR2 5880886001621564928","Gaia DR3 5880886001621564928","J14483982-5735175",12.2629995346069,0.01,12.286425,0.005359931,11.1529998779297,0.01,11.170643,0.003210842,10.761123,0.002764,11.383704,0.00293,10.009953,0.003812,9.14500045776367,0.017999999,8.55700016021729,0.046,8.43200016021729,0.037999999,0.125158564211052,0.108529620652616,0.141616307649919,0.229439546139907,0.22302036096091,0.236139326010408,15.6529,0.0126,10.7147067299859,186.538894059964,-26.5364635794901,0.166158192355112,7952.5,-7952.3902317413,-42.6038784180994,26.8332386926286,4716,136,4.59,0.06,-0.25,0.15,2.4,0.4,1.09,0.15,"free",0.676105,0.641249,0.713834,0.691893,0.669695,0.714343,NA,NA,NA,NA,NA,NA,NA,NA,NA,NA,NA,NA,NA,"EW","T25",NA,NA,"mr_iso",NA,"v1.0",NA
"TOI-954","TOI-954",61.9410578320593,-25.20880694,"Gaia DR2 4890874702443960832","Gaia DR3 4890874702443960832","J04074585-2512312",11.1000003814697,0.059999999,11.100009,0.002642303,10.3800001144409,0.029999999,10.401878,0.00165862,10.235311,0.002758,10.579633,0.002797,9.723675,0.003783,9.180000305,0.024,8.89099979400635,0.026000001,8.7790002822876,0.023,0.0284420029657299,0.0140802464682163,0.045187287,3.65872688272211,3.54317498982742,3.79535014604869,4.1829,0.0156,43.1267577033845,219.289135819125,2.27210717869283,0.145989161047925,8124.29,-8123.53476739946,-110.694779555938,-147.130907811103,5842,95,4.03,0.03,0.32,0.1,4,0.2,1.31,0.06,"fixed",1.355736,1.246727,1.394286,1.853566,1.793175,1.911851,NA,NA,NA,NA,NA,NA,NA,NA,NA,NA,NA,NA,NA,"EW","T25",NA,NA,"mr_iso",NA,"v1.0",NA
"TrES-2","TOI-2140",286.808526979196,49.3164212880658,"Gaia DR2 2131314401800665344","Gaia DR3 2131314401800665344","J19071403+4918590",11.8500003814697,0.100000001490116,12.035529,0.004453604,11.25,0.079999998,11.42837,0.00179325,11.282958,0.002767,11.584682,0.002882,10.782799,0.003941,10.2320003509521,0.02,9.92000007629394,0.026000001,9.8459997177124,0.022,0.007138071,0.001769534,0.0171734029905918,1.12977780900528,1.11429536147782,1.15674119598117,4.6308,0.0116,8.08310548177141,235.370661207629,3.24101224321092,0.0822896274607978,7966.09,-7963.51781736256,202.381445409156,90.9290179390104,5754,86,4.37,0.04,-0.08,0.11,1.6,0.6,0.66,0.07,"fixed",0.948668,0.895338,1.003502,1.063166,1.031147,1.096244,NA,NA,NA,NA,NA,NA,NA,NA,NA,NA,NA,NA,NA,"EW","T25",NA,NA,"mr_iso",NA,"v1.0",NA
"TrES-4","TOI-2124",268.30437,37.21183,"Gaia DR2 4609062308806929152","Gaia DR3 4609062308806929152","J17531304+3712426",12.1120004653931,0.007,12.105641,0.00321958,11.5920000076294,0.004,11.588565,0.001831263,11.469914,0.002768,11.724935,0.002922,11.049784,0.00389,10.5830001831055,0.017999999,10.3500003814697,0.015,10.3299999237061,0.018999999,0.019008648,0.00815454,0.0310371835998875,5.11512032119624,4.965490402,5.28771916993725,1.9686,0.0136,51.2017484603804,195.174955204958,1.79729935672225,0.208863215967628,7804.46,-7794.02441434808,403.437717253228,254.92169783392,6279,68,4.04,0.12,0.28,0.03,9.6,0.3,1.55,0.03,"free",1.490615,1.473299,1.508193,1.901278,1.851471,1.952532,NA,NA,NA,8.65,NA,NA,0.07,NA,NA,NA,NA,NA,NA,"EW","M22","C_SYEW","DS24","mr_iso",NA,"v1.0",NA
"WASP-1","WASP-1",5.16698,31.98999,"Gaia DR2 2862548428079638912","Gaia DR3 2862548428079638912","J00204007+3159239",12.06000042,0.209999993,12.245333,0.002962626,11.31000042,0.129999995231628,11.669764,0.001935761,11.532242,0.002774,11.826927,0.002854,11.074697,0.003796,10.5860004425049,0.018999999,10.3640003204346,0.016000001,10.2760000228882,0.017999999,0.042709472,0.030982920959503,0.054696138,2.92198100440621,2.82564450294219,3.02008768631167,2.6108,0.0218,25.6610445936646,223.186708340059,10.1121902643579,0.0892768516037057,8147.52,-8142.04889501423,298.418635882731,-168.545608321912,6202,60,4.21,0.12,0.21,0.03,2.7,0.4,1.19,0.08,"free",1.297433,1.280374,1.31448,1.472469,1.435794,1.510184,NA,NA,NA,8.59,8.76,NA,0.06,0.11,NA,NA,NA,NA,NA,"EW","M22","C_SYEW;O_SYNTH","DS24","mr_iso",NA,"v1.0",NA
"WASP-100","WASP-100",68.95981944,-64.02703905,"Gaia DR2 4675352109658261376","Gaia DR3 4675352109659600000","J04355033-6401373",11.0699996948242,0.050000001,11.122922,0.0032626,10.8000001907349,0.059999999,10.718594,0.002638766,10.616221,0.002764,10.827892,0.002813,10.261888,0.003788,9.92800045013428,0.027000001,9.715000153,0.022,9.66899967193604,0.024,0.012241446,0.003681985,0.025246336,5.47890633026796,5.354327278,5.67037179528121,2.8079,0.0129,NA,NA,NA,NA,NA,NA,NA,NA,6705,80,4.11,0.13,-0.05,0.03,12.5,0.2,1.9,0.04,"free",1.403898,1.386818,1.421,1.726211,1.679364,1.774202,NA,NA,NA,8.55,NA,NA,0.06,NA,NA,NA,NA,NA,NA,"EW","M22","C_SYEW","DS24","mr_iso",NA,"v1.0",NA
"WASP-101","WASP-101",98.35111,-23.48619,"Gaia DR2 2924661867160818304","Gaia DR3 2924661867160818304","J06332426-2329103",10.7799997329712,0.039999999,10.756846,0.00267815,10.3400001525879,0.029999999,10.257544,0.001906577,10.141723,0.002762,10.3903,0.002801,9.737675,0.003784,9.33399963378906,0.024,9.123999596,0.022,9.07499980926514,0.025,0.005878691,0.001503451,0.0150019362939548,2.59624229793624,2.56367624337621,2.65473931175668,5.0067,0.0128,-33.3612474103132,211.733240246775,4.07003760290787,0.119266160884507,8119.89,-8118.44476354347,-153.226003419349,-23.740931222761,6202,81,4.27,0.13,0.22,0.04,12.9,0.2,1.28,0.04,"free",1.275768,1.254492,1.297874,1.388292,1.351015,1.426628,NA,NA,NA,8.64,8.62,NA,0.08,0.2,NA,NA,NA,NA,NA,"EW","M22","C_SYEW;O_SYNTH","DS24","mr_iso",NA,"v1.0",NA
"WASP-103","WASP-103",249.3149,7.18336,"Gaia DR2 4439085988769170432","Gaia DR3 4439085988769170432","J16371556+0711000",NA,NA,12.975648,0.00274322,12.1000003814697,0.01,12.348322,0.00262891,12.192057,0.002811,12.50773,0.002945,11.688677,0.003811,11.1000003814697,0.026000001,10.8570003509521,0.032000002,10.7670001983643,0.02,0.120688019218388,0.105468901550498,0.135033860334035,3.87509831523464,3.37275375461593,4.48265812410174,1.8332,0.107299998402596,-30.9010080163317,208.166784158567,6.72919562723052,0.118540107749666,7581.49,-7579.30997318206,181.716835512217,320.952673639393,6263,71,4.13,0.18,0.29,0.03,10.7,0.2,1.68,0.02,"free",1.397143,1.356577,1.441229,1.632008,1.514086,1.759144,NA,NA,NA,8.78,9.15,8.23,0.06,0.12,0.12,NA,NA,NA,NA,"EW","M22","C_SYEW;N_SYNTH;O_SYNTH","DS24","mr_iso",NA,"v1.0",NA
"WASP-104","WASP-104",160.60251,7.43508,"Gaia DR2 3868603216762016256","Gaia DR3 3868603216762016256","J10422458+0726060",12.3000001907349,NA,NA,NA,NA,NA,NA,NA,11.585624,0.002786,12.007717,0.00341,11.007566,0.00382,10.3599996566772,0.024,9.97900009155273,0.026000001,9.88199996948242,0.018999999,0.007415982,0.001904764,0.0180937627955171,0.62643527,0.61765113253098,0.63981446960108,5.3641,0.0186,-21.3210566790055,209.307348603219,16.9789016502354,0.0865899513096166,8055.79,-8055.21961677031,-95.4448278876801,175.301644228002,5362,102,4.49,0.15,0.47,0.02,3.1,0.6,0.62,0.28,"free",1.018247,0.996783,1.03359,0.936115,0.927406,0.947924,NA,NA,NA,8.89,9.06,NA,0.04,0.17,NA,NA,NA,NA,NA,"EW","M22","C_SYEW;O_SYNTH","DS24","mr_iso",NA,"v1.0",NA
"WASP-105","WASP-105",24.1678606913554,-50.65931216,"Gaia DR2 4917441922731087488","Gaia DR3 4917441922731087488","J01364035-5039330",12.93999958,0.01,12.982874,0.00397744,12.039999961853,0.01,12.087846,0.002660205,11.858755,0.002846,12.294283,0.002856,11.211555,0.003802,10.456000328064,0.022,10.0410003662109,0.025,9.93500042,0.021,0.088823974,0.072367493,0.106493107104138,0.835406081656799,0.793572395786654,0.882921624583974,4.6026,0.089299999,60.1472632162912,229.732246799728,-12.6787747823815,0.210976405029342,7975.92,-7975.42399940521,-88.510782252546,-171.898308496005,5312,123,4.36,0.05,0.24,0.12,2.3,0.4,1.1,0.15,"free",0.931482,0.875554,0.989946,1.062677,1.011217,1.117588,NA,NA,NA,NA,NA,NA,NA,NA,NA,NA,NA,NA,NA,"EW","T25",NA,NA,"mr_iso",NA,"v1.0",NA
"WASP-106","WASP-106",166.42973,-5.07943,"Gaia DR2 3788394461991295488","Gaia DR3 3788394461991295488","J11054313-0504458",12.039999961853,0.189999997615814,12.036553,0.003657602,11.210000038147,0.109999999403953,11.491535,0.002430367,11.362317,0.002775,11.636615,0.002864,10.929559,0.003793,10.4720001220703,0.024,10.2340002059937,0.023,10.16100025177,0.027000001,0.001169268,0.000306274,0.002866953,2.70759832277172,2.66844288883409,2.75005596703489,2.7828,0.018100001,-16.0185528619576,192.429904710583,-8.32355412336237,0.145045302957239,8041.36,-8037.98409511509,-233.047359517088,295.875863441561,6259,3,4.22,0.11,0.16,0.01,6.9,0.2,1.25,0.09,"free",1.267636,1.261754,1.273546,1.39461,1.383752,1.405959,NA,NA,NA,8.54,8.67,7.81,0.04,0.1,0.12,NA,NA,NA,NA,"EW","M22","C_SYEW;N_SYNTH;O_SYNTH","DS24","mr_iso",NA,"v1.0",NA
"WASP-107","WASP-107",188.38685,-10.14617,"Gaia DR2 3578638842054261248","Gaia DR3 3578638842054261248","J12333284-1008461",14.6199998855591,1.20000004768372,12.94005,0.005626131,11.4700002670288,0.200000002980232,11.684175,0.001974686,11.183329,0.002774,11.901632,0.002843,10.36105,0.003793,9.37800025939941,0.021,8.77700042724609,0.026000001,8.637000084,0.023,0.151432193901782,0.135235764942341,0.167367131455328,0.17802955901381,0.173411371854445,0.182634177277913,15.5277,0.026000001,-9.15751986016065,207.519556478373,14.6827970608522,0.0682891352605899,7982.87,-7982.794760846,-35.3499859687159,76.021472817558,4411,150,4.59,0.14,-0.09,0.001,3.1,0.3,0.66,0.15,"free",0.667606,0.638411,0.698907,0.666299,0.648364,0.683619,NA,NA,NA,8.25,8.81,NA,0.08,0.13,NA,NA,NA,NA,NA,"EW","M22","C_SYNTH;O_SYNTH","DS24","mr_iso",NA,"v1.0",NA
"WASP-113","WASP-113",224.872860056012,46.9600984883863,"Gaia DR2 1587399232335653760","Gaia DR3 1587399232335653760","J14592946+4657364",12.46399974823,0.01,12.365692,0.003320129,11.7290000915527,0.01,11.743164,0.001902439,11.599696,0.002763,11.905601,0.002856,11.131968,0.003794,10.6359996795654,0.022,10.3299999237061,0.026000001,10.3109998703003,0.021,0.005125346,0.001511395,0.0108924370462395,3.32185938157652,3.27348769858554,3.37908786417624,2.2749,0.0109,29.4786405210552,225.231358134175,-3.96743620642255,0.104551418001042,7960.99,-7957.6920560646,229.095590630722,397.777657783467,6015,36,4.1,0.01,0.142,0.03,7.6,0.2,1.31,0.03,"fixed",1.2875,1.264881,1.302735,1.675835,1.650687,1.701152,NA,NA,NA,NA,NA,NA,NA,NA,NA,NA,NA,NA,NA,"SYNTH","T25",NA,NA,"mr_iso",NA,"v1.0",NA
"WASP-117","WASP-117",36.77541,-50.28453,"Gaia DR2 4746157737910069888","Gaia DR3 4746157737910069888","J02270610-5017042",10.7399997711182,0.039999999,10.715166,0.004081114,10.1400003433228,0.029999999,10.175251,0.002912991,10.031728,0.00276,10.311153,0.002805,9.586788,0.003786,9.14299964904785,0.022,8.85999965667725,0.024,8.77999973297119,0.021,0.007020484,0.001838346,0.0161458218133284,1.84058385517117,1.8155264786665,1.88261048437446,6.3409,0.0129,-32.6498963277408,221.414470792217,31.2764643903753,0.113483947131948,7999.19,-7998.81805281694,-77.5714588706654,-112.305081354943,5950,80,4.26,0.13,-0.14,0.03,1.2,0.5,0.78,0.29,"free",1.008815,0.98223,1.035217,1.267649,1.233521,1.302959,NA,NA,NA,8.21,8.54,NA,0.06,0.1,NA,NA,NA,NA,NA,"EW","M22","C_SYEW;O_SYNTH","DS24","mr_iso",NA,"v1.0",NA
"WASP-118","WASP-118",19.5505864231347,2.70278269013566,"Gaia DR2 2562569564026683520","Gaia DR3 2562569564026683520","J01181213+0242102",11.56000042,0.029999999,11.553981,0.003731526,11.039999961853,0.050000001,11.044249,0.002190096,10.918823,0.00277,11.179986,0.002834,10.498005,0.003806,10.0869998931885,0.026000001,9.84700012207031,0.023,9.78800010681152,0.021,0.055797426,0.030713737,0.080892336,5.43985809370911,5.09571985365632,5.82363943616599,2.5854,0.023600001,17.6932840163498,211.871418232314,-10.8284989161869,0.0704680417714352,8143.87,-8142.73042775678,136.008058729249,-307.747272812357,6440,150,4.06,0.04,0.09,0.11,11,0.2,1.72,0.09,"fixed",1.440423,1.386684,1.491205,1.857674,1.752803,1.970403,NA,NA,NA,NA,NA,NA,NA,NA,NA,NA,NA,NA,NA,"EW","T25",NA,NA,"mr_iso",NA,"v1.0",NA
"WASP-12","WASP-12",97.63665,29.6723,"Gaia DR2 3435282862461427072","Gaia DR3 3435282862461427072","J06303279+2940202",12.1400003433228,0.209999993,12.200084,0.004634035,11.5699996948242,0.159999996423721,11.634723,0.002318681,11.498614,0.002815,11.77942,0.00295,11.028495,0.004104,10.4770002365112,0.021,10.2279996871948,0.022,10.1879997253418,0.02,0.05529985,0.04222887,0.068183112,3.64998684586684,3.5238683178922,3.77779674088896,2.4213,0.0166,-9.80197582852857,220.160213607067,2.10843450954576,0.0341980193953674,8406.76,-8406.71217558833,-29.0497872737049,90.4257619167406,6197,62,4.09,0.12,0.17,0.02,3.1,0.7,1.44,0.03,"free",1.341586,1.326071,1.356778,1.648593,1.605619,1.692677,NA,NA,NA,8.58,8.74,NA,0.06,0.1,NA,NA,NA,NA,NA,"EW","M22","C_SYEW;O_SYNTH","DS24","mr_iso",NA,"v1.0",NA
"WASP-120","WASP-120",62.61607,-45.89821,"Gaia DR2 4837286842167819776","Gaia DR3 4837286842168217088","J04102785-4553535",11.4799995422363,0.059999999,11.44285,0.003709944,10.960000038147,0.059999999,11.004801,0.002203331,10.898673,0.002771,11.119175,0.00283,10.528265,0.003813,10.1479997634888,0.024,9.98200035095215,0.034000002,9.8769998550415,0.023,0.033490416,0.0159058281033046,0.055904556,5.07473873092023,4.84851787543632,5.37309395694303,2.6143,0.015,16.050260707609,211.066629894116,-3.77191170104836,0.0687068187039665,8084.97,-8081.10648774342,-249.833989379855,-253.061108363541,6577,132,4.13,0.12,0.17,0.02,16.1,0.3,1.97,0.11,"free",1.462017,1.441282,1.482069,1.720458,1.640717,1.803727,NA,NA,NA,8.54,NA,NA,0.05,NA,NA,NA,NA,NA,NA,"EW","M22","C_SYEW","DS24","mr_iso",NA,"v1.0",NA
"WASP-121","WASP-121",107.600230511146,-39.09726685,"Gaia DR2 5565050255701441664","Gaia DR3 5565050255701441664","J07102406-3905506",11,0.050000001,10.936081,0.003154334,10.5100002288818,0.039999999,10.487275,0.002102668,10.375196,0.002767,10.602913,0.002808,10.002364,0.003793,9.625,0.021,9.43900012969971,0.025,9.373999596,0.022,0.001585392,0.000408852,0.004478506,3.6052623767786,3.57802216231519,3.63702163773987,3.7996,0.0104,-31.4226916365904,205.750635300593,7.24904986983389,0.126532363385135,8090.1,-8086.50614488504,-241.099055350271,-35.3879589635793,6509,36,4.26,0.01,0.17,0.03,14.7,0.4,1.59,0.03,"fixed",1.366228,1.352481,1.380314,1.487671,1.470194,1.50551,NA,NA,NA,NA,NA,NA,NA,NA,NA,NA,NA,NA,NA,"SYNTH","T25",NA,NA,"mr_iso",NA,"v1.0",NA
"WASP-122","WASP-122",108.301406890277,-42.40976247,"Gaia DR2 5560886336446650240","Gaia DR3 5560886336446650240","J07131235-4224350",11.7799997329712,0.090000004,11.695376,0.00347056,11,0.07,11.002697,0.00207771,10.839993,0.002758,11.180739,0.002832,10.334152,0.003805,9.807999611,0.024,9.48700046539307,0.024,9.42399978637695,0.023,0.0196829892297431,0.007744495,0.0340291822718909,2.16834209413734,2.1107574589252,2.24134548943896,4.0549,0.0099,-0.847670380183173,203.874422738387,-13.5946389369687,0.0791159935343513,8070.8,-8067.53483502022,-229.394444839833,-35.2622629352166,5819,70,4.21,0.05,0.38,0.02,4.1,0.5,1.1,0.05,"free",1.237922,1.223132,1.252738,1.44058,1.400177,1.482526,NA,NA,NA,NA,NA,NA,NA,NA,NA,NA,NA,NA,NA,"EW","T25",NA,NA,"mr_iso",NA,"v1.0",NA
"WASP-123","WASP-123",289.4793,-32.85999,"Gaia DR2 6756148659453907200","Gaia DR3 6756148659453907200","J19175503-3251358",11.7749996185303,0.01,NA,NA,11.0609998703003,0.01,NA,NA,10.901385,0.002762,11.25983,0.00307,10.373097,0.003811,9.79899978637695,0.022,9.456999779,0.026000001,9.36200046539307,0.021,0.009645761,0.003017286,0.0205595961371553,1.33482566439501,1.31198432518479,1.36734415826277,5.0088,0.020300001,32.2562870586284,200.167431757041,5.315093702038,0.147026058848402,7812.75,-7812.73074833111,17.0442054759322,-42.1868391270093,5642,50,4.25,0.15,0.24,0.02,3.2,0.3,0.79,0.08,"free",1.052866,1.035742,1.070223,1.203857,1.17914,1.228525,NA,NA,NA,8.69,8.96,NA,0.04,0.12,NA,NA,NA,NA,NA,"EW","M22","C_SYEW;O_SYNTH","DS24","mr_iso",NA,"v1.0",NA
"WASP-124","WASP-124",332.71434,-30.74966,"Gaia DR2 6614751532833886464","Gaia DR3 6614751532833886464","J22105143-3044588",NA,NA,13.260119,0.002995144,NA,NA,12.698348,0.002282165,12.564566,0.002783,12.848153,0.0029,12.124265,0.003805,11.6499996185303,0.023,11.418999671936,0.024,11.31000042,0.023,0.006857423,0.001904043,0.0160032955038329,1.6022261144895,1.5701960405728,1.64108246453861,2.1036,0.0145,17.1919530099508,199.686624744189,10.9540880591969,0.114177575667875,7740.35,-7739.92155532889,81.1571647608186,-364.57902311989,6016,70,4.38,0.07,0.08,0.02,4.8,0.3,0.87,0.13,"free",1.109061,1.085816,1.132757,1.161755,1.132509,1.19106,NA,NA,NA,8.42,8.78,7.67,0.05,0.11,0.12,NA,NA,NA,NA,"EW","M22","C_SYEW;N_SYNTH;O_SYNTH","DS24","mr_iso",NA,"v1.0",NA
"WASP-126","WASP-126",63.37394,-69.22682,"Gaia DR2 4666498154837086208","Gaia DR3 4666498154837086208","J04132972-6913365",11.9040002822876,0.022,11.924446,0.002935468,11.2030000686646,0.022,11.235591,0.001874214,11.066118,0.00276,11.41161,0.002838,10.553247,0.003794,9.96199989318848,0.021,9.65900039672852,0.023,9.59799957275391,0.021,0.0244340019956235,0.0111331275693648,0.038701664,1.40619289581029,1.36493078827832,1.45320483802522,4.5933,0.01,-57.3036903172554,173.45394862061,13.5496296066789,0.293689655251341,7965.81,-7964.0892513372,-165.657873485631,-111.628462859912,5667,78,4.28,0.16,0.18,0.02,2.5,0.3,0.7,0.13,"free",1.040991,1.015629,1.065819,1.221806,1.184035,1.260661,NA,NA,NA,8.59,8.79,7.96,0.03,0.09,0.12,NA,NA,NA,NA,"EW","M22","C_SYEW;N_SYNTH;O_SYNTH","DS24","mr_iso",NA,"v1.0",NA
"WASP-127","WASP-127",160.55868,-3.83507,"Gaia DR2 3778075717162985600","Gaia DR3 3778075717162985600","J10421407-0350062",10.8090000152588,0.026000001,10.825082,0.005412113,10.1719999313354,0.044,10.216716,0.002987268,10.058199,0.00277,10.372177,0.002816,9.573458,0.003788,9.0920000076294,0.028999999,8.737999916,0.055,8.64099979400635,0.018999999,0.003086215,0.000797316,0.007716618,1.88490200676932,1.86702943083311,1.90592273687494,6.2241,0.0175,18.7588961936975,251.047073417859,14.2631585585512,0.172019579448053,8033.41,-8032.70852278496,-106.454800180355,140.79606376306,5708,50,4.12,0.06,-0.29,0.02,0.9,0.6,0.87,0.06,"free",0.885358,0.873282,0.899234,1.395304,1.370175,1.421242,NA,NA,NA,8.24,8.41,7.34,0.05,0.1,0.12,NA,NA,NA,NA,"EW","M22","C_SYEW;N_SYNTH;O_SYNTH","DS24","mr_iso",NA,"v1.0",NA
"WASP-129","WASP-129",176.29898,-42.06395,"Gaia DR2 5380888758195682944","Gaia DR3 5380888758195682944","J11451175-4203501",12.3199996948242,0.150000005960464,12.610956,0.002390823,12.1800003051758,0.159999996423721,11.966362,0.001752496,11.804166,0.002763,12.132769,0.002851,11.309406,0.003799,10.7250003814697,0.023,10.4709997177124,0.022,10.4119997024536,0.023,0.0117506438899499,0.004966756,0.0194385937820131,1.43498402330641,1.40862310763046,1.46404079206769,3.1735,0.015900001,34.487602946389,218.697167812789,17.0786547120794,0.117270170764541,7902.83,-7897.87641969168,-279.758853214046,127.98122895906,5887,29,4.31,0.14,0.2,0.01,3.8,0.3,0.76,0.16,"free",1.117525,1.105221,1.129926,1.147695,1.131749,1.164,NA,NA,NA,8.44,8.73,7.79,0.04,0.13,0.12,NA,NA,NA,NA,"EW","M22","C_SYEW;N_SYNTH;O_SYNTH","DS24","mr_iso",NA,"v1.0",NA
"WASP-13","WASP-13",140.10298,33.88242,"Gaia DR2 702295464353437952","Gaia DR3 702295464353437952","J09202471+3352567",11.210000038147,0.079999998,11.100411,0.004814328,10.4200000762939,0.059999999,10.531138,0.002832146,10.382959,0.002761,10.675102,0.002814,9.924387,0.003795,9.442000389,0.021,9.18200016021728,0.016000001,9.11900043487549,0.016000001,0.0202686760967742,0.0122979382580645,0.039709546,2.8497165,2.78958996,2.91398434,4.331,0.0195,4.83252128825869,209.066336075327,10.802135190359,0.0538301692625675,8161.11,-8161.05131054092,-31.2023106655207,187.444137809689,6080,34,4.11,0.1,0.04,0.02,6.2,0.2,1.35,0.08,"free",1.212225,1.198085,1.225517,1.517307,1.492934,1.542402,NA,NA,NA,8.41,8.77,NA,0.06,0.13,NA,NA,NA,NA,NA,"SYNTH","M22","C_SYEW;O_SYNTH","DS24","mr_iso",NA,"v1.0",NA
"WASP-130","WASP-130",203.10598,-42.47527,"Gaia DR2 6112606840179716096","Gaia DR3 6112606840179716096","J13322543-4228309",11.7700004577637,0.109999999403953,11.903076,0.004201969,11.1000003814697,0.090000004,11.153494,0.002256705,10.974043,0.002767,11.341164,0.002877,10.43589,0.003795,9.89599990844727,0.022,9.546999931,0.027000001,9.46100044250488,0.026000001,0.002053919,0.000482837,0.005166351,0.940561401349106,0.932805153,0.950007808,5.7294,0.0187,16.0577829220615,233.81610364727,5.97523250806491,0.0879322875760893,7893.1,-7892.12932246289,-124.073010798406,83.664888076744,5633,18,4.41,0.14,0.32,0.01,2.8,0.3,0.96,0.1,"free",1.078244,1.067182,1.088455,1.014734,1.006859,1.023134,NA,NA,NA,8.8,NA,8.32,0.03,NA,0.12,NA,NA,NA,NA,"EW","M22","C_SYEW;N_SYNTH","DS24","mr_iso",NA,"v1.0",NA
"WASP-131","WASP-131",210.19352,-30.58357,"Gaia DR2 6173451477191225984","Gaia DR3 6173451477191225984","J14004645-3035008",10.6199998855591,0.039999999,NA,NA,10.0699996948242,0.039999999,NA,NA,9.873362,0.002771,10.158061,0.002809,9.417157,0.003785,8.89500045776367,0.027000001,8.65299987792969,0.039999999,8.57299995422363,0.018999999,0.013951001,0.004698679,0.0256548677834573,3.222833738,3.13738905075688,3.32417370837483,5.1765,0.036499999,6.18443360899891,244.56002234872,-12.0095548503395,0.125110735496694,7871.89,-7871.16162404055,-107.241605610231,121.069557510783,6115,59,4.08,0.13,-0.03,0.03,3.9,0.2,1.23,0.02,"free",1.214617,1.154728,1.236132,1.598496,1.561467,1.632218,NA,NA,NA,8.41,NA,7.64,0.05,NA,0.12,NA,NA,NA,NA,"EW","M22","C_SYEW;N_SYNTH","DS24","mr_iso",NA,"v1.0",NA
"WASP-132","WASP-132",217.60912,-46.1592,"Gaia DR2 6099012478412247296","Gaia DR3 6099012478412247296","J14302619-4609330",13.1470003128052,0.01,13.136241,0.004203986,NA,NA,12.079171,0.00193403,11.746748,0.002765,12.299771,0.002897,11.048747,0.003802,10.2569999694824,0.026000001,9.74499988555908,0.023,9.67399978637695,0.024,0.116896039758425,0.101761232705029,0.132864294770675,0.322001012730126,0.3128701776886,0.331577281371488,8.0924,0.018999999,35.4027149562648,199.235399172781,-26.8834189598668,0.153507500437137,7907.78,-7907.40355042893,-76.8458505506418,53.2495354704052,4572,150,4.51,0.14,0.25,0.001,4,0.3,0.48,0.15,"free",0.775338,0.742973,0.824579,0.826189,0.799934,0.847717,NA,NA,NA,8.73,NA,7.97,0.06,NA,0.12,NA,NA,NA,NA,"EW","M22","C_SYNTH;N_SYNTH","DS24","mr_iso",NA,"v1.0",NA
"WASP-133","WASP-133",314.57537,-35.79659,"Gaia DR2 6778662809294560896","Gaia DR3 6778662809294560896","J20581808-3547475",NA,NA,13.654502,0.003645784,NA,NA,12.891752,0.002323369,12.704453,0.002765,13.084507,0.002842,12.161235,0.003803,11.5550003051758,0.023,11.2379999160767,0.026000001,11.1800003051758,0.023,0.043106145,0.029317843,0.057180712,2.1030431569912,2.02872191952575,2.18069707175311,1.8072,0.015799999,-26.8699546056556,208.907685135905,-2.81384300441075,0.105662809162671,7582.73,-7582.52021225341,56.0946001670901,-333.883342228305,5700,72,4.16,0.07,0.28,0.02,2.2,0.6,0.93,0.08,"free",1.169196,1.118576,1.194618,1.483407,1.443233,1.522452,NA,NA,NA,8.75,8.85,8.22,0.04,0.1,0.12,NA,NA,NA,NA,"EW","M22","C_SYEW;N_SYNTH;O_SYNTH","DS24","mr_iso",NA,"v1.0",NA
"WASP-135","WASP-135",267.284881743659,29.8790411,"Gaia DR2 4596481632339898240","Gaia DR3 4596481632339898240","J17490839+2952447",14.25,0.01,14.197967,0.003762986,13.2799997329712,0.01,13.25472,0.002141441,12.997077,0.002794,13.472712,0.003109,12.350666,0.003938,11.581000328064,0.018999999,11.1230001449585,0.030999999,11.0369997024536,0.02,0.087353415,0.071255298,0.101776529917729,0.556100469063407,0.538855669380883,0.573202946373456,3.3297,0.0134,9.70064692911827,187.906734583719,10.738579127613,0.163786649706745,7847.19,-7844.07038658577,221.37226112353,154.962377076845,5028,100,4.44,0.04,0.34,0.12,4.2,0.4,0.58,0.15,"free",0.859438,0.813572,0.913942,0.965937,0.928489,1.003978,NA,NA,NA,NA,NA,NA,NA,NA,NA,NA,NA,NA,NA,"EW","T25",NA,NA,"mr_iso",NA,"v1.0",NA
"WASP-136","WASP-136",0.325761335188474,-8.926249897,"Gaia DR2 2441013811932929280","Gaia DR3 2441013811932929280","J00011818-0855347",10.4200000762939,0.029999999,NA,NA,9.97999954223633,0.029999999,NA,NA,9.82388,0.002761,10.060003,0.002831,9.431094,0.003797,9.01599979400635,0.029999999,8.79199981689453,0.026000001,8.80500030517578,0.024,0.004677804,0.001207479,0.0115415593071323,6.34038001785963,6.2223320549925,6.47578739201389,3.7225,0.0252,2.69602616091252,244.785496629353,0.0528060707785378,0.127047361342955,7997.07,-7996.4536498779,99.3205077829587,-224.580668045358,6393,54,4.01,0.02,-0.05,0.04,15.2,0.4,1.6,0.04,"fixed",1.427625,1.381508,1.449644,2.052397,2.011484,2.091822,NA,NA,NA,NA,NA,NA,NA,NA,NA,NA,NA,NA,NA,"SYNTH","T25",NA,NA,"mr_iso",NA,"v1.0",NA
"WASP-138","WASP-138",41.6391613679308,-0.464130061,"Gaia DR2 2498515516990171392","Gaia DR3 2498515516990171392","J02463338-0027501",12.31000042,0.050000001,12.334686,0.003958427,11.789999961853,0.150000005960464,11.808663,0.002857653,11.680991,0.002772,11.951101,0.002934,11.253756,0.003821,10.7819995880127,0.024,10.539999961853,0.025,10.4940004348755,0.018999999,0.004508768,0.001190481,0.0106817436348045,2.7084979074441,2.66252028596636,2.76297253719777,2.4416,0.015799999,35.9042253538226,166.901641883535,-6.71423306316204,0.283909359775764,8253.88,-8253.8369266523,27.7101561239813,-295.19754180293,6192,45,4.18,0.02,-0.163,0.04,8.6,0.2,1.4,0.03,"fixed",1.123904,1.091588,1.148896,1.425456,1.402827,1.448118,NA,NA,NA,NA,NA,NA,NA,NA,NA,NA,NA,NA,NA,"SYNTH","T25",NA,NA,"mr_iso",NA,"v1.0",NA
"WASP-139","WASP-139",49.56226,-41.30213,"Gaia DR2 4851398799032507776","Gaia DR3 4851398799032507776","J03181493-4118077",13.3299999237061,0.02,13.366767,0.003655226,12.4799995422363,0.01,12.494849,0.00238958,12.264109,0.002767,12.701511,0.002874,11.666922,0.003844,10.9820003509521,0.023,10.5749998092651,0.023,10.4720001220703,0.021,0.035174574,0.0205607597680436,0.0498585257559413,0.476461204340671,0.462729231513646,0.491336670668697,4.6984,0.0098,2.04142514450022,263.22997661502,6.72203757138289,0.218665542789322,8045.26,-8044.53295318999,-107.824684174926,-153.007410269946,5013,106,4.46,0.15,0.11,0.001,1.4,0.5,0.6,0.15,"fixed",0.809208,0.762364,0.865861,0.900217,0.865955,0.933603,NA,NA,NA,8.54,NA,8,0.02,NA,0.12,NA,NA,NA,NA,"EW","M22","C_SYEW;N_SYNTH","DS24","mr_iso",NA,"v1.0",NA
"WASP-14","WASP-14",218.276629165818,21.894686546503,"Gaia DR2 1242084170974175232","Gaia DR3 1242084170974175232","J14330635+2153409",10.1940002441406,0.028999999,10.185279,0.003803411,9.74499988555908,0.026000001,9.766722,0.002246845,9.652651,0.002764,9.875159,0.002828,9.270212,0.00382,8.86900043487549,0.021,8.64999961853027,0.018999999,8.62100028991699,0.018999999,0.004072535,0.001098235,0.0108503454429083,2.78756911922412,2.75383078708847,2.83900718508425,6.2205,0.017200001,27.2750717845652,242.182506264586,-6.78391689747963,0.146004539904826,7941.42,-7941.3735903393,28.022912145223,172.05763167548,6340,85,4.2,0.03,-0.34,0.1,4,0.2,1.33,0.03,"fixed",1.081615,1.036826,1.129349,1.3765,1.340372,1.413662,NA,NA,NA,NA,NA,NA,NA,NA,NA,NA,NA,NA,NA,"EW","T25",NA,NA,"mr_iso",NA,"v1.0",NA
"WASP-140","WASP-140",60.38562,-20.45109,"Gaia DR2 5094154336330994688","Gaia DR3 5094154336332482304","J04013254-2027039",11.8599996566772,0.140000000596046,11.842986,0.003759991,11.1199998855591,0.100000001490116,11.036801,0.002014589,10.825151,0.002771,11.229341,0.002931,10.25348,0.003841,9.60900020599365,0.026000001,9.23999977111816,0.024,9.16499996185303,0.029999999,0.027157642,0.0150243735444297,0.03969463,0.523726994010497,0.510330550813886,0.538139374547656,8.5632,0.0189,5.71306083170928,245.443150310422,1.54611780807737,0.131009038061296,8066.67,-8066.53498911984,-46.0771351319493,-59.1551196786123,5302,90,4.56,0.09,-0.01,0.04,4.7,0.2,0.88,0.08,"free",0.850653,0.814323,0.884129,0.856307,0.831007,0.885581,NA,NA,NA,8.41,8.69,7.81,0.03,0.11,0.12,NA,NA,NA,NA,"EW","M22","C_SYEW;N_SYNTH;O_SYNTH","DS24","mr_iso",NA,"v1.0",NA
"WASP-141","WASP-141",71.8244,-17.11517,"Gaia DR2 2980392087185289216","Gaia DR3 2980392087185289216","J04471785-1706545",NA,NA,13.238971,0.002706627,12.3999996185303,NA,12.615758,0.002020514,12.471665,0.002766,12.779942,0.002837,12.004733,0.003806,11.4989995956421,0.027000001,11.2609996795654,0.023,11.1940002441406,0.026000001,0.0360998195506056,0.020025712,0.052615055554543,2.13692559313723,2.0513214849571,2.22721104618481,1.9558,0.0119,-12.3879103141481,201.859617428167,0.348040816873891,0.0950539926265581,8345.5,-8341.94532076873,-243.603600697664,-266.759785136618,6122,102,4.33,0.07,0.35,0.04,5,0.3,1.21,0.06,"free",1.274377,1.248408,1.299793,1.298226,1.258541,1.345297,NA,NA,NA,8.77,9.07,8.16,0.05,0.11,0.12,NA,NA,NA,NA,"EW","M22","C_SYEW;N_SYNTH;O_SYNTH","DS24","mr_iso",NA,"v1.0",NA
"WASP-142","WASP-142",140.50639,-23.94617,"Gaia DR2 5674618444832114304","Gaia DR3 5674618444832114304","J09220153-2356462",NA,NA,13.516865,0.002299293,NA,NA,12.893758,0.001827492,12.744031,0.002769,13.059375,0.002886,12.269058,0.003807,11.7259998321533,0.028999999,11.4840002059937,0.033,11.4420003890991,0.028999999,0.0311063167502996,0.0151760495522903,0.0490317701714216,3.18481693008337,3.04917675191632,3.33326454295087,1.4127,0.0145,-73.066683337322,208.187982912844,18.1582548508761,0.248428590222332,8217.54,-8192.23741322351,-644.309970997854,246.2658774191,5930,123,4.13,0.09,0.14,0.05,1.4,0.8,0.82,0.09,"free",1.257661,1.169719,1.292319,1.674715,1.605586,1.740341,NA,NA,NA,8.59,8.82,7.8,0.06,0.12,0.12,NA,NA,NA,NA,"EW","M22","C_SYEW;N_SYNTH;O_SYNTH","DS24","mr_iso",NA,"v1.0",NA
"WASP-145A","WASP-145",322.253793213084,-58.83614509,"Gaia DR2 6458529931463278848","Gaia DR3 6458529931463278848","J21290068-5850102",12.6000003814697,0.02,12.701152,0.002920224,11.5900001525879,0.02,11.703251,0.001340173,11.363446,0.002792,11.909146,0.002846,10.662,0.003801,9.8430004119873,0.028999999,9.29199981689453,0.037,9.19400024414062,0.028999999,0.122664785163588,0.107483727777154,0.138760335466658,0.258232129775305,0.250765096740636,0.266230268232202,10.9739,0.028200001,-19.3820170879301,233.490383136777,-28.052220285358,0.099252165336122,7939.31,-7939.26057398972,-26.9807467946153,-37.3809919579105,4886,135,4.59,0.05,-0.41,0.15,1.7,0.7,1.09,0.15,"free",0.66711,0.63214,0.707137,0.689755,0.666268,0.713308,NA,NA,NA,NA,NA,NA,NA,NA,NA,NA,NA,NA,NA,"EW","T25",NA,NA,"mr_iso",NA,"v1.0",NA
"WASP-147","WASP-147",359.19154,-22.1532,"Gaia DR2 2340919358581488768","Gaia DR3 2340919358581488768","J23564597-2209113",13.1099996566772,0.319999992847443,NA,NA,12.6800003051758,0.259999990463257,NA,NA,12.172992,0.002779,12.48951,0.002886,11.695183,0.003826,11.173999786377,0.023,10.9069995880127,0.025,10.8570003509521,0.025,0.004373073,0.001027337,0.0119755778058652,2.16979703831453,2.12359431679216,2.22264270263001,2.1527,0.0188,28.3275374569997,223.319594521099,9.43312491811871,0.0976944763355317,7935.37,-7934.92424653381,84.4198676361378,-427.153006038844,5780,71,4.18,0.08,0.16,0.02,0,0,0.89,0.06,"free",1.12609,1.092611,1.164692,1.455916,1.426461,1.492213,NA,NA,NA,8.64,8.82,7.91,0.04,0.09,0.12,NA,NA,NA,NA,"EW","M22","C_SYEW;N_SYNTH;O_SYNTH","DS24","mr_iso",NA,"v1.0",NA
"WASP-148","WASP-148",254.130499669083,44.3025323306154,"Gaia DR2 1358355738906114816","Gaia DR3 1358355738906114816","J16563135+4418095",13.3000001907349,0.430000007152557,13.048688,0.003700695,12.039999961853,0.209999993,12.265254,0.002539732,12.079049,0.002768,12.463594,0.00297,11.5315,0.003823,10.9379997253418,0.024,10.585000038147,0.017999999,10.5059995651245,0.017000001,0.034929596,0.0172019519755386,0.054397284,0.7473923763582,0.719711923563495,0.779471997735122,4.0154,0.0098,36.9784341667272,208.825203943352,15.456660426892,0.135913825101746,7933.31,-7931.22178289013,182.108459929494,180.343864183876,5658,135,4.48,0.04,0.22,0.11,4.2,0.2,1.11,0.15,"free",0.985859,0.941586,1.020803,0.943273,0.915734,0.975014,NA,NA,NA,NA,NA,NA,NA,NA,NA,NA,NA,NA,NA,"EW","T25",NA,NA,"mr_iso",NA,"v1.0",NA
"WASP-15","WASP-15",208.92797,-32.15962,"Gaia DR2 6171009049549197824","Gaia DR3 6171009049549197824","J13554270-3209345",11.3959999084473,0.033,11.406885,0.004736515,10.9099998474121,0.029999999,10.921389,0.002581569,10.797681,0.002768,11.049645,0.002899,10.386858,0.003869,9.95600032806396,0.023,9.71300029754639,0.025,9.69299983978272,0.023,0.014314625075935,0.005573985,0.025478876,3.02524607236511,2.95169605844156,3.1179142974359,3.4891,0.0176,22.9951902691398,225.418801848066,-22.3897712884664,0.0826577101145662,7813.34,-7811.55831925263,-166.676390078397,162.35150062409,6375,60,4.22,0.11,-0.05,0.02,5.3,0.2,1.49,0.1,"free",1.22479,1.210869,1.238938,1.418404,1.385955,1.451666,NA,NA,NA,8.4,8.62,7.83,0.04,0.07,0.12,NA,NA,NA,NA,"EW","M22","C_SYEW;N_SYNTH;O_SYNTH","DS24","mr_iso",NA,"v1.0",NA
"WASP-151","WASP-151",349.06347,0.30674,"Gaia DR2 2657135741633337088","Gaia DR3 2657135741633337088","J23161522+0018242",NA,NA,NA,NA,12.8999996185303,NA,NA,NA,12.618177,0.00277,12.957717,0.002946,12.115203,0.003859,11.5450000762939,0.022,11.2589998245239,0.024,11.1870002746582,0.021,0.0203285,0.006925261,0.038563838,1.47641120957462,1.42763893394103,1.54409766387659,2.1703,0.0177,21.1891308815919,207.562373533578,7.17068834708738,0.0917600483851033,7955.19,-7950.79680720719,264.253858136508,-349.232255823991,5891,77,4.32,0.15,0.18,0.01,5.5,0.3,0.45,0.17,"free",1.110804,1.086189,1.135167,1.162514,1.125727,1.199972,NA,NA,NA,8.51,NA,NA,0.06,NA,NA,NA,NA,NA,NA,"EW","M22","C_SYEW","DS24","mr_iso",NA,"v1.0",NA
"WASP-153","WASP-153",279.26242,40.01869,"Gaia DR2 2110106372987465216","Gaia DR3 2110106372987465216","J18370297+4001073",NA,NA,13.320414,0.002884055,12.8000001907349,NA,12.644718,0.002041382,12.489132,0.002764,12.822196,0.002879,11.992516,0.003801,11.4079999923706,0.023,11.1379995346069,0.023,11.0509996414185,0.017000001,0.042340243,0.0276931795940373,0.056527042,2.91453130672919,2.81254746662202,3.0210577223513,1.6818,0.0092,-4.03220822413067,218.211142277993,-23.9658891784207,0.0163671175976237,7813.25,-7795.80911573625,521.736427777655,224.133529447731,5929,79,4.12,0.12,0.37,0.02,6.5,0.3,1.06,0.07,"free",1.326279,1.310165,1.342161,1.608955,1.558078,1.662295,NA,NA,NA,8.65,NA,8.22,0.05,NA,0.12,NA,NA,NA,NA,"EW","M22","C_SYEW;N_SYNTH","DS24","mr_iso",NA,"v1.0",NA
"WASP-156","WASP-156",32.78177,2.41802,"Gaia DR2 2514360548993901312","Gaia DR3 2514360548993901312","J02110763+0225050",12.5629997253418,0.033,12.576487,0.005616667,11.5869998931885,0.017000001,11.602323,0.002380189,11.321032,0.002786,11.816983,0.002907,10.674459,0.003815,9.9060001373291,0.022,9.47299957275391,0.023,9.338999748,0.023,0.0616134427628671,0.0464993283560188,0.075978994,0.404592351653813,0.393293775609081,0.415564454793419,8.2073,0.021299999,-34.5365280288179,223.631875507903,24.3785814467661,0.120791890307379,8065.98,-8065.94492670604,25.0910474213733,-74.3088634232002,4848,100,4.49,0.16,0.36,0.01,5.5,0.3,0.58,0.15,"fixed",0.829395,0.79281,0.874927,0.887547,0.855869,0.916153,NA,NA,NA,8.73,NA,8.28,0.06,NA,0.12,NA,NA,NA,NA,"EW","M22","C_SYNTH;N_SYNTH","DS24","mr_iso",NA,"v1.0",NA
"WASP-157","WASP-157",201.65529,-8.3176,"Gaia DR2 3630269399833507200","Gaia DR3 3630269399833507200","J13263727-0819033",12.960000038147,0.319999992847443,13.038229,0.002698423,12.9099998474121,0.340000003576279,12.334022,0.00181109,12.169983,0.002766,12.518183,0.00286,11.665195,0.003811,11.1099996566772,0.026000001,10.798999786377,0.023,10.7639999389648,0.023,0.011894005168621,0.003396468,0.024389527,1.19793463080733,1.16659352280148,1.23863282767976,2.9425,0.0276,-32.6133929687843,200.535598968448,-10.9046129793673,0.14515810665496,7850.96,-7849.78310709962,-135.953652148432,297.875959671122,5764,81,4.42,0.09,0.25,0.03,3.2,0.3,0.83,0.12,"free",1.09041,1.060702,1.11961,1.094984,1.065511,1.128144,NA,NA,NA,8.77,NA,8.23,0.05,NA,0.12,NA,NA,NA,NA,"EW","M22","C_SYEW;N_SYNTH","DS24","mr_iso",NA,"v1.0",NA
"WASP-158","WASP-158",4.14634,-10.97642,"Gaia DR2 2424621502311961344","Gaia DR3 2424621502311961344","J00163511-1058351",12.75,0.239999994635582,12.771987,0.003417765,12.039999961853,0.180000007152557,12.212886,0.002603716,12.081388,0.002764,12.360909,0.002847,11.643996,0.003803,11.1780004501343,0.026000001,10.9569997787476,0.023,10.8809995651245,0.025,0.018168509,0.006101423,0.033664766,3.29373710548177,3.16290610692707,3.448532593,1.851,0.0253,8.65085021971191,234.185658624439,-18.0156573296373,0.0878882750710756,8016.07,-8014.31677822889,167.478485429696,-488.441342693273,6148,100,4.16,0.08,0.12,0.04,9.9,0.2,1.37,0.06,"free",1.288659,1.26417,1.311437,1.59072,1.528161,1.659147,NA,NA,NA,8.56,NA,NA,0.07,NA,NA,NA,NA,NA,NA,"EW","M22","C_SYEW","DS24","mr_iso",NA,"v1.0",NA
"WASP-159","WASP-159",68.13648,-38.96832,"Gaia DR2 4864759888238232320","Gaia DR3 4864759888238232320","J04323274-3858060",12.6300001144409,0.189999997615814,13.0418,0.002712056,12.8400001525879,0.239999994635582,12.431972,0.002211529,12.287657,0.002764,12.592052,0.002863,11.820801,0.003796,11.3090000152588,0.024,11.0200004577637,0.024,11.0170001983643,0.018999999,0.009237181,0.00282426,0.0198112455768346,4.898905073,4.79190886071624,5.03402001714692,1.3723,0.0098,-17.5760656907877,217.799101974604,-18.4757597707729,0.0574283465448946,8264.11,-8250.62253488158,-471.969589269553,-470.403508873148,5800,106,3.92,0.09,0.08,0.04,6.1,0.3,1.2,0.09,"free",1.269468,1.250599,1.288502,2.160929,2.079546,2.243265,NA,NA,NA,8.5,8.72,7.79,0.06,0.1,0.12,NA,NA,NA,NA,"EW","M22","C_SYEW;N_SYNTH;O_SYNTH","DS24","mr_iso",NA,"v1.0",NA
"WASP-16","WASP-16",214.68301,-20.27551,"Gaia DR2 6283723285046532864","Gaia DR3 6283723285046532864","J14184392-2016317",12.5100002288818,0.319999992847443,NA,NA,11.289999961853,0.119999997317791,NA,NA,11.121181,0.002773,11.487207,0.002883,10.587356,0.003791,9.98400020599365,0.024,9.65900039672852,0.022,9.588999748,0.023,0.0129878724009298,0.005789176,0.0213035874075858,1.02153265947162,1.00214453251801,1.04324581561871,5.1912,0.0262,6.06472185055499,243.094042128468,17.7229852987252,0.119622295408089,7869.71,-7869.32773947991,-77.545868019497,143.447687820208,5670,31,4.36,0.15,0.17,0.02,2.5,0.3,0.71,0.14,"free",1.024094,1.008643,1.039611,1.043461,1.028086,1.058945,NA,NA,NA,8.61,NA,7.97,0.03,NA,0.12,NA,NA,NA,NA,"EW","M22","C_SYEW;N_SYNTH","DS24","mr_iso",NA,"v1.0",NA
"WASP-160","WASP-160B",87.67943,-27.62317,"Gaia DR2 2910755484609597312","Gaia DR3 2910755484609597312","J05504305-2737233",13.9799995422363,0.029999999,13.984174,0.003745195,13.0900001525879,0.01,13.108484,0.00218487,12.873857,0.002766,13.318179,0.002875,12.271734,0.003815,11.5909996032715,0.029999999,11.1719999313354,0.024,11.0550003051758,0.021,0.071476473,0.0552496807169412,0.085629229,0.542673168960248,0.524788394,0.559839775596668,3.4476,0.012,55.2599305104846,195.488433163402,27.486703648816,0.215287526690507,8162.82,-8160.12649775312,-209.542950921072,-95.7163241718654,5134,150,4.51,0.11,0.19,0.001,1.2,0.9,1.09,0.15,"free",0.861783,0.801993,0.923456,0.922114,0.882136,0.96786,NA,NA,NA,8.62,8.91,8.11,0.03,0.14,0.12,NA,NA,NA,NA,"EW","M22","C_SYEW;N_SYNTH;O_SYNTH","DS24","mr_iso",NA,"v1.0",NA
"WASP-161","WASP-161",126.337824077466,-11.50098892,"Gaia DR2 5751177095877066496","Gaia DR3 5751177095877066496","J08252108-1130035",11.6499996185303,0.090000004,11.502546,0.002792596,11.0799999237061,0.090000004,11.016683,0.001822099,10.900257,0.002763,11.142231,0.002822,10.505735,0.003794,10.0900001525879,0.023,9.9060001373291,0.026000001,9.83699989318848,0.025,0.005337077,0.001415518,0.0122022948541098,4.1161304856414,4.04625814394857,4.19790473245192,2.8078,0.015799999,-15.2633366992276,202.496384711254,9.34767881916464,0.0988232292941185,8204.31,-8199.5206887118,-280.281278369743,116.989653620233,6407,54,4.18,0.02,0.17,0.04,18.4,0.5,1.55,0.04,"fixed",1.39011,1.371611,1.408691,1.639717,1.608677,1.671248,NA,NA,NA,NA,NA,NA,NA,NA,NA,NA,NA,NA,NA,"SYNTH","T25",NA,NA,"mr_iso",NA,"v1.0",NA
"WASP-164","WASP-164",344.873593601413,-60.44781977,"Gaia DR2 6491038642006989056","Gaia DR3 6491038642006989056","J22592962-6026519",13.3199996948242,0.029999999,13.346897,0.002837648,12.6199998855591,0.01,12.630563,0.002101668,12.455497,0.002778,12.812994,0.002984,11.937686,0.003842,11.3649997711182,0.024,11.039999961853,0.024,10.9589996337891,0.021,0.0177152952857386,0.005645343,0.034564574,0.869510858,0.845702986542657,0.900860186540926,3.066,0.0122,-9.71691496010234,215.652448032324,-12.8431665286603,0.0380935968346837,7836.21,-7835.33875018026,-116.535382607111,-231.320572335158,5569,144,4.43,0.05,0.12,0.1,1.9,0.4,0.56,0.15,"free",0.964426,0.906079,1.016783,1.002146,0.962301,1.0509,NA,NA,NA,NA,NA,NA,NA,NA,NA,NA,NA,NA,NA,"EW","T25",NA,NA,"mr_iso",NA,"v1.0",NA
"WASP-165","WASP-165",357.58052,-17.07758,"Gaia DR2 2415410962124813056","Gaia DR3 2415410962124813056","J23501932-1704392",13.4119997024536,0.021,NA,NA,12.6829996109009,0.022,NA,NA,12.534931,0.002771,12.898116,0.002871,12.008402,0.003817,11.4390001296997,0.023,11.125,0.024,11.0240001678467,0.023,0.0101376496406412,0.002567804,0.0225295076897845,2.61986032947851,2.5368840262685,2.71233216780384,1.6847,0.021199999,-50.2915440144094,197.795521605861,-37.4204169604256,0.184213193469542,7929.21,-7927.57975688529,160.556095702155,-541.844359618869,5586,74,4.03,0.08,0.23,0.03,1.6,0.7,1.03,0.03,"free",1.134496,1.114453,1.153495,1.71165,1.656815,1.765312,NA,NA,NA,8.73,NA,8.15,0.04,NA,0.12,NA,NA,NA,NA,"EW","M22","C_SYEW;N_SYNTH","DS24","mr_iso",NA,"v1.0",NA
"WASP-166","WASP-166",144.875096512344,-20.98241745,"Gaia DR2 5664957444179338240","Gaia DR3 5664957444179338240","J09393009-2058568",9.93999958,0.02,9.950616,0.003972904,9.35000038146973,0.02,9.400044,0.002291109,9.263603,0.002761,9.544259,0.002825,8.817766,0.003794,8.35000038146973,0.021,8.13500022888184,0.033,8.0319995880127,0.023,0.000424171,0.000100229,0.001203305,1.9061456348252,1.8985456103524,1.91411197556279,8.7523,0.0141,-20.869350546955,211.893185488007,0.705020562931435,0.0809774758432939,8029.48,-8028.84847111715,-100.97742906753,69.983660376453,6037,18,4.31,0.01,0.134,0.02,4.9,0.1,1.25,0.01,"fixed",1.156845,1.147556,1.167386,1.257856,1.249964,1.266032,NA,NA,NA,NA,NA,NA,NA,NA,NA,NA,NA,NA,NA,"SYNTH","T25",NA,NA,"mr_iso",NA,"v1.0",NA
"WASP-167","WASP-167",196.043790017201,-35.54952902,"Gaia DR2 6154982877299042944","Gaia DR3 6154982877300947840","J13041053-3532582",10.9300003051758,0.050000001,11.018168,0.004577512,10.5200004577637,0.050000001,10.667079,0.002892117,10.578929,0.002774,10.762276,0.002841,10.26587,0.003809,9.92899990081787,0.022,9.826999664,0.028000001,9.76000022888184,0.021,0.009896944,0.003015928,0.020292498,7.62196722770705,7.36306271,7.90383917829249,2.4238,0.030300001,-19.9218182016783,213.529929017695,10.4938308030087,0.0738832544832793,7790.25,-7784.5767889582,-297.319177836576,213.238518935317,7003,90,4.22,0.02,0.07,0.05,49.7,1.2,1.95,0.06,"fixed",1.56977,1.543401,1.596305,1.867015,1.809685,1.925923,NA,NA,NA,NA,NA,NA,NA,NA,NA,NA,NA,NA,NA,"SYNTH","T25",NA,NA,"mr_iso",NA,"v1.0",NA
"WASP-168","WASP-168",96.7446428205466,-46.82136062,"Gaia DR2 5555500000779464448","Gaia DR3 5555500000779464448","J06265871-4649171",12.3000001907349,0.150000005960464,12.417874,0.002769605,12.1199998855591,0.170000001788139,11.847822,0.001934426,11.709719,0.002763,11.998784,0.002844,11.255942,0.003793,10.7779998779297,0.023,10.4930000305176,0.025,10.4429998397827,0.026000001,0.001192938,0.000287017,0.003237004,1.40278913102034,1.39258755935421,1.41416228637663,3.3371,0.0094,-28.5482444038328,192.746089952844,-4.93257630886413,0.165011670344315,8075.52,-8071.14266803307,-265.709503703035,-93.8589881222094,5994,27,4.36,0.01,-0.121,0.02,0,0,1.2,0.02,"fixed",1.007527,0.993796,1.021333,1.094516,1.083974,1.105332,NA,NA,NA,NA,NA,NA,NA,NA,NA,NA,NA,NA,NA,"SYNTH","T25",NA,NA,"mr_iso",NA,"v1.0",NA
"WASP-17","WASP-17",239.96229,-28.06175,"Gaia DR2 6042793005779654656","Gaia DR3 6042793005779654656","J15595095-2803422",11.8299999237061,0.079999998,11.993207,0.003495436,11.5900001525879,0.109999999403953,11.512496,0.002170008,11.383261,0.002786,11.639228,0.002852,10.966457,0.003801,10.5089998245239,0.027000001,10.3190002441406,0.024,10.2239999771118,0.027000001,0.07372773,0.064760182,0.082506134,4.05325315632348,3.92664378201337,4.18313427801864,2.4811,0.0255,-38.4891406543586,220.042824833907,-10.1566727548523,0.129618495209866,7629.68,-7629.12058899761,-92.6378722458745,152.8502228321,6697,42,4.17,0.11,-0.05,0.02,10.5,0.2,1.86,0.03,"free",1.326275,1.312033,1.33945,1.4886,1.458917,1.518881,NA,NA,NA,8.38,NA,7.71,0.08,NA,0.12,NA,NA,NA,NA,"EW","M22","C_SYEW;N_SYNTH","DS24","mr_iso",NA,"v1.0",NA
"WASP-172","CD-46  8537",199.433844,-47.23757664,"Gaia DR2 6086712585429729536","Gaia DR3 6086712585429729536","13174412-4714152",11.4700002670288,0.07,11.48347,0.004426925,10.9899997711182,0.07,11.103127,0.002211023,11.0113,0.002764,11.20566,0.002883,10.673019,0.003801,10.3120002746582,0.0230000000447035,10.168999671936,0.022,10.1300001144409,0.018999999,0.071559236,0.063188167,0.079493514,9.72255637736653,9.3933273761643,10.0629173654173,1.8942,0.0221999995410442,-32.4641044839751,223.360997839367,7.54616250073935,0.109960746000804,7699.86,-7689.28597398703,-403.48427037282,164.202365348976,7175.722641,81.56624365,4.089513267,0.029693,-0.01625,0.09,14.45825,0.285763743,2.94525,0.252639895,"free",1.680114,1.662735,1.698219,1.950284,1.910284,1.991252,NA,NA,NA,NA,NA,NA,NA,NA,NA,NA,NA,NA,NA,"SYNTH","R26",NA,NA,"mr_iso",NA,"v1.0",NA
"WASP-173A","WASP-173",354.168710784507,-34.61130544,"Gaia DR2 2323985539482908416","Gaia DR3 2323985539482908416","J23364036-3436404",NA,NA,12.227529,0.004136344,NA,NA,11.549398,0.002475529,11.39399,0.002865,11.724217,0.00327,10.896757,0.004031,10.3739995956421,0.050000001,10.0839996337891,0.064999998,10.0019998550415,0.050000001,0.0131351338339267,0.003816607,0.025469581,1.17322694972087,1.14527145970611,1.20804220622291,4.2443,0.020400001,-73.8106843892824,184.623215790732,-11.0700958812879,0.294600349163143,7929.29,-7929.29058204122,4.11526012721768,-199.721625974857,5848,92,4.42,0.03,0.17,0.11,7,0.2,1.3,0.05,"fixed",1.06983,1.020138,1.111572,1.06031,1.031742,1.092246,NA,NA,NA,NA,NA,NA,NA,NA,NA,NA,NA,NA,NA,"EW","T25",NA,NA,"mr_iso",NA,"v1.0",NA
"WASP-174","WASP-174",195.794014497031,-41.38486244,"Gaia DR2 6139403450370668800","Gaia DR3 6139403450370668800","J13031055-4123053",12.3000001907349,0.096000001,12.299125,0.002485104,11.789999961853,0.057999998,11.794251,0.001629471,11.677032,0.002766,11.931614,0.002841,11.265728,0.003794,10.8450002670288,0.027000001,10.5989999771118,0.024,10.5790004730225,0.021,0.0102305710431598,0.003623329,0.0194470943105202,2.73523910930939,2.6619371926047,2.81450806979936,2.4314,0.022,15.0790929326065,225.458667858211,-1.52913034017391,0.0570494288449323,7784.55,-7778.27981061419,-312.46696195703,174.59753941398,6430,45,4.3,0.01,0.1,0.03,17.6,0.4,1.52,0.03,"fixed",1.274714,1.258209,1.291175,1.326896,1.301141,1.353137,NA,NA,NA,NA,NA,NA,NA,NA,NA,NA,NA,NA,NA,"SYNTH","T25",NA,NA,"mr_iso",NA,"v1.0",NA
"WASP-175","WASP-175",166.3187955,-34.12274437,"Gaia DR2 5401743332678544640","Gaia DR3 5401743332678544640","J11051653-3407219",NA,NA,13.419073,0.00319501,NA,NA,12.838622,0.002618943,12.696447,0.002765,12.991669,0.002856,12.241506,0.003797,11.7650003433228,0.028999999,11.5249996185303,0.029999999,11.4709997177124,0.027000001,0.009903721,0.002995048,0.0210631877344286,1.90428181658242,1.861798224,1.95610293645584,1.8253,0.0136,-50.0701961419352,211.111341039523,-1.45817952869088,0.173131010693462,7935.54,-7920.08829049002,-495.013830352409,245.713291826733,5999,75,4.28,0.03,0.04,0.11,1,0.9,0.82,0.14,"fixed",1.105709,1.053368,1.155734,1.272059,1.237246,1.307658,NA,NA,NA,NA,NA,NA,NA,NA,NA,NA,NA,NA,NA,"EW","T25",NA,NA,"mr_iso",NA,"v1.0",NA
"WASP-176","WASP-176",313.687291947024,9.179068007,"Gaia DR2 1750321012752775040","Gaia DR3 1750321012752775040","J20544496+0910446",12.7200002670288,0.219999998807907,12.662284,0.002704715,12.0100002288818,0.159999996423721,12.070325,0.002278127,11.931145,0.002764,12.229871,0.002856,11.473243,0.003806,10.9910001754761,0.022,10.6890001296997,0.027000001,10.6479997634888,0.02,0.0245583447012221,0.0109698425108829,0.0391071944022589,4.78090049366177,4.61484795976781,4.97482876814426,1.6663,0.0152,33.4595949612968,225.860010756002,11.2288285152362,0.115789044486393,7709.25,-7695.25350772769,464.281086188085,-202.505668041271,6165,78,4.03,0.03,0.21,0.1,4.1,0.2,1.3,0.06,"fixed",1.433352,1.381701,1.473779,1.911063,1.850606,1.972438,NA,NA,NA,NA,NA,NA,NA,NA,NA,NA,NA,NA,NA,"EW","T25",NA,NA,"mr_iso",NA,"v1.0",NA
"WASP-178","HD 134004",227.270389,-42.70494149,"Gaia DR2 6003809889735481856","Gaia DR3 6003809889735481856","15090488-4242178",10.0500001907349,0.0299999993294477,10.009892,0.004142962,9.94999980926514,0.0299999993294477,9.933275,0.002303532,9.91579,0.002771,9.950139,0.002826,9.833648,0.003794,9.77499961853027,0.030999999,9.73499965667725,0.022,9.703000069,0.0209999997168779,0.03934112,0.0296478442319598,0.0478134623506996,18.1099029194869,17.2990509802505,18.91180214,2.4248,0.021600001,-21.3555975079133,225.485336062827,2.61205822324697,0.0756957254425069,7661.54,-7658.61605591741,-211.511193911308,118.911837543058,9249.666094,133.8005117,4.327066968,0.045383,0.17275,0.08,9.217166667,0.475546966,2.60375,0.406371238,"free",2.03318,2.001854,2.064914,1.650274,1.611081,1.695635,NA,NA,NA,NA,NA,NA,NA,NA,NA,NA,NA,NA,NA,"SYNTH","R26",NA,NA,"mr_iso",NA,"v1.0",NA
"WASP-18","WASP-18",24.35431,-45.67788,"Gaia DR2 4955371367334610048","Gaia DR3 4955371367334610048","J01372503-4540404",9.73999977111816,NA,9.750665,0.003354775,9.30000019073486,NA,9.289646,0.001969478,9.173881,0.002761,9.411079,0.002825,8.777078,0.003797,8.40900039672852,0.017999999,8.23099994659424,0.055,8.13099956512451,0.027000001,0.0222091496413116,0.009640866,0.035774951,2.50133324250002,2.42112409830898,2.59065613997086,8.1443,0.0116,-7.66579694904458,230.523087213761,3.0460470376412,0.0595660493144732,7993.12,-7993.00693768655,-42.737233873555,-89.8974307178363,6452,82,4.37,0.11,0.2,0.04,11.7,0.4,1.7,0.05,"free",1.299555,1.278323,1.319001,1.279096,1.2545,1.310182,NA,NA,NA,8.5,NA,NA,0.09,NA,NA,NA,NA,NA,NA,"EW","M22","C_SYEW","DS24","mr_iso",NA,"v1.0",NA
"WASP-180A","WASP-180",123.392244564621,-1.982787825,"Gaia DR2 3070964117005132416","Gaia DR3 3070964117005132416","J08133416-0158579",NA,NA,11.538169,0.003141621,NA,NA,11.036533,0.001993183,10.912646,0.002773,11.166497,0.002864,10.498693,0.003806,10.1140003204346,0.052999999,9.85499954223633,0.066,9.8120002746582,0.052000001,0.005740979,0.001478876,0.0130095718304686,2.0527299091941,2.0201970660719,2.09580309279671,3.9752,0.018999999,-15.5009116684542,213.393280127629,0.462221464101142,0.0607409401581531,8173,-8171.26323935829,-168.242404947828,100.045234724879,6354,45,4.36,0.01,-0.02,0.03,20.4,0.4,1.45,0.03,"fixed",1.177601,1.159805,1.195577,1.178353,1.159083,1.198161,NA,NA,NA,NA,NA,NA,NA,NA,NA,NA,NA,NA,NA,"SYNTH","T25",NA,NA,"mr_iso",NA,"v1.0",NA
"WASP-181","WASP-181",26.7932245821852,3.13292940572509,"Gaia DR2 2512413932376364288","Gaia DR3 2512413932376364288","J01471037+0307587",13.5500001907349,0.039999999,13.572847,0.003308033,12.9099998474121,0.029999999,12.926139,0.002586925,12.772163,0.002781,13.094008,0.002896,12.291211,0.003849,11.7849998474121,0.027000001,11.5220003128052,0.026000001,11.4429998397827,0.023,0.0324322197449448,0.0154857418433705,0.0529691397723137,1.15028224727253,1.10247274108882,1.20976629557382,2.3215,0.019200001,42.9468142563479,204.025449614688,-12.3228618807438,0.162876181905844,8203.78,-8202.89111113243,121.047931900859,-335.165648382826,6063,129,4.45,0.04,0.15,0.12,2.9,0.3,1.2,0.15,"free",1.065573,1.023873,1.10165,1.022776,0.992303,1.056488,NA,NA,NA,NA,NA,NA,NA,NA,NA,NA,NA,NA,NA,"EW","T25",NA,NA,"mr_iso",NA,"v1.0",NA
"WASP-182","WASP-182",311.673350760561,-41.8209859,"Gaia DR2 6677909439240233472","Gaia DR3 6677909439240233472","J20464156-4149151",13.0100002288818,0.370000004768372,12.812839,0.002469551,11.9799995422363,0.200000002980232,12.079998,0.001747397,11.909561,0.002771,12.264441,0.00284,11.390101,0.003791,10.831000328064,0.024,10.5190000534058,0.025,10.4309997558594,0.018999999,0.004127487,0.001035532,0.010446211319406,1.41240978067634,1.39321085346599,1.43634568,3.0451,0.0155,-46.7376929043611,202.103359492239,-10.9788948852668,0.178294511381872,7743.92,-7743.91498591521,-1.85555909111392,-180.628238959693,5626,54,4.26,0.17,0.24,0.03,3.1,0.2,0.81,0.02,"free",1.053535,1.031752,1.075208,1.2444,1.218946,1.270301,NA,NA,NA,NA,NA,NA,NA,NA,NA,NA,NA,NA,NA,"EW","T25",NA,NA,"mr_iso",NA,"v1.0",NA
"WASP-183","WASP-183",163.788848157748,-0.737062911,"Gaia DR2 3803004978659671040","Gaia DR3 3803004978659671040","J10550935-0044139",13.6999998092651,0.029999999,NA,NA,13.0100002288818,0.02,NA,NA,12.806155,0.00277,13.175607,0.002888,12.267451,0.00382,11.6389999389648,0.023,11.2679996490479,0.023,11.2069997787476,0.021,0.049854894,0.021819798,0.084212552,0.672393983858559,0.630613712608094,0.729791661974444,3.1233,0.0176,-55.6015563033985,205.314326030317,59.0165613360175,0.187156470104399,8060.75,-8058.39319389821,-194.735568516786,272.34112514538,5831,150,4.51,0.05,-0.34,0.12,0,0,1.11,0.15,"free",0.845857,0.797093,0.884633,0.828822,0.796901,0.867761,NA,NA,NA,NA,NA,NA,NA,NA,NA,NA,NA,NA,NA,"EW","T25",NA,NA,"mr_iso",NA,"v1.0",NA
"WASP-184","WASP-184",209.517009294783,-30.34815368,"Gaia DR2 6173435259395017344","Gaia DR3 6173435259395017344","J13580408-3020532",13.289999961853,0.01,13.301441,0.003327163,12.7200002670288,0.039999999,12.703804,0.002712798,12.558747,0.002769,12.861534,0.002898,12.092831,0.003803,11.5900001525879,0.024,11.3190002441406,0.026000001,11.2620000839233,0.025,0.0129231362660746,0.004200589,0.0257446661101787,3.53523444476827,3.42043133917523,3.66199821920593,1.4369,0.0165,6.75627572635177,211.387862580961,0.432582770767451,0.0498799560619885,7551.64,-7541.59927547262,-389.283364807951,375.319112621832,5919,87,4.02,0.05,0.03,0.1,4.4,0.3,1.15,0.07,"fixed",1.182245,1.135315,1.291487,1.765312,1.709035,1.825938,NA,NA,NA,NA,NA,NA,NA,NA,NA,NA,NA,NA,NA,"EW","T25",NA,NA,"mr_iso",NA,"v1.0",NA
"WASP-186","WASP-186",18.9953154822945,21.6169051483554,"Gaia DR2 2790691147020786816","Gaia DR3 2790691147020786816","J01155884+2137010",11.2449998855591,0.02,11.264064,0.003872405,10.7430000305176,0.039999999,10.772252,0.002311519,10.653074,0.00276,10.905078,0.002813,10.243497,0.003804,9.7810001373291,0.022,9.612999916,0.022,9.5319995880127,0.017999999,0.0290340121670843,0.01908814,0.038624043,3.50272640628574,3.40690567907857,3.59972590626226,3.5265,0.017200001,-6.14595157254487,205.34011563421,3.97668935480062,0.0743098416668135,8141.34,-8139.70944872176,163.030013165895,-160.206294745664,6504,45,4.24,0.01,0.05,0.03,16.7,0.4,1.6,0.03,"fixed",1.310904,1.294767,1.327193,1.467325,1.438993,1.496116,NA,NA,NA,NA,NA,NA,NA,NA,NA,NA,NA,NA,NA,"SYNTH","T25",NA,NA,"mr_iso",NA,"v1.0",NA
"WASP-187","WASP-187",17.4747362560876,25.6816478937598,"Gaia DR2 306410392895767680","Gaia DR3 306410392895767680","J01095397+2540540",10.8830003738403,0.02,10.881043,0.003740632,10.2950000762939,0.050000001,10.294357,0.002842827,10.138006,0.002762,10.449484,0.0028,9.65724,0.003788,9.11699962615967,0.024,8.9060001373291,0.027000001,8.78999996185303,0.02,0.0597406296102914,0.0492420358138291,0.069421331,9.770319553,9.50177452536503,10.0499208782806,2.778,0.0176,60.3505909315331,233.927261197759,1.33093870027635,0.218970401861156,8181.31,-8178.18390172716,226.095401305337,-191.097893845637,6124,45,3.78,0.01,0.06,0.03,15.1,0.4,1.49,0.03,"fixed",1.506792,1.488865,1.524847,2.759535,2.704181,2.81618,NA,NA,NA,NA,NA,NA,NA,NA,NA,NA,NA,NA,NA,"SYNTH","T25",NA,NA,"mr_iso",NA,"v1.0",NA
"WASP-189","HD 133112",225.6869495,-3.031385159,"Gaia DR2 6339097679918871168","Gaia DR3 6339097679918871168","15024486-0301530",6.78800010681152,0.0149999996647239,6.776337,0.009828682,6.61800003051758,0.0109999999403954,6.61126,0.003468286,6.571707,0.002779,6.658334,0.002927,6.387533,0.003943,6.16599988937378,0.0260000005364418,6.11999988555908,0.039999999,6.05999994277954,0.0209999997168779,0.099014663,0.087244744,0.109960455959529,24.0610074409422,23.0665569007498,25.0630372181426,10.0997,0.029300001,-14.155113521756,209.811182705178,-4.29208811202075,0.0703193847436751,7931.62,-7931.62029518292,-6.569513875856,96.3436192249143,8215.447091,118.1752161,4.025540168,0.056655,0.221,0.15,95.449,1.523521141,3.300333333,0.659572842,"free",2.108287,2.036591,2.178392,2.347964,2.26932,2.429278,NA,NA,NA,NA,NA,NA,NA,NA,NA,NA,NA,NA,NA,"SYNTH","R26",NA,NA,"mr_iso",NA,"v1.0",NA
"WASP-19","WASP-19",148.41699,-45.65918,"Gaia DR2 5411736896952029568","Gaia DR3 5411736896952029568","J09534008-4539330",13.0500001907349,0.059999999,13.07749,0.002941808,12.31000042,0.039999999,12.30084,0.002354911,12.101234,0.002784,12.495707,0.003069,11.542555,0.003948,10.91100025177,0.026000001,10.6020002365112,0.022,10.4809999465942,0.023,0.0251493891148401,0.017995377,0.032453501,0.826352768356484,0.812187635915637,0.840435981,3.7516,0.009,-36.1624824382147,206.823794327203,-1.01811549326339,0.137783306352796,7988.51,-7984.13977007178,-264.222827622604,56.3999537298479,5579,24,4.39,0.15,0.21,0.02,5.5,0.2,1.28,0.06,"free",1.017169,1.002965,1.03176,0.969786,0.958296,0.981576,NA,NA,NA,8.59,8.68,8.08,0.03,0.13,0.12,NA,NA,NA,NA,"EW","M22","C_SYEW;N_SYNTH;O_SYNTH","DS24","mr_iso",NA,"v1.0",NA
"WASP-190","WASP-190",7.70953628655272,-40.57346264,"Gaia DR2 4994237247949280000","Gaia DR3 4994237247949280000","J00305023-4034243",12.0299997329712,0.100000001490116,12.17652,0.002199457,11.6499996185303,0.100000001490116,11.73662,0.001472915,11.629208,0.002767,11.853756,0.00285,11.255184,0.003803,10.8590002059937,0.023,10.6940002441406,0.023,10.6499996185303,0.024,0.002120782,0.000514443,0.005630024,5.19477979008894,5.04592170941659,5.35162651793547,1.791,0.0233,-64.2057567640266,159.984078014035,4.73481762088348,0.352793531592755,7899.2,-7898.69946036179,-88.9220204446532,-516.836705815912,6464,45,4.06,0.01,-0.065,0.03,13.9,0.2,1.63,0.03,"fixed",1.369426,1.353373,1.384786,1.809396,1.773156,1.846615,NA,NA,NA,NA,NA,NA,NA,NA,NA,NA,NA,NA,NA,"SYNTH","T25",NA,NA,"mr_iso",NA,"v1.0",NA
"WASP-192","WASP-192",223.658718738454,-38.74454707,"Gaia DR2 6198312362812872320","Gaia DR3 6198312362812872320","J14543809-3844403",13.3199996948242,0.01,13.323173,0.003297106,12.6700000762939,0.01,12.6836,0.002734608,12.526171,0.002764,12.851247,0.002857,12.036748,0.003804,11.4930000305176,0.023,11.1929998397827,0.023,11.1370000839233,0.023,0.035020999,0.0164583957110879,0.052858105,1.91545119728025,1.83269172416466,2.00597113251043,2.0352,0.016799999,24.2241652709016,223.554940216073,8.59942295946007,0.0832465184056354,7608.48,-7604.40823981942,-249.011029897726,176.508757266829,5845,132,4.23,0.05,0.09,0.1,3.4,0.3,0.89,0.11,"fixed",1.094714,1.035398,1.15125,1.335954,1.273203,1.399656,NA,NA,NA,NA,NA,NA,NA,NA,NA,NA,NA,NA,NA,"EW","T25",NA,NA,"mr_iso",NA,"v1.0",NA
"WASP-2","WASP-2",307.72553,6.42954,"Gaia DR2 1748596020745038208","Gaia DR3 1748596020745038208","J20305413+0625463",13,NA,12.684114,0.003944694,11.9799995422363,NA,11.813079,0.001949405,11.572286,0.002791,12.018342,0.002856,10.936222,0.003828,10.1660003662109,0.027000001,9.7519998550415,0.026000001,9.63199996948242,0.024,0.083549611,0.067657413,0.099747659,0.52781499917595,0.511061445692356,0.545518717602126,6.5777,0.027000001,11.5007593118884,189.015407827813,-4.4406538900651,0.160594041331495,7909.84,-7909.05489195313,111.545211009628,-24.0586083516804,5068,98,4.41,0.16,0.17,0.001,1.9,0.5,0.57,0.15,"fixed",0.835616,0.78501,0.892798,0.931129,0.896066,0.96659,NA,NA,NA,8.55,NA,NA,0.03,NA,NA,NA,NA,NA,NA,"EW","M22","C_SYEW","DS24","mr_iso",NA,"v1.0",NA
"WASP-20","WASP-20",5.16056925248665,-23.93578851,"Gaia DR2 2359978293136820864","Gaia DR3 2359978293137038720","J00203853-2356086",11.3879995346069,0.050000001,NA,NA,10.7790002822876,0.02,NA,NA,10.839109,0.010082,10.947799,0.002933,10.190778,0.003791,9.70100021362305,0.021,9.41699981689453,0.021,9.39000034332275,0.024,0.0125986164634782,0.002910844,0.034790663,3.31109229121997,2.54100761,4.60997641622562,3.4699,0.709500014781952,19.5812991108935,214.036891253105,4.57157750559496,0.0714000788997903,7979.43,-7979.37175812865,31.7465842213041,-260.699592437205,5991,150,4.18,0.08,0.15,1e-04,4.8,0.4,1.1,0.15,"free",1.213307,1.149354,1.321252,1.498273,1.28159,1.780376,NA,NA,NA,NA,NA,NA,NA,NA,NA,NA,NA,NA,NA,"EW","T25",NA,NA,"mr_iso",NA,"v1.0",NA
"WASP-21","WASP-21",347.49272,18.39608,"Gaia DR2 2831084391023184128","Gaia DR3 2831084391023184128","J23095825+1823459",12.1199998855591,0.419999986886978,12.180896,0.003655452,11.5500001907349,0.28999999165535,11.563389,0.002352931,11.398335,0.002769,11.724204,0.002894,10.900679,0.003803,10.3500003814697,0.023,10.085000038147,0.022,9.98200035095215,0.017000001,0.0430332190322581,0.0300705621290323,0.002072412,1.49476266,1.44563127,1.54304683,3.9089,0.0197,-16.3241276714126,167.145477198644,69.9650478260888,0.222939006434107,8009.12,-8006.60496729133,200.791528088507,-133.381666041129,5949,59,4.29,0.15,-0.33,0.04,0,0.3,1.21,0.15,"fixed",0.910754,0.887503,0.934431,1.143408,1.115255,1.172374,NA,NA,NA,8.07,NA,NA,0.05,NA,NA,NA,NA,NA,NA,"SYNTH","M22","C_SYEW","DS24","mr_iso",NA,"v1.0",NA
"WASP-22","WASP-22",52.81803,-23.81968,"Gaia DR2 5086537022856406272","Gaia DR3 5086537022856406272","J03311633-2349109",12.3800001144409,0.189999997615814,12.314643,0.003307853,11.9899997711182,0.180000007152557,11.721256,0.002251189,11.584857,0.002777,11.87451,0.002846,11.130339,0.003803,10.6339998245239,0.021,10.3920001983643,0.023,10.3179998397827,0.02,0.0129009906494614,0.003864032,0.0259229069354162,1.77434519057311,1.72075895363221,1.8408344962298,3.1532,0.032699998,41.76551286578,205.831869750397,7.80894924312384,0.154733430643565,8151.08,-8150.30896407081,-111.860267165461,-230.856037290003,6017,82,4.35,0.12,0.27,0.03,4.3,0.3,0.91,0.22,"free",1.199256,1.176296,1.224041,1.219887,1.185978,1.257165,NA,NA,NA,8.68,NA,8.05,0.05,NA,0.12,NA,NA,NA,NA,"EW","M22","C_SYEW;N_SYNTH","DS24","mr_iso",NA,"v1.0",NA
"WASP-23","WASP-23",101.12756,-42.76185,"Gaia DR2 5557345496687437696","Gaia DR3 5557345496687437696","J06443062-4245425",13.4200000762939,0.029999999,13.448766,0.004167086,12.5200004577637,0.02,12.560225,0.002335082,12.313561,0.002759,12.76839,0.002841,11.698568,0.003789,10.960000038147,0.023,10.5139999389648,0.021,10.4499998092651,0.023,0.067799446,0.0515784536835276,0.082641536,0.463128088,0.448389960870466,0.477397630141047,4.8598,0.0086,87.0618223050379,214.935032987206,-29.5463634977861,0.292175841262771,8062.56,-8060.44860809422,-184.703822072192,-42.5798678836001,4930,150,4.42,0.15,-0.02,0.001,1.5,0.5,0.56,0.15,"free",0.774935,0.736172,0.830051,0.885211,0.846631,0.919604,NA,NA,NA,8.45,NA,7.73,0.03,NA,0.12,NA,NA,NA,NA,"EW","M22","C_SYNTH;N_SYNTH","DS24","mr_iso",NA,"v1.0",NA
"WASP-24","WASP-24",227.21557,2.34332,"Gaia DR2 1153682508388170112","Gaia DR3 1153682508388170112","J15085174+0220358",12,0.170000001788139,12.085722,0.003678939,11.2200002670288,0.109999999403953,11.526612,0.002555782,11.389458,0.002799,11.674986,0.002923,10.943763,0.003803,10.4569997787476,0.022,10.2189998626709,0.026000001,10.1479997634888,0.023,0.0263345417555624,0.01650257295304,0.035722294,2.37040174229758,2.30555186654887,2.4366250035412,3.033,0.0208,-8.03689736156032,204.485918163331,1.61982018164481,0.0825788518024662,7782.26,-7782.25745157364,7.05405492365642,272.507680034211,6245,43,4.28,0.12,0.12,0.02,6.3,0.2,1.18,0.04,"free",1.225101,1.210592,1.239871,1.309393,1.284325,1.33498,NA,NA,NA,8.47,NA,7.79,0.04,NA,0.12,NA,NA,NA,NA,"EW","M22","C_SYEW;N_SYNTH","DS24","mr_iso",NA,"v1.0",NA
"WASP-25","WASP-25",195.3599,-27.5222,"Gaia DR2 6186950525042445824","Gaia DR3 6186950525042445824","J13012637-2731199",12.2700004577637,0.200000002980232,12.575355,0.003337199,11.8699998855591,0.189999997615814,11.859784,0.001813639,11.682351,0.002769,12.042938,0.002849,11.15403,0.003802,10.5959997177124,0.027000001,10.2679996490479,0.023,10.173999786377,0.021,0.031089586,0.0154490368402671,0.048305743,0.79652517551025,0.76788552,0.828811589532831,4.6501,0.023,-12.9466580890386,214.098955599844,1.8550431447213,0.0530041826359243,7898.57,-7897.27851435233,-142.626548766132,148.93838057423,5590,128,4.47,0.15,0.05,0.05,3.3,0.2,0.69,0.36,"free",0.945072,0.899462,0.984298,0.95478,0.92174,0.99649,NA,NA,NA,8.41,NA,7.79,0.05,NA,0.12,NA,NA,NA,NA,"EW","M22","C_SYEW;N_SYNTH","DS24","mr_iso",NA,"v1.0",NA
"WASP-26","WASP-26",4.60292,-15.2673,"Gaia DR2 2416782701664155008","Gaia DR3 2416782701664155008","J00182469-1516022",11.6199998855591,0.07,NA,NA,11.3000001907349,0.090000004,NA,NA,10.993513,0.002765,11.293643,0.002843,10.528303,0.003805,10.0209999084473,0.022,9.77499961853027,0.023,9.68999958,0.023,0.00387597,0.000978428,0.010404858,1.90187736354297,1.87055834090756,1.93921471882555,3.9574,0.024700001,-2.66615210489762,193.885334027331,-11.8054369904055,0.128875888821129,7999.19,-7998.95315818068,61.6566319104573,-220.051017420756,5852,68,4.24,0.14,0.15,0.03,3.1,0.7,0.95,0.09,"free",1.122066,1.089858,1.144829,1.341056,1.308947,1.369123,NA,NA,NA,8.5,8.73,NA,0.05,0.12,NA,NA,NA,NA,NA,"EW","M22","C_SYEW;O_SYNTH","DS24","mr_iso",NA,"v1.0",NA
"WASP-28","WASP-28",353.61617,-1.58003,"Gaia DR2 2641087471777046016","Gaia DR3 2641087471777046016","J23342787-0134482",12.6099996566772,0.419999986886978,NA,NA,NA,NA,NA,NA,12.02088,0.002765,12.318706,0.002909,11.556333,0.003797,11.0780000686646,0.026000001,10.7620000839233,0.023,10.7320003509521,0.024,0.00819811,0.002707354,0.0152016714532725,1.39201979755139,1.36788281953965,1.41925846062601,2.9215,0.0151,-27.6628986144212,244.338294340584,-17.345386777109,0.158311834453265,7983.72,-7981.73659176931,177.888502727555,-266.863771614887,6012,28,4.36,0.14,-0.21,0.01,3.4,0.5,0.88,0.19,"free",0.973549,0.962539,0.984956,1.083525,1.069408,1.097823,NA,NA,NA,8.21,8.62,NA,0.05,0.1,NA,NA,NA,NA,NA,"EW","M22","C_SYEW;O_SYNTH","DS24","mr_iso",NA,"v1.0",NA
"WASP-29","WASP-29",357.87952,-39.90674,"Gaia DR2 6534414719318224512","Gaia DR3 6534414719318886144","J23513108-3954241",12.1499996185303,0.129999995231628,12.285412,0.004987973,11.3299999237061,0.079999998,11.242053,0.002075614,10.895415,0.002761,11.453864,0.002854,10.192976,0.003806,9.35299968719482,0.021,8.875,0.018999999,8.78299999237061,0.02,0.112346178511143,0.096954875,0.127796747904937,0.351840201275728,0.34229700101707,0.362195112276541,11.4349,0.0151,53.0064718027637,206.921608156116,-3.16623697859832,0.188366893420668,7974.59,-7974.58703586999,-7.68043680372178,-58.3359880429104,4835,125,4.57,0.14,0.38,0.09,1.9,1.4,0.73,0.47,"free",0.835392,0.785282,0.880093,0.835101,0.812817,0.863258,NA,NA,NA,8.81,9.01,8.28,0.04,0.19,0.12,NA,NA,NA,NA,"EW","M22","C_SYNTH;N_SYNTH;O_SYNTH","DS24","mr_iso",NA,"v1.0",NA
"WASP-3","WASP-3",278.63177,35.66153,"Gaia DR2 2095108312831835648","Gaia DR3 2095108312831835648","J18343163+3539415",11.0699996948242,0.059999999,11.052878,0.003852677,10.6300001144409,0.050000001,10.576013,0.002636713,10.454069,0.002762,10.701556,0.002826,10.049244,0.003788,9.60299968719482,0.02,9.4069995880127,0.014,9.36100006103516,0.015,0.0148402342500718,0.004874309,0.028558942,2.70437504674994,2.63685862757053,2.797664381,4.3338,0.012,31.5916528792187,217.941200660026,3.24598243841357,0.107164129831309,7906.92,-7904.47106998165,196.836159088241,98.3421670762753,6326,75,4.27,0.15,-0.04,0.04,15.4,0.3,1.51,0.1,"free",1.199834,1.180318,1.220432,1.360558,1.323518,1.399177,NA,NA,NA,8.41,NA,NA,0.09,NA,NA,NA,NA,NA,NA,"EW","M22","C_SYEW","DS24","mr_iso",NA,"v1.0",NA
"WASP-31","WASP-31",169.43899,-19.05478,"Gaia DR2 3545873945303316224","Gaia DR3 3545873945303316224","J11174536-1903171",12.0100002288818,0.180000007152557,12.44247,0.003126925,11.6599998474121,0.200000002980232,11.936597,0.002343934,11.808523,0.00277,12.069172,0.002859,11.388722,0.003801,10.9119997024536,0.022,10.7089996337891,0.022,10.6499996185303,0.027000001,0.0165063025459419,0.007925548,0.025822876,2.20801327351142,2.15279336786698,2.26661506818522,2.5758,0.0163,-35.8464122502234,214.86029460463,-9.86219586779935,0.123764429183898,7982.58,-7976.83004283062,-302.843759643911,266.817497854109,6363,40,4.32,0.11,-0.07,0.02,8.1,0.2,1.45,0.1,"free",1.165348,1.15174,1.179073,1.217595,1.196148,1.239445,NA,NA,NA,8.34,8.52,NA,0.05,0.12,NA,NA,NA,NA,NA,"EW","M22","C_SYEW;O_SYNTH","DS24","mr_iso",NA,"v1.0",NA
"WASP-32","WASP-32",3.9617,1.20044,"Gaia DR2 2546413408888429696","Gaia DR3 2546413408888429696","J00155080+0112016",12.06000042,0.180000007152557,12.10492,0.002518563,11.2600002288818,0.109999999403953,11.547224,0.001506452,11.409403,0.002779,11.692119,0.002829,10.963176,0.003796,10.5030002593994,0.022,10.2480001449585,0.028000001,10.16100025177,0.023,0.009042239,0.00281124,0.0184643674913377,1.62078795563586,1.57646489712086,1.67208075984327,3.5706,0.037300002,-3.96327603597515,255.826523971356,1.41092650016098,0.182837212526178,8036.9,-8035.78612263952,133.801000956922,-218.417043773337,6113,51,4.39,0.14,0.06,0.02,5,0.6,0.99,0.1,"free",1.130365,1.112187,1.14818,1.131265,1.10721,1.156406,NA,NA,NA,8.46,NA,7.73,0.04,NA,0.12,NA,NA,NA,NA,"EW","M22","C_SYEW;N_SYNTH","DS24","mr_iso",NA,"v1.0",NA
"WASP-33","HD  15082",36.71274276,37.55048236,"Gaia DR2 328636019723252096","Gaia DR3 328636019723252096","02265106+3733017",8.409999847,0.01,NA,NA,8.14000034332275,0.01,NA,NA,8.083327,0.002782,8.208873,0.00312,7.836774,0.003861,7.58099985122681,0.0209999997168779,7.51599979400635,0.0240000002086163,7.46799993515015,0.0240000002086163,0.029049167,0.0229651972963769,0.0348538626649111,7.04024129780477,6.90671467975306,7.16870087331322,8.2238,0.032699998,13.6728611179872,228.467984688236,3.63534798757842,0.0643803975142072,8090.82,-8090.53450347082,67.9080372981496,-19.3951368260465,7461.363834,80.92762621,4.30485635,0.021267,-0.0305,0.09,84.901,0.774432696,3.7975,0.321507387,"free",1.594477,1.573589,1.615094,1.485627,1.468029,1.503963,NA,NA,NA,NA,NA,NA,NA,NA,NA,NA,NA,NA,NA,"SYNTH","R26",NA,NA,"mr_iso",NA,"v1.0",NA
"WASP-34","WASP-34",165.39957,-23.86066,"Gaia DR2 3537110833333561728","Gaia DR3 3537110837630877568","J11013589-2351382",11.0500001907349,0.090000004,11.053432,0.0045627,10.2799997329712,0.059999999,10.382619,0.003372022,10.205273,0.002767,10.546549,0.002829,9.700713,0.003787,9.171999931,0.026000001,8.84200000762939,0.041999999,8.79199981689453,0.021,0.024031969,0.00992944,0.041734292,1.12069547054143,1.08521818706335,1.16738823605699,7.6211,0.0164,10.5896085967288,163.789605259292,-7.20697074747483,0.279939492048793,7994.87,-7994.10792155056,-110.482889038135,95.5452399409768,5660,102,4.37,0.16,0.11,0.04,1,3.7,0.84,0.09,"free",0.997705,0.96211,1.035786,1.092176,1.050602,1.136221,NA,NA,NA,8.52,8.82,7.91,0.05,0.12,0.12,NA,NA,NA,NA,"EW","M22","C_SYEW;N_SYNTH;O_SYNTH","DS24","mr_iso",NA,"v1.0",NA
"WASP-35","WASP-35",76.0818,-6.22983,"Gaia DR2 3211188618762023424","Gaia DR3 3211188618762023424","J05041962-0613473",11.5500001907349,0.090000004,11.593928,0.002887137,10.93999958,0.090000004,11.008456,0.001819249,10.854834,0.00276,11.157916,0.002807,10.383007,0.003792,9.887000084,0.029999999,9.59799957275391,0.023,9.52499961853027,0.021,0.016945339,0.006561253,0.028728191,1.45468809185519,1.41825809720827,1.49741195831908,4.9411,0.016000001,-12.4049447971017,220.993137878017,19.4375189262222,0.0440629204889807,8163.23,-8162.84031062413,-79.3610378795358,-65.1764746193609,5884,71,4.31,0.16,-0.07,0.03,2.3,0.9,0.78,0.15,"free",0.999339,0.975722,1.024149,1.153669,1.122839,1.185531,NA,NA,NA,8.37,NA,NA,0.06,NA,NA,NA,NA,NA,NA,"EW","M22","C_SYEW","DS24","mr_iso",NA,"v1.0",NA
"WASP-36","WASP-36",131.58041,-8.02695,"Gaia DR2 5750936092375254016","Gaia DR3 5750936092375254016","J08461929-0801370",13.1000003814697,NA,13.374628,0.002367673,12.6999998092651,NA,12.775093,0.001846723,12.617636,0.002771,12.927909,0.002856,12.145796,0.003832,11.6090002059937,0.028000001,11.3529996871948,0.027000001,11.293999671936,0.026000001,0.004320573,0.001181764,0.0108354034402668,0.973439609227419,0.959814640231055,0.991242980993813,2.6493,0.0129,21.9177195980757,232.369960785584,-10.6808879881903,0.100861589802444,8209.61,-8204.61548422961,-286.298610994921,161.452226979459,5790,56,4.45,0.16,-0.18,0.01,3.8,0.2,0.69,0.31,"free",0.914211,0.893977,0.934501,0.976366,0.95661,0.996117,NA,NA,NA,8.18,NA,NA,0.05,NA,NA,NA,NA,NA,NA,"EW","M22","C_SYEW","DS24","mr_iso",NA,"v1.0",NA
"WASP-37","WASP-37",221.94401,1.06494,"Gaia DR2 3652176997218325888","Gaia DR3 3652176997218325888","J14474655+0103538",13.3039999008179,NA,13.301208,0.003726669,12.7040004730225,0.149000003933906,12.693029,0.003324284,12.537645,0.002784,12.851197,0.0029,12.046151,0.003804,11.4989995956421,0.022,11.1809997558594,0.026000001,11.0930004119873,0.023,0.0257115784682979,0.0109448781679184,0.040881524,1.14035484339662,1.09960366187447,1.18411414405508,2.6257,0.0173,-30.2304870963713,222.596649011109,51.6266419315601,0.105537978661049,7764.63,-7764.60132115387,-21.4414524969993,323.657707101147,5796,111,4.33,0.18,-0.28,0.01,5.5,0.2,1,0.15,"fixed",0.877358,0.846096,0.913636,1.047081,1.004914,1.091881,NA,NA,NA,8.21,NA,NA,0.1,NA,NA,NA,NA,NA,NA,"EW","M22","C_SYNTH","DS24","mr_iso",NA,"v1.0",NA
"WASP-38","WASP-38",243.95986,10.03258,"Gaia DR2 4453211899986180352","Gaia DR3 4453211899986180352","J16155036+1001572",9.86600017547607,0.028000001,9.857848,0.005102999,9.39000034332275,0.02,9.348587,0.002870936,9.217686,0.002761,9.485494,0.002811,8.783952,0.00379,8.28699970245361,0.023,8.10599994659424,0.046999998,7.9980001449585,0.039999999,0.0118964421251496,0.007045832,0.016844543,2.885597421,2.84629889998621,2.9252431734688,7.3373,0.018100001,13.4163819665824,198.708311498636,6.45697322809751,0.116365499676184,7902.74,-7902.6267760993,42.2626262875095,110.527152908584,6334,16,4.2,0.11,0.12,0.01,8.4,0.2,1.43,0.06,"free",1.2752,1.265209,1.285312,1.405833,1.393585,1.417916,NA,NA,NA,8.59,8.69,7.9,0.03,0.1,0.12,NA,NA,NA,NA,"EW","M22","C_SYEW;N_SYNTH;O_SYNTH","DS24","mr_iso",NA,"v1.0",NA
"WASP-39","WASP-39",217.32673,-3.4445,"Gaia DR2 3643098875168270592","Gaia DR3 3643098875168270592","J14291840-0326403",12.9300003051758,0.25,12.857594,0.003961657,12.0900001525879,0.150000005960464,12.0854,0.002643677,11.880778,0.002765,12.280017,0.002984,11.315771,0.003803,10.6630001068115,0.024,10.3070001602173,0.023,10.2019996643066,0.023,0.078349212,0.057895949,0.096948019,0.749031692023518,0.71593916995956,0.780960458105019,4.6435,0.0144,-37.2568291766586,229.690624157762,-30.9193648056726,0.140913490533458,7870.03,-7869.94510685114,-36.1461691277546,192.832191622821,5432,140,4.44,0.17,0.07,0.03,2.5,0.3,0.71,0.15,"fixed",0.907874,0.860946,0.955227,0.969743,0.926366,1.020853,NA,NA,NA,8.45,NA,NA,0.05,NA,NA,NA,NA,NA,NA,"EW","M22","C_SYEW","DS24","mr_iso",NA,"v1.0",NA
"WASP-4","WASP-4",353.56286,-42.0614,"Gaia DR2 6535499658122055552","Gaia DR3 6535499658122055552","J23341508-4203411",13.5100002288818,0.409999996423721,13.256229,0.003793268,12.4799995422363,0.230000004172325,12.499484,0.002734898,12.30534,0.00278,12.68536,0.002943,11.765665,0.003866,11.1789999008179,0.025,10.8420000076294,0.026000001,10.746000289917,0.021,0.0147975311584233,0.004759581,0.0294200878705444,0.699695489,0.684436552723124,0.722617877735772,3.6623,0.0147,57.7144454134269,117.571249521882,-24.7807730256501,0.513792304762892,7903.5,-7903.4505912024,-26.9966017439468,-228.999610464699,5277,130,4.42,0.17,0.05,0.02,3.1,0.6,0.69,0.15,"fixed",0.852554,0.811956,0.900085,0.98785,0.940154,1.035774,NA,NA,NA,8.43,8.56,NA,0.04,0.15,NA,NA,NA,NA,NA,"EW","M22","C_SYEW;O_SYNTH","DS24","mr_iso",NA,"v1.0",NA
"WASP-41","WASP-41",190.61873,-30.63987,"Gaia DR2 6160877943251930368","Gaia DR3 6160877943251930368","J12422849-3038235",12.3599996566772,0.180000007152557,12.241974,0.003196016,11.6300001144409,0.119999997317791,11.478555,0.00190951,11.279936,0.002843,11.670033,0.003079,10.731241,0.003905,10.0959997177124,0.024,9.7519998550415,0.024,9.67700004577637,0.018999999,0.007245715,0.002226614,0.014595857,0.641070145965424,0.633012038,0.652051310361195,6.1193,0.020300001,19.5268473835526,239.912703990421,17.2877950318627,0.122488916319852,7930.07,-7929.18070973946,-118.969027658205,111.840969083502,5458,36,4.49,0.15,0.03,0.02,3.4,0.2,1.03,0.06,"free",0.910824,0.893411,0.929076,0.892209,0.879099,0.905415,NA,NA,NA,8.46,NA,7.86,0.02,NA,0.12,NA,NA,NA,NA,"EW","M22","C_SYEW;N_SYNTH","DS24","mr_iso",NA,"v1.0",NA
"WASP-42","WASP-42",192.98149,-42.07364,"Gaia DR2 6139698733664726784","Gaia DR3 6139698733664726784","J12515557-4204249",NA,NA,13.194279,0.003469928,NA,NA,12.235259,0.001977764,11.961648,0.002762,12.454022,0.002878,11.308061,0.003793,10.5419998168945,0.025,10.1029996871948,0.022,10.0329999923706,0.022,0.0704881596774194,0.0559231296774194,0.099197041,0.475817084,0.463228225,0.487636161,5.6209,0.0153,-27.1252397396117,213.893312354622,9.86503374465213,0.0960529904267958,7910.34,-7909.11194726553,-139.438865450267,87.8872203663548,5141,50,4.48,0.15,0.28,0.03,0.4,3,0.56,0.15,"fixed",0.910044,0.88505,0.932842,0.868867,0.853359,0.88669,NA,NA,NA,8.84,NA,8.22,0.03,NA,0.12,NA,NA,NA,NA,"SYNTH","M22","C_SYEW;N_SYNTH","DS24","mr_iso",NA,"v1.0",NA
"WASP-43","WASP-43",154.90837,-9.80628,"Gaia DR2 3767805209112436736","Gaia DR3 3767805209112436736","J10193800-0948225",13.7819995880127,0.050000001,NA,NA,12.4899997711182,0.059999999,NA,NA,11.893576,0.002879,12.660082,0.003999,11.039996,0.004466,9.99499988555908,0.024,9.39700031280518,0.025,9.26700019836426,0.026000001,0.0167189537837523,0.004210627,0.045295878,0.14486637889946,0.142253395009226,0.150853262490923,11.474,0.0163,6.05096928466672,221.607021038736,-13.2594392281438,0.0226627410736676,8020.42,-8020.15350300706,-65.7179978955348,78.564302934223,4184,116,4.61,0.14,0.29,0.08,4,0.4,0.51,0.15,"fixed",0.682356,0.659463,0.709104,0.661158,0.649228,0.671816,NA,NA,NA,NA,9.03,NA,NA,0.12,NA,NA,NA,NA,NA,"EW","M22","O_SYNTH","DS24","mr_iso",NA,"v1.0",NA
"WASP-44","WASP-44",3.90321,-11.93813,"Gaia DR2 2424406513428936832","Gaia DR3 2424406513428936832","J00153675-1156172",13.8229999542236,0.059999999,13.855082,0.004716316,13.0539999008179,0.01,13.073127,0.002941415,12.883635,0.00278,13.273107,0.003084,12.33588,0.003934,11.7019996643066,0.023,11.4079999923706,0.025,11.3409996032715,0.026000001,0.001022193,0.000248156,0.002787524,0.703316195825193,0.692027315016448,0.714305262053018,2.7644,0.0199,14.0711710194356,176.067329687932,-7.10108365195798,0.220640893576981,8005.98,-8005.25367474723,107.856869631367,-320.247160441383,5394,24,4.49,0.17,0.24,0.02,3.5,0.3,0.64,0.35,"free",0.966095,0.952206,0.979668,0.956945,0.945462,0.968508,NA,NA,NA,8.73,NA,NA,0.04,NA,NA,NA,NA,NA,NA,"EW","M22","C_SYEW","DS24","mr_iso",NA,"v1.0",NA
"WASP-45","WASP-45",5.23748,-35.99826,"Gaia DR2 2308834780352875904","Gaia DR3 2308834780352875904","J00205699-3559537",13.3299999237061,0.430000007152557,13.18008,0.003602383,11.8000001907349,0.180000007152557,12.262798,0.002113787,12.040077,0.00277,12.484286,0.002839,11.44066,0.003799,10.7530002593994,0.024,10.3649997711182,0.026000001,10.293999671936,0.021,0.047867324,0.031136111,0.069533218,0.606899386364696,0.585179349,0.632818424457424,4.652,0.022600001,-12.138844587718,164.016917158076,3.49498767323247,0.279207713321254,7962.88,-7962.85928626161,-15.8672964956177,-186.141054849902,5272,193,4.55,0.14,0.54,0.03,2.4,1.1,0.87,0.47,"free",1.020627,1.002601,1.03479,0.926697,0.916475,0.938129,NA,NA,NA,9.01,9.14,8.57,0.04,0.24,0.12,NA,NA,NA,NA,"EW","M22","C_SYNTH;N_SYNTH;O_SYNTH","DS24","mr_iso",NA,"v1.0",NA
"WASP-46","WASP-46",318.737015303501,-55.87186569,"Gaia DR2 6462994429708755072","Gaia DR3 6462994429708755072","J21145687-5552184",13,NA,13.667032,0.002847517,NA,NA,13.005127,0.001939986,12.840169,0.002769,13.177423,0.002906,12.339066,0.003811,11.7530002593994,0.023,11.4650001525879,0.025,11.4010000228882,0.026000001,0.0293742742841636,0.012886074,0.050459743,0.817961506591779,0.787039624859066,0.858375754200634,2.6878,0.0131,-11.4002694711747,205.244640935229,-1.39703301467732,0.0844831154076246,7740.64,-7740.09968501016,-91.2870448343982,-225.118468227661,5831,133,4.49,0.05,-0.23,0.12,3.2,0.3,1.14,0.15,"free",0.895337,0.841679,0.939835,0.895216,0.863103,0.933352,NA,NA,NA,NA,NA,NA,NA,NA,NA,NA,NA,NA,NA,"EW","T25",NA,NA,"mr_iso",NA,"v1.0",NA
"WASP-47","WASP-47",331.20303,-12.01889,"Gaia DR2 2613413008919918976","Gaia DR3 2613413008919918976","J22044873-1201079",NA,NA,12.770621,0.003802001,11.9899997711182,0.01,11.969939,0.002122924,11.781729,0.002769,12.171646,0.002893,11.229384,0.003826,10.6129999160767,0.022,10.31000042,0.022,10.1920003890991,0.026000001,0.0110190555421141,0.003517648,0.0216168545780147,1.09576460384489,1.07472474550369,1.1238127849999,3.701,0.020099999,4.44014049916115,170.65920514899,-0.685113684007886,0.245569049813038,7875.94,-7874.88480304868,129.032436099947,-176.777200555117,5492,60,4.3,0.16,0.5,0.02,3.2,0.8,0.85,0.04,"free",1.117221,1.092179,1.137974,1.096079,1.077786,1.118063,NA,NA,NA,8.89,NA,8.39,0.04,NA,0.12,NA,NA,NA,NA,"EW","M22","C_SYEW;N_SYNTH","DS24","mr_iso",NA,"v1.0",NA
"WASP-48","WASP-48",291.16234,55.47315,"Gaia DR2 2141754578242371584","Gaia DR3 2141754578242371584","J19243895+5528233",12.31000042,0.180000007152557,12.173865,0.003140847,11.6499996185303,0.140000000596046,11.643802,0.001928289,11.518899,0.002763,11.78458,0.00289,11.094658,0.003816,10.6269998550415,0.025,10.4409999847412,0.032000002,10.3719997406006,0.022,0.035426988,0.0190891326786141,0.054427735,4.20727445292095,4.03985039041978,4.41181079235972,2.1639,0.0104,61.9782118200944,221.805088043235,-33.139453279593,0.209342320942497,7987.69,-7975.57102923481,439.783415128718,164.870172515243,6312,105,4.11,0.13,0.18,0.03,13.4,0.3,1.56,0.07,"free",1.394013,1.374052,1.413074,1.702198,1.636155,1.77135,NA,NA,NA,8.46,NA,NA,0.08,NA,NA,NA,NA,NA,NA,"EW","M22","C_SYEW","DS24","mr_iso",NA,"v1.0",NA
"WASP-49","WASP-49",91.08947,-16.96531,"Gaia DR2 2991284369063612928","Gaia DR3 2991284369063612928","J06042146-1657550",11.9300003051758,0.100000001490116,12.189098,0.002783519,11.3500003814697,0.079999998,11.471672,0.001659682,11.289128,0.002766,11.652863,0.002832,10.757447,0.003797,10.1459999084473,0.024,9.8120002746582,0.027000001,9.748999596,0.021,0.006052789,0.001540191,0.0137179604256945,0.89839016163625,0.887432741524117,0.915048485391297,5.1315,0.015799999,-1.56303098067157,170.200668360354,31.7268491597897,0.23883397071287,8136.21,-8135.21399591775,-127.124891977846,-34.3449994790788,5496,48,4.29,0.18,-0.02,0.03,1.5,0.4,0.8,0.15,"fixed",0.88583,0.86668,0.906814,1.04015,1.020733,1.060172,NA,NA,NA,8.47,8.75,NA,0.04,0.13,NA,NA,NA,NA,NA,"EW","M22","C_SYEW;O_SYNTH","DS24","mr_iso",NA,"v1.0",NA
"WASP-5","WASP-5",359.34899,-41.27715,"Gaia DR2 6533307957785865856","Gaia DR3 6533307957785865856","J23572375-4116377",12.8079996109009,0.02,12.84222,0.003084646,12.1459999084473,0.01,12.152869,0.00213352,11.987861,0.002777,12.329576,0.003001,11.485979,0.003867,10.9490003585815,0.022,10.6499996185303,0.025,10.5979995727539,0.023,0.00928213,0.002621159,0.019636745690683,1.19693633562289,1.17608720871841,1.2268087906431,3.1883,0.015,16.6704416008434,203.708716576441,-9.09368812985812,0.0979321096012362,7911.46,-7911.37626676196,-36.9078554639484,-273.604584624371,5703,80,4.38,0.16,0.23,0.03,4.6,0.3,0.92,0.14,"free",1.062626,1.033257,1.094249,1.114882,1.08297,1.148416,NA,NA,NA,8.68,NA,NA,0.05,NA,NA,NA,NA,NA,NA,"EW","M22","C_SYEW","DS24","mr_iso",NA,"v1.0",NA
"WASP-50","WASP-50",43.68806,-10.89806,"Gaia DR2 5160557726183065984","Gaia DR3 5160557726183065984","J02544513-1053530",12.4300003051758,0.270000011,12.51895,0.005088353,11.43999958,0.129999995231628,11.736336,0.003087949,11.544436,0.002809,11.932682,0.003168,10.992901,0.003927,10.4010000228882,0.022,10.0410003662109,0.022,9.9689998626709,0.021,0.005545162,0.001424161,0.013326147,0.617953061487746,0.610866074707867,0.628424802753191,5.4865,0.0174,-9.19195481420185,233.652016237943,-10.5665298198284,0.0785360310293103,8098.86,-8098.84578827941,-16.7846189811659,-127.186809979301,5446,46,4.54,0.15,0.2,0.02,2.8,0.8,1,0.12,"free",0.969819,0.953383,0.982883,0.891411,0.882452,0.90347,NA,NA,NA,8.61,8.69,7.99,0.03,0.16,0.12,NA,NA,NA,NA,"EW","M22","C_SYEW;N_SYNTH;O_SYNTH","DS24","mr_iso",NA,"v1.0",NA
"WASP-52","WASP-52",348.49482,8.76127,"Gaia DR2 2666015878575546496","Gaia DR3 2666015878575546496","J23135873+0845405",12.8999996185303,NA,NA,NA,12,NA,NA,NA,11.946362,0.002871,12.415675,0.003789,11.319972,0.004233,10.5880002975464,0.022,10.1859998703003,0.028000001,10.0860004425049,0.025,0.008720553,0.002210111,0.021697045,0.413175896557057,0.407653667911794,0.423770101120136,5.7262,0.0134,34.2215189053911,209.922074552134,-11.3899380751957,0.125296296876037,7993.32,-7992.44243592714,118.75303795311,-102.824862321356,4921,89,4.49,0.15,0.36,0.001,3.4,0.3,0.82,0.15,"fixed",0.841717,0.79266,0.893758,0.873563,0.848112,0.902117,NA,NA,NA,NA,NA,NA,NA,NA,NA,NA,NA,NA,NA,"EW","M22",NA,NA,"mr_iso",NA,"v1.0",NA
"WASP-54","WASP-54",205.45429,-0.12806,"Gaia DR2 3661983850663908608","Gaia DR3 3661983850663908608","J13414903-0007410",11.0100002288818,0.07,10.897246,0.003961409,10.4099998474121,0.059999999,10.384216,0.002402704,10.248079,0.002775,10.517927,0.002947,9.814962,0.00383,9.36499977111816,0.022,9.13500022888184,0.027000001,9.034999847,0.023,0.003362046,0.00080376,0.009043795,3.7752476302811,3.7242349547498,3.83434367809529,3.9859,0.02,14.2781452607103,203.075487819004,-6.09185955155416,0.0964636594401529,7892.66,-7892.39941655009,-64.3846581876432,242.318590786325,6086,44,4.02,0.15,-0.13,0.02,3.6,0.6,1.31,0.04,"free",1.150489,1.138169,1.161872,1.739621,1.707749,1.768905,NA,NA,NA,8.38,8.59,7.61,0.05,0.11,0.12,NA,NA,NA,NA,"EW","M22","C_SYEW;N_SYNTH;O_SYNTH","DS24","mr_iso",NA,"v1.0",NA
"WASP-55","WASP-55",203.75814,-17.50348,"Gaia DR2 3603529272750802560","Gaia DR3 3603529272750802560","J13350194-1730124",12.68999958,0.319999992847443,12.543159,0.003184059,11.75,0.189999997615814,11.924317,0.002524963,11.767486,0.002773,12.084265,0.002861,11.283641,0.003796,10.7749996185303,0.027000001,10.4429998397827,0.023,10.3959999084473,0.024,0.0202606835914274,0.010075607,0.0296203978799969,1.31420484260238,1.28067474137625,1.34956537671061,3.4194,0.020400001,24.0606339410924,240.688360269611,-1.52990815257034,0.13239053363132,7845.9,-7844.61702459986,-141.851331211774,228.154592482773,5920,49,4.37,0.16,0.04,0.04,2.3,0.9,0.95,0.08,"free",1.053234,1.028863,1.077942,1.085229,1.062724,1.108224,NA,NA,NA,8.39,NA,NA,0.05,NA,NA,NA,NA,NA,NA,"EW","M22","C_SYEW","DS24","mr_iso",NA,"v1.0",NA
"WASP-56","WASP-56",183.36621,23.05567,"Gaia DR2 4001613814138156416","Gaia DR3 4001613814138156416","J12132790+2303205",12.7200002670288,0.28999999165535,NA,NA,11.4799995422363,0.119999997317791,NA,NA,11.99499,0.002767,12.351968,0.002893,11.479673,0.003803,10.8739995956421,0.021,10.6029996871948,0.022,10.5319995880127,0.018999999,0.004161067,0.001054987,0.0106069019042546,1.28036419773894,1.26091187248686,1.303723217161,3.0471,0.0162,-41.2837835930014,208.413835037624,5.27175738079528,0.148067839357083,8029.23,-8029.10495109453,-45.05495590934,348.759286956213,5679,51,4.33,0.14,0.46,0.03,2.3,1.1,0.98,0.05,"free",1.143067,1.123774,1.164475,1.156155,1.133771,1.180708,NA,NA,NA,8.91,NA,8.5,0.04,NA,0.12,NA,NA,NA,NA,"EW","M22","C_SYEW;N_SYNTH","DS24","mr_iso",NA,"v1.0",NA
"WASP-57","WASP-57",223.819975033574,-2.057687249,"Gaia DR2 6340377202215639936","Gaia DR3 6340377202215639936","J14551682-0203275",13.6000003814697,0.5,13.57698,0.004337899,13.039999961853,0.25,12.893479,0.002986557,12.720789,0.002767,13.071798,0.002892,12.206364,0.00381,11.625,0.024,11.2919998168945,0.024,11.2440004348755,0.026000001,0.059890069,0.038178874,0.079693337,1.15931225660128,1.101293693,1.21496982424942,2.4676,0.0162,-31.3104889802296,192.975946398632,8.98050073226594,0.16814549728453,7731.08,-7731.02408509013,-30.5160308059524,326.603034427299,5891,124,4.42,0.04,0.05,0.11,0,0,1.16,0.15,"free",1.031134,0.977989,1.077219,1.04094,1.00378,1.084863,NA,NA,NA,NA,NA,NA,NA,NA,NA,NA,NA,NA,NA,"EW","T25",NA,NA,"mr_iso",NA,"v1.0",NA
"WASP-58","WASP-58",274.70105,45.17202,"Gaia DR2 2115245554756763392","Gaia DR3 2115245554756763392","J18184825+4510192",12.3299999237061,NA,12.35401,0.003327508,11.6599998474121,NA,11.776235,0.002124381,11.630608,0.002761,11.925011,0.002907,11.165082,0.0038,10.6260004043579,0.029999999,10.3640003204346,0.033,10.2849998474121,0.02,0.002525714,0.000608413,0.006618859,1.48503933581538,1.47152099139321,1.50334914209064,3.3963,0.0112,-65.1114788427033,240.3294239903,-29.1590995797761,0.248459638119817,7925.01,-7920.85941822982,256.416196779193,146.189847120352,5701,66,4.22,0.16,-0.28,0.03,4.3,0.2,0.64,0.28,"free",0.862591,0.843935,0.882224,1.24099,1.211528,1.27049,NA,NA,NA,8.18,NA,7.46,0.06,NA,0.12,NA,NA,NA,NA,"EW","M22","C_SYEW;N_SYNTH","DS24","mr_iso",NA,"v1.0",NA
"WASP-59","WASP-59",349.622949488937,24.8892766069056,"Gaia DR2 2841043011433969152","Gaia DR3 2841043011433969152","J23182955+2453214",14.0100002288818,0.07,14.052903,0.007696333,12.7799997329712,0.039999999,12.80493,0.002818493,12.30232,0.002762,13.021703,0.002875,11.482043,0.003795,10.43999958,0.02,9.87800025939941,0.023,9.72299957275391,0.017999999,0.153439913,0.136537032638908,0.170856319850129,0.208323802349176,0.20288111981094,0.21423599302451,8.6178,0.014,34.2931629600443,190.799516193032,43.9511883345941,0.171788393286132,8013.49,-8012.91036888117,96.07484190504,-38.7736171528461,4544,138,4.59,0.06,-0.24,0.18,5.1,0.4,1.09,0.15,"free",0.672035,0.636617,0.709133,0.68574,0.663167,0.708757,NA,NA,NA,NA,NA,NA,NA,NA,NA,NA,NA,NA,NA,"EW","T25",NA,NA,"mr_iso",NA,"v1.0",NA
"WASP-6","WASP-6",348.15724,-22.67396,"Gaia DR2 2385171398768647552","Gaia DR3 2385171398768647552","J23123773-2240261",12.8999996185303,0.349999994039536,12.927841,0.004321309,11.9099998474121,0.180000007152557,12.164352,0.00347258,11.968609,0.002772,12.355785,0.003151,11.414897,0.003898,10.7690000534058,0.026000001,10.4449996948242,0.025,10.3249998092651,0.025,0.0158993241931795,0.005827513,0.030124255,0.523558746715698,0.512185551679828,0.539742470115159,5.0073,0.013,47.7307287675356,210.43608838449,0.579866806904389,0.166564826790645,7940.3,-7940.15362012174,48.4295866922964,-159.285363845745,5142,116,4.44,0.16,-0.19,0.01,2.5,0.3,0.63,0.15,"fixed",0.741746,0.716675,0.776688,0.889242,0.853325,0.916698,NA,NA,NA,8.2,NA,7.57,0.04,NA,0.12,NA,NA,NA,NA,"EW","M22","C_SYEW;N_SYNTH","DS24","mr_iso",NA,"v1.0",NA
"WASP-60","WASP-60",356.666718468338,31.1559106325561,"Gaia DR2 2868528637464028160","Gaia DR3 2868528637464028160","J23463997+3109213",12.8599996566772,NA,12.858868,0.002912447,12.1800003051758,NA,12.180688,0.002271123,12.010265,0.002761,12.357514,0.00285,11.497773,0.003799,10.96399974823,0.023,10.6560001373291,0.029999999,10.585000038147,0.021,0.075355787,0.061044801,0.090735821,2.58175276200199,2.48575919895789,2.68642552732221,2.3243,0.019400001,-31.1875540133866,180.166072929507,-5.05474637107749,0.221165920560378,8117.67,-8109.79656653525,357.412809079966,-187.839236590166,6064,77,4.21,0.03,0.17,0.1,4.6,0.2,1.18,0.05,"fixed",1.234589,1.189777,1.274887,1.448348,1.402428,1.495913,NA,NA,NA,NA,NA,NA,NA,NA,NA,NA,NA,NA,NA,"EW","T25",NA,NA,"mr_iso",NA,"v1.0",NA
"WASP-61","WASP-61",75.29966,-26.05416,"Gaia DR2 2959177048983750016","Gaia DR3 2959177048983750016","J05011191-2603149",12.8299999237061,0.189999997615814,12.666517,0.002068734,12.4899997711182,0.170000001788139,12.182529,0.001764524,12.060715,0.002763,12.310589,0.002815,11.657104,0.003788,11.2189998626709,0.028000001,11.0340003967285,0.024,11.0080003738403,0.026000001,0.005056732,0.001361998,0.0118672728057225,2.63511542082322,2.59904899324115,2.68622215899891,2.0649,0.0094,-5.72008593721272,224.130892645581,-0.809967831932006,0.0332881614581356,8276.66,-8271.52781443501,-291.52708585144,-250.290044051573,6267,59,4.27,0.15,-0.06,0.02,11.1,0.2,1.48,0.01,"free",1.179164,1.166524,1.189952,1.370373,1.342086,1.399362,NA,NA,NA,8.42,NA,NA,0.08,NA,NA,NA,NA,NA,NA,"EW","M22","C_SYEW","DS24","mr_iso",NA,"v1.0",NA
"WASP-62","WASP-62",87.13997,-63.98844,"Gaia DR2 4756649415309914240","Gaia DR3 4756649415309914240","J05483359-6359183",10.7299995422363,0.050000001,10.715367,0.003560654,10.210000038147,0.039999999,10.20231,0.002327694,10.077329,0.002769,10.336,0.002809,9.657895,0.0038,9.27200031280518,0.024,9.00800037384033,0.024,8.94400024414062,0.021,0.009464861,0.002968005,0.0185350095076127,2.14477477157665,2.1097628499718,2.19456257122956,5.691,0.0113,-10.079705615068,224.754325185301,-11.924846477014,0.0424200800464873,7992.69,-7991.27320904467,-150.296199089404,-65.6157782894552,6327,51,4.36,0.1,0.25,0.02,8.7,0.4,1.43,0.01,"free",1.279238,1.265234,1.28954,1.23021,1.21701,1.247473,NA,NA,NA,8.62,8.83,NA,0.06,0.11,NA,NA,NA,NA,NA,"EW","M22","C_SYEW;O_SYNTH","DS24","mr_iso",NA,"v1.0",NA
"WASP-63","WASP-63",94.33645,-38.32326,"Gaia DR2 5574766468155514752","Gaia DR3 5574766468155514752","J06172074-3819237",11.7399997711182,0.090000004,11.845758,0.003955424,11.1499996185303,0.079999998,11.100369,0.002538468,10.919234,0.002761,11.288581,0.002824,10.383512,0.003795,9.81799983978272,0.024,9.46300029754639,0.021,9.39299964904785,0.021,0.0220574293752649,0.009352206,0.034975323,2.8253475162536,2.74899473155935,2.9092625699913,3.4609,0.0118,51.3719344580971,252.257358030886,-15.1553130655433,0.24263188329407,8113.74,-8110.1039906134,-242.852242809964,-86.2557910524594,5605,71,3.98,0.14,0.31,0.03,2.3,1,1.1,0.02,"free",1.180527,1.165564,1.25986,1.761091,1.703456,1.81647,NA,NA,NA,8.74,8.88,8.12,0.04,0.1,0.12,NA,NA,NA,NA,"EW","M22","C_SYEW;N_SYNTH;O_SYNTH","DS24","mr_iso",NA,"v1.0",NA
"WASP-64","WASP-64",101.1149192,-32.8583879,"Gaia DR2 5583523425437258240","Gaia DR3 5583523425437258240","J06442760-3251302",NA,NA,13.426375,0.003038685,NA,NA,12.699383,0.002297872,12.517786,0.002781,12.883068,0.003105,11.988051,0.003893,11.3680000305176,0.022,11.0790004730225,0.024,10.956000328064,0.018999999,0.028403518,0.011741783,0.049686445,1.03674072171378,0.999276185,1.08613980355779,2.7721,0.0102,-10.1881909275236,215.45510840335,-31.959942363387,0.0360744530962125,8167.85,-8162.06696434893,-307.326395054262,-71.9499001360891,5581,127,4.38,0.04,0.17,0.1,2.3,0.4,0.59,0.15,"free",0.996274,0.940868,1.051475,1.08041,1.033352,1.13256,NA,NA,NA,NA,NA,NA,NA,NA,NA,NA,NA,NA,NA,"EW","T25",NA,NA,"mr_iso",NA,"v1.0",NA
"WASP-66","WASP-66",158.22497,-34.98985,"Gaia DR2 5444147952811517696","Gaia DR3 5444147952811517696","J10325399-3459234",12,0.100000001490116,12.161426,0.002234994,11.6000003814697,0.109999999403953,11.704588,0.001758181,11.588525,0.002772,11.830812,0.002842,11.184345,0.003806,10.7189998626709,0.022,10.496000289917,0.024,10.4519996643066,0.022,0.057922582,0.041269473,0.078977262,5.06399066834369,4.80039058928455,5.38007666037077,1.9962,0.031300001,50.8342682681654,239.553437511073,-7.82610814155376,0.200069736849589,7986.39,-7972.50804905036,-470.608877192423,194.455344273456,6641,97,4.09,0.14,-0.09,0.04,13.4,0.4,1.98,0.06,"free",1.360867,1.337272,1.384835,1.686133,1.619354,1.755965,NA,NA,NA,8.39,8.66,NA,0.07,0.12,NA,NA,NA,NA,NA,"EW","M22","C_SYEW;O_SYNTH","DS24","mr_iso",NA,"v1.0",NA
"WASP-67","WASP-67",295.74384,-19.94959,"Gaia DR2 6868476691490044672","Gaia DR3 6868476691490044672","J19425852-1956585",12.8999996185303,0.28999999165535,13.036541,0.004512119,12.539999961853,0.259999990463257,12.152508,0.002738168,11.908618,0.002766,12.362065,0.002973,11.294559,0.003826,10.6079998016357,0.026000001,10.21399974823,0.023,10.128999710083,0.021,0.0579337061128516,0.043952114,0.073185213,0.549553347723459,0.5340079035757,0.56694088,5.272,0.0123,15.5344201565847,205.275907155912,-4.50793393197743,0.0918943385670576,7833.07,-7832.82560592313,61.3630984036545,-40.4166561097946,5135,76,4.47,0.16,0.28,0.02,2.8,0.9,0.45,0.41,"free",0.893357,0.860218,0.92897,0.930255,0.902251,0.961275,NA,NA,NA,8.61,8.68,8.13,0.03,0.21,0.12,NA,NA,NA,NA,"EW","M22","C_SYEW;N_SYNTH;O_SYNTH","DS24","mr_iso",NA,"v1.0",NA
"WASP-68","WASP-68",305.09577,-19.3147,"Gaia DR2 6860535606196306304","Gaia DR3 6860535606196306304","J20202298-1918528",11.3400001525879,0.07,11.276727,0.004320252,10.6700000762939,0.059999999,10.586025,0.002991365,10.411358,0.00276,10.758946,0.002809,9.898072,0.003787,9.34099960327148,0.023,9.04199981689453,0.024,8.94799995422363,0.022,0.034437929,0.0280862665677699,0.040757229,2.90182098102382,2.852913504973,2.9508150160195,4.3473,0.0144,42.1435617027457,234.488305019686,1.52355450264781,0.159623173466311,7815.65,-7815.20227359693,83.8442474499514,-83.3815132097218,5913,23,4.09,0.11,0.3,0.01,2.3,0.4,1.27,0.04,"free",1.299184,1.292122,1.309268,1.61733,1.598637,1.636243,NA,NA,NA,8.79,8.92,8.3,0.03,0.08,0.12,NA,NA,NA,NA,"EW","M22","C_SYEW;N_SYNTH;O_SYNTH","DS24","mr_iso",NA,"v1.0",NA
"WASP-69","WASP-69",315.02582,-5.09445,"Gaia DR2 6910753016653587840","Gaia DR3 6910753016653587840","J21000618-0505398",10.9300003051758,0.059999999,10.826221,0.003289673,9.86999988555908,0.029999999,9.814109,0.002295629,9.491504,0.002784,10.029882,0.003068,8.808325,0.003901,8.0319995880127,0.023,7.54300022125244,0.023,7.45900011062622,0.024,0.114946748717974,0.098008072,0.131695677575497,0.418351254178613,0.405260462117045,0.431880610482583,19.8858,0.017000001,9.2982345287003,208.755840513348,-2.96664529655129,0.0650245313463876,7968.96,-7968.90417845984,29.9204386754797,-0.865670245928914,4693,150,4.46,0.15,0.38,0.001,3.2,0.3,0.87,0.15,"free",0.810756,0.774605,0.869189,0.898759,0.863512,0.926509,NA,NA,NA,8.79,8.87,8.16,0.03,0.12,0.12,NA,NA,NA,NA,"EW","M22","C_SYNTH;N_SYNTH;O_SYNTH","DS24","mr_iso",NA,"v1.0",NA
"WASP-7","WASP-7",311.04259,-39.22524,"Gaia DR2 6681720724498802176","Gaia DR3 6681720724498802176","J20441022-3913309",9.97999954223633,0.029999999,9.929342,0.002984667,9.5,0.02,9.49406,0.001941146,9.383677,0.002761,9.609537,0.002806,9.002099,0.003795,8.647999763,0.027000001,8.41399955749512,0.041999999,8.39599990844727,0.023,0.0238473096576703,0.012236339685984,0.036496213425086,3.5847587862904,3.47936028686222,3.70706997971111,6.1902,0.0176,-26.9993807055298,189.06147507314,3.11634217048919,0.179156095788329,7872.92,-7872.91331399075,6.27853280610715,-74.5811563896967,6539,95,4.25,0.11,0.23,0.04,18.9,0.3,2.06,0.06,"free",1.394197,1.371678,1.416849,1.467261,1.421972,1.515442,NA,NA,NA,8.63,NA,NA,0.09,NA,NA,NA,NA,NA,NA,"EW","M22","C_SYEW","DS24","mr_iso",NA,"v1.0",NA
"WASP-70A","WASP-70",315.477197528058,-13.4333864,"Gaia DR2 6888469489370835840","Gaia DR3 6888469489370835840","J21015446-1325595",11.75,0.129999995231628,11.846965,0.002859265,10.789999961853,0.079999998,11.188699,0.001807016,11.031967,0.002768,11.358798,0.002864,10.538375,0.003799,9.99600028991699,0.035,9.713999748,0.044,9.57999992370606,0.029999999,0.00679924,0.001860953,0.0150913158841652,1.55476450332201,1.52728703692505,1.58956344219219,4.3371,0.0263,-53.6230413062647,173.688306628941,-2.47587332079327,0.286568704413213,7846.64,-7845.88520213106,108.940574891324,-107.489898740996,5759,58,4.28,0.03,0.2,0.02,1.8,0.8,0.81,0.11,"free",1.088336,1.06657,1.108671,1.24595,1.21981,1.272929,NA,NA,NA,NA,NA,NA,NA,NA,NA,NA,NA,NA,NA,"EW","T25",NA,NA,"mr_iso",NA,"v1.0",NA
"WASP-71","WASP-71",29.26335,0.75885,"Gaia DR2 2507901914613005056","Gaia DR3 2507901914613201024","J01570320+0045318",11.3500003814697,0.109999999403953,11.307357,0.006274306,10.56000042,0.090000004,10.71504,0.003388812,10.568542,0.002791,10.869699,0.002828,10.109839,0.003794,9.63599968,0.022,9.41600036621094,0.022,9.319999695,0.023,0.045431129308123,0.028972835,0.062358544,6.03744991992706,5.76683966208388,6.31338623450215,2.8158,0.0265,-16.0061622198681,200.526690897238,5.48494918045083,0.108097472499706,8172.18,-8171.79045228058,79.3674302350065,-275.494636312446,6182,86,3.97,0.11,0.4,0.04,9.9,0.4,1.77,0.05,"free",1.579131,1.557472,1.599889,2.128473,2.052782,2.208831,NA,NA,NA,8.79,9.11,8.39,0.06,0.13,0.12,NA,NA,NA,NA,"EW","M22","C_SYEW;N_SYNTH;O_SYNTH","DS24","mr_iso",NA,"v1.0",NA
"WASP-72","WASP-72",41.04004,-30.16905,"Gaia DR2 5065640460769428224","Gaia DR3 5065640460769428224","J02440959-3010085",11.4540004730225,0.027000001,11.501692,0.002598028,10.960000038147,0.050000001,10.971423,0.001622634,10.846672,0.002767,11.108425,0.002836,10.401769,0.003794,9.963999748,0.024,9.72399997711182,0.024,9.61699962615967,0.021,0.0150519788586783,0.00664304,0.0247911369027615,6.19286499562989,6.0075076263297,6.39476705630927,2.3889,0.0252,2.24070844465292,200.751545002453,-19.2187676337412,0.0893087581642596,8122.9,-8121.88750878329,-127.968107372874,-354.456017190825,6208,45,3.94,0.12,0.07,0.02,6.7,0.2,1.5,0.01,"free",1.459927,1.369811,1.479785,2.145594,2.104339,2.183863,NA,NA,NA,8.57,8.92,8.03,0.04,0.11,0.12,NA,NA,NA,NA,"EW","M22","C_SYEW;N_SYNTH;O_SYNTH","DS24","mr_iso",NA,"v1.0",NA
"WASP-73","WASP-73",319.94961,-58.14889,"Gaia DR2 6453566701615683456","Gaia DR3 6453566701615683456","J21194790-5808559",10.9799995422363,0.050000001,10.977344,0.003900194,10.4700002670288,0.039999999,10.405209,0.002446587,10.264232,0.002762,10.55588,0.002817,9.808582,0.003787,9.352000237,0.024,9.07299995422363,0.022,9.02799987792969,0.021,0.0151490924674634,0.006580343,0.0253065103364565,6.00307270408033,5.86600544041626,6.159648945,3.1499,0.0139,4.58448523637248,213.154420423429,-8.07450397120999,0.0389418776444175,7783.56,-7783.03401416438,-90.1159378650434,-188.560584504337,6119,44,3.93,0.11,0.21,0.02,6,0.5,1.49,0.01,"free",1.509224,1.46474,1.527065,2.180036,2.137627,2.220744,NA,NA,NA,8.61,8.85,7.98,0.05,0.11,0.12,NA,NA,NA,NA,"EW","M22","C_SYEW;N_SYNTH;O_SYNTH","DS24","mr_iso",NA,"v1.0",NA
"WASP-74","WASP-74",304.53884,-1.07572,"Gaia DR2 4224062406762625152","Gaia DR3 4224062406762625152","J20180931-0104324",10.3900003433228,0.039999999,10.397128,0.004491487,9.75,0.029999999,9.737835,0.003010093,9.578344,0.002762,9.911407,0.002821,9.076893,0.003791,8.548000336,0.037,8.286000252,0.017999999,8.2209997177124,0.023,0.0556786992605764,0.0433465056342442,0.068250043,2.739927817,2.66136573910494,2.82340929806595,6.69,0.0149,21.0173242057461,187.531868437344,-8.8035326249746,0.176813904703141,7896.45,-7895.88343487281,94.5333977778185,-25.7398758423758,6043,59,4.17,0.11,0.47,0.02,5.6,0.2,1.36,0.04,"free",1.342637,1.327903,1.357189,1.470877,1.434251,1.512013,NA,NA,NA,8.88,9.08,8.38,0.03,0.09,0.12,NA,NA,NA,NA,"EW","M22","C_SYEW;N_SYNTH;O_SYNTH","DS24","mr_iso",NA,"v1.0",NA
"WASP-75","WASP-75",342.3857,-10.67553,"Gaia DR2 2605161444735454464","Gaia DR3 2605161444735454464","J22493256-1040320",12.0500001907349,0.029999999,12.074919,0.004563474,11.460000038147,0.01,11.475629,0.002764402,11.331169,0.002777,11.629543,0.002938,10.871144,0.003811,10.3620004653931,0.024,10.0970001220703,0.022,10.0620002746582,0.025,0.0185347780580109,0.006059777,0.034616567,2.02053838859146,1.95991246884582,2.10337644706715,3.3387,0.020199999,-52.9612426895408,234.272085159931,-17.7865995639417,0.194292220679322,7912.68,-7911.50000912366,136.787761218554,-226.34358561481,5945,109,4.27,0.14,0.19,0.03,4.9,0.2,0.94,0.11,"free",1.171862,1.14296,1.197344,1.335423,1.277986,1.397274,NA,NA,NA,8.6,8.64,NA,0.06,0.13,NA,NA,NA,NA,NA,"EW","M22","C_SYEW;O_SYNTH","DS24","mr_iso",NA,"v1.0",NA
"WASP-76","WASP-76",26.63274,2.70056,"Gaia DR2 2512326349403275520","Gaia DR3 2512326349403275520","J01463185+0242019",10.1300001144409,0.039999999,10.038082,0.005015367,9.52000045776367,0.029999999,9.536134,0.004427231,9.414896,0.002976,9.663556,0.00287,8.970456,0.003811,8.54100036621094,0.024,8.33100032806396,0.037999999,8.24300003051758,0.030999999,0.019894222687731,0.009462776,0.03141353,4.71569013044077,4.5156768590115,4.9331938380234,5.2899,0.082599998,-2.59075452477691,180.033556453951,-1.45064480744931,0.198806059118392,8088.13,-8087.96286704071,52.4029081791077,-133.887447535946,6307,56,4.08,0.11,0.39,0.02,3.3,0.7,1.56,0.03,"free",1.503241,1.485669,1.52033,1.808371,1.758384,1.860049,NA,NA,NA,8.74,8.73,8.28,0.05,0.11,0.12,NA,NA,NA,NA,"EW","M22","C_SYEW;N_SYNTH;O_SYNTH","DS24","mr_iso",NA,"v1.0",NA
"WASP-77A","WASP-77",37.15512,-7.06066,"Gaia DR2 5178405479960844160","Gaia DR3 5178405479961698048","J02283722-0703384",10.8699998855591,0.02,10.983399,0.006168889,10.1199998855591,0.01,10.277671,0.003231141,10.095578,0.002855,10.454305,0.003157,9.568047,0.004133,8.76599979400635,0.02,8.373999596,0.039999999,8.40499973297119,0.030999999,0.0193496644637265,0.009774352,0.0288756309169631,0.82202629669197,0.804939908960115,0.840250171893049,9.4629,0.018300001,-20.2312567174403,200.983597057761,22.9945897738096,0.11334345561469,8053.87,-8053.87178332762,3.4211995877747,-65.8258753878328,5637,29,4.41,0.16,0.09,0.01,3.3,0.7,1.17,0.03,"free",0.986945,0.973669,0.999877,0.946756,0.933083,0.960906,NA,NA,NA,8.56,NA,7.97,0.03,NA,0.12,NA,NA,NA,NA,"EW","M22","C_SYEW;N_SYNTH","DS24","mr_iso",NA,"v1.0",NA
"WASP-78","WASP-78",63.75627,-22.11642,"Gaia DR2 5089851638095503616","Gaia DR3 5089851638095503616","J04150149-2206591",12.6499996185303,0.209999993,12.802474,0.001918596,11.960000038147,0.150000005960464,12.306255,0.001717385,12.176885,0.002769,12.437688,0.002841,11.75887,0.003796,11.28600025177,0.027000001,11.0839996337891,0.027000001,11.0080003738403,0.023,0.004421638,0.001108261,0.011114990980646,5.35065217018267,5.22158445338407,5.49078750611833,1.3851,0.0136,-5.44582479611072,246.295980781757,10.4291588348798,0.147534057673692,8416.44,-8410.21161564455,-323.755560811208,-473.107620440735,6043,70,3.88,0.16,-0.29,0.04,7,0.4,1.34,0.04,"free",1.162586,1.142473,1.183365,2.093677,2.039877,2.148982,NA,NA,NA,8.3,NA,NA,0.08,NA,NA,NA,NA,NA,NA,"EW","M22","C_SYEW","DS24","mr_iso",NA,"v1.0",NA
"WASP-79","WASP-79",66.3709015998584,-30.6004358,"Gaia DR2 4884779765893739904","Gaia DR3 4884779765893739904","J04252901-3036016",10.4499998092651,0.029999999,10.472835,0.003652304,10.039999961853,0.029999999,10.073463,0.002419457,9.977599,0.00276,10.182604,0.00281,9.62585,0.003783,9.29899978637695,0.022,9.1230001449585,0.023,9.05599975585938,0.023,0.034034359,0.013484647117135,0.0551741501023319,5.0132758259811,4.75168228408168,5.30870731889012,4.0708,0.0149,6.13622010693683,231.014918329564,3.74879016837395,0.0619277330311447,8115,-8113.83359320698,-137.703715986244,-143.569905256335,6834,171,4.21,0.05,0.113,0.1,19.5,0.8,1.83,0.1,"fixed",1.456914,1.410776,1.502866,1.585774,1.505072,1.676081,NA,NA,NA,8.45,NA,NA,0.12,NA,NA,NA,NA,NA,NA,"SYNTH","T25","C_EW","DS24","mr_iso",NA,"v1.0",NA
"WASP-8","WASP-8",359.9003,-35.03137,"Gaia DR2 2312679845530628096","Gaia DR3 2312679845530628096","J23593607-3501530",10.4899997711182,0.01,10.511711,0.00417264,9.86999988555908,0.050000001,9.801315,0.002944264,9.619345,0.002779,9.977295,0.002998,9.095198,0.003865,8.501000404,0.027000001,8.2180004119873,0.048999999,8.08600044250488,0.023,0.001598812,0.000402059,0.004157247,0.861785633465107,0.8569959,0.867392821097847,11.1052,0.0175,-31.5621073898438,214.384598888358,-1.0275433231128,0.109929370995805,7979.16,-7979.15928308808,-2.12120323166536,-62.5866035448729,5632,25,4.47,0.14,0.38,0.01,2.3,1,0.89,0.07,"free",1.089759,1.081129,1.095513,0.988098,0.984551,0.992633,NA,NA,NA,8.75,8.9,8.19,0.03,0.13,0.12,NA,NA,NA,NA,"EW","M22","C_SYEW;N_SYNTH;O_SYNTH","DS24","mr_iso",NA,"v1.0",NA
"WASP-81","WASP-81",304.20788,3.29402,"Gaia DR2 4244243354278985472","Gaia DR3 4244243354278985472","J20164989+0317385",13.0900001525879,0.01,13.130375,0.002935002,12.4700002670288,0.01,12.497438,0.002203592,12.324752,0.002773,12.659322,0.002934,11.820044,0.003795,11.2629995346069,0.027000001,10.9130001068115,0.024,10.8920001983643,0.026000001,0.004542962,0.001208775,0.0104787300984407,1.49091870907437,1.46659436338532,1.51714592973155,2.4842,0.0152,-40.4247601895412,178.542500761246,-31.7162574547806,0.238136821732714,7738.59,-7733.63752995335,276.75210864573,-95.4880816025911,5661,38,4.14,0.15,-0.38,0.03,0.2,1.2,0.99,0.15,"fixed",0.818324,0.805428,0.831522,1.26315,1.243402,1.283263,NA,NA,NA,8.17,NA,7.33,0.05,NA,0.12,NA,NA,NA,NA,"EW","M22","C_SYEW;N_SYNTH","DS24","mr_iso",NA,"v1.0",NA
"WASP-82","WASP-82",72.66066,1.89392,"Gaia DR2 3231856379348299008","Gaia DR3 3231856379348299008","J04503856+0153381",10.4899997711182,0.039999999,10.521085,0.003662999,10.0699996948242,0.039999999,10.034357,0.002454062,9.90371,0.002766,10.16134,0.002817,9.48562,0.003787,9.045999527,0.024,8.86800003051758,0.025,8.75899982452393,0.023,0.0336874086073191,0.021777088877849,0.045558924,6.58199143275186,6.37483208765203,6.79259230772145,3.6299,0.018999999,47.0749257978884,232.500320819895,-10.4763190436174,0.175256116682942,8239.1,-8238.80469992515,-69.5659464254748,-93.3639668639627,6363,58,3.96,0.12,0.12,0.02,3.5,0.6,1.54,0.03,"free",1.514428,1.499608,1.5299,2.103282,2.052303,2.155851,NA,NA,NA,8.53,8.89,NA,0.06,0.1,NA,NA,NA,NA,NA,"EW","M22","C_SYEW;O_SYNTH","DS24","mr_iso",NA,"v1.0",NA
"WASP-83","WASP-83",190.151952368686,-19.28435444,"Gaia DR2 3515865416826633984","Gaia DR3 3515865416826633984","J12403650-1917032",12.7700004577637,0.300000011920929,12.996272,0.002782204,12.8800001144409,0.349999994039536,12.195908,0.001796991,11.998551,0.002764,12.395466,0.002812,11.441794,0.003802,10.8039999008179,0.02,10.4709997177124,0.026000001,10.3929996490479,0.023,0.038223506,0.024781888,0.054678481,0.94825627,0.919185175,0.981786117,3.7203,0.016799999,3.67323373174583,187.401363167451,16.2051094773187,0.161242314588163,7905.49,-7903.66749970389,-169.819776946137,209.773318433722,5501,122,4.39,0.05,0.23,0.11,0,0,1.1,0.15,"free",0.990725,0.93432,1.046255,1.064088,1.021043,1.112337,NA,NA,NA,NA,NA,NA,NA,NA,NA,NA,NA,NA,NA,"EW","T25",NA,NA,"mr_iso",NA,"v1.0",NA
"WASP-84","WASP-84",131.1071,1.86003,"Gaia DR2 3078836109158636928","Gaia DR3 3078836109158636928","J08442570+0151361",11.6400003433228,0.100000001490116,11.637431,0.003766125,10.8299999237061,0.079999998,10.803565,0.002744108,10.579237,0.002818,11.002602,0.003432,9.990494,0.004023,9.3459997177124,0.026000001,8.95600032806396,0.024,8.85499954223633,0.023,0.051314643,0.0335455171856463,0.069054839,0.512114603950443,0.493790900522102,0.531336283220648,9.9636,0.0149,18.5715675153979,228.980599446898,-13.1888874375648,0.0793909196149317,8064.05,-8063.79839395734,-63.7758902074011,68.938066159088,5146,150,4.53,0.11,0.04,0.001,3.8,0.2,1.09,0.15,"fixed",0.823324,0.766815,0.883503,0.888906,0.848953,0.932415,NA,NA,NA,8.47,NA,7.89,0.03,NA,0.12,NA,NA,NA,NA,"EW","M22","C_SYEW;N_SYNTH","DS24","mr_iso",NA,"v1.0",NA
"WASP-85A","WASP-85",175.9084,6.56373,"Gaia DR2 3909745223886018432","Gaia DR3 3909745223886018432","J11433800+0633494",11.1499996185303,0.029999999,NA,NA,10.4099998474121,0.01,NA,NA,10.640107,0.002805,10.864484,0.014263,9.974195,0.019681,9.27499961853027,0.033,8.92500019073486,0.035999998,8.73299980163574,0.026000001,0.005089561,0.001251712,0.0133100555760828,1.12701159517692,1.1119526163401,1.14863374265027,7.0918,0.017899999,-39.4931773351852,213.80877337951,7.07297386068584,0.135836010718288,8008.63,-8008.39964212506,-61.250325622558,151.228829317527,5564,52,4.26,0.07,-0.06,0.03,4,0.4,0.91,0.02,"free",0.896347,0.876681,0.916731,1.135493,1.113139,1.158693,NA,NA,NA,8.32,8.44,7.64,0.04,0.11,0.12,NA,NA,NA,NA,"EW","M22","C_SYEW;N_SYNTH;O_SYNTH","DS24","mr_iso",NA,"v1.0",NA
"WASP-87","WASP-87",185.324681762281,-52.84081572,"Gaia DR2 6077185317188247936","Gaia DR3 6077185317188247936","J12211792-5250269",11.3599996566772,0.059999999,11.321773,0.003099164,10.7299995422363,0.050000001,10.843301,0.0016442,10.710564,0.002759,10.969727,0.002808,10.288172,0.003785,9.831999779,0.026000001,9.5930004119873,0.027000001,9.55200004577637,0.025,0.00141222,0.000346605,0.003727306,3.6406926229186,3.589094533,3.69629190615704,3.3231,0.019400001,1.45715091794652,244.622208290104,10.0954994898621,0.122794760824779,7863.44,-7859.10389660497,-261.064111851441,75.5773815279407,5586,73,3.81,0.03,-0.44,0.13,5.8,0.4,1.04,0.05,"fixed",0.968458,0.920766,1.0154,2.02771,1.97245,2.084812,NA,NA,NA,NA,NA,NA,NA,NA,NA,NA,NA,NA,NA,"EW","T25",NA,NA,"mr_iso",NA,"v1.0",NA
"WASP-88","WASP-88",309.511234906885,-48.46208405,"Gaia DR2 6482103014085857024","Gaia DR3 6482103014085857024","J20380268-4827434",12.0200004577637,0.170000001788139,12.104118,0.003737206,11.3900003433228,0.119999997317791,11.59859,0.002494986,11.472745,0.002789,11.734007,0.002866,11.054633,0.003789,10.5679998397827,0.022,10.3859996795654,0.024,10.3219995498657,0.018999999,0.0118440396761177,0.003334458,0.0244669414697772,6.246644022,6.05314446271266,6.47455625366844,1.7844,0.0185,-4.35530781307905,221.573335241707,-2.09199352817429,0.0155375142218412,7560.95,-7560.63453287143,-68.9821924427352,-315.997329985022,6229,81,3.88,0.03,-0.188,0.05,8.4,0.3,1.53,0.06,"fixed",1.268211,1.243867,1.297964,2.123232,2.05359,2.191656,NA,NA,NA,NA,NA,NA,NA,NA,NA,NA,NA,NA,NA,"SYNTH","T25",NA,NA,"mr_iso",NA,"v1.0",NA
"WASP-89","WASP-89",313.89996,-18.97112,"Gaia DR2 6857756246957592320","Gaia DR3 6857756246957592320","J20553599-1858159",NA,NA,14.165688,0.003227653,13.1000003814697,NA,13.249488,0.001888295,12.981015,0.002804,13.461072,0.003233,12.337491,0.003995,11.5459995269775,0.024,11.0939998626709,0.021,11.003999710083,0.021,0.099405347,0.082655829,0.117303401294592,0.531326136790114,0.512756697,0.551662932477259,3.4801,0.0242,35.1128925198894,157.620624786061,-45.4433268195988,0.311795698155295,7795.39,-7794.60464441566,110.423183064571,-142.944556926154,4849,150,4.39,0.11,0.06,0.001,3,0.3,1.09,0.15,"fixed",0.7889,0.755797,0.836164,0.955594,0.915803,0.989808,NA,NA,NA,8.54,NA,7.81,0.03,NA,0.12,NA,NA,NA,NA,"EW","M22","C_SYNTH;N_SYNTH","DS24","mr_iso",NA,"v1.0",NA
"WASP-90","WASP-90",315.53199,7.05625,"Gaia DR2 1737061349198867456","Gaia DR3 1737061349198867456","J21020767+0703224",NA,NA,12.141831,0.003124375,NA,NA,11.589094,0.001835564,11.453518,0.002791,11.736089,0.002857,11.012294,0.003802,10.5500001907349,0.024,10.3020000457764,0.022,10.2480001449585,0.023,0.0190422308629604,0.0109352583286368,0.027109727,4.62605560756954,4.455602433,4.80814181019809,2.087,0.033399999,20.1620956348276,243.664606841373,27.2404212200299,0.140218778477959,7765.08,-7756.73894376745,359.828306404507,-177.388019775988,6255,33,4.04,0.13,0.09,0.02,7.1,0.2,1.46,0.04,"free",1.385523,1.369481,1.400339,1.822721,1.783603,1.863291,NA,NA,NA,8.53,8.69,NA,0.05,0.12,NA,NA,NA,NA,NA,"EW","M22","C_SYEW;O_SYNTH","DS24","mr_iso",NA,"v1.0",NA
"WASP-92","WASP-92",246.692038345021,51.0411344231005,"Gaia DR2 1424011082893734272","Gaia DR3 1424011082893734272","J16264610+5102280",13.4099998474121,0.050000001,13.5256,0.003219717,12.9200000762939,0.01,12.947644,0.002402115,12.810718,0.002777,13.099881,0.002962,12.358817,0.003907,11.8339996337891,0.018999999,11.5790004730225,0.017999999,11.5190000534058,0.017999999,0.0197769432684164,0.008701271,0.0312266111897287,2.03178607302074,1.97418428521335,2.09781307224592,1.7042,0.0107,-29.1034729097503,210.958651859063,-6.1173356324929,0.106942802328144,7926.61,-7915.5044213979,419.435816055091,426.583771644936,6179,54,4.29,0.02,-0.077,0.04,7.2,0.3,1.35,0.04,"fixed",1.108835,1.085536,1.131711,1.239426,1.211102,1.268254,NA,NA,NA,NA,NA,NA,NA,NA,NA,NA,NA,NA,NA,"SYNTH","T25",NA,NA,"mr_iso",NA,"v1.0",NA
"WASP-93","WASP-93",9.45874270048286,51.2887783063016,"Gaia DR2 415703635408772480","Gaia DR3 415703635408772480","J00375011+5117195",11.539999961853,0.02,11.534759,0.002012645,11.0900001525879,0.039999999,11.092016,0.001108329,10.984386,0.002762,11.209536,0.002807,10.591513,0.003788,10.2329998016357,0.022,9.99699974060059,0.021,9.942000389,0.016000001,0.055106564,0.041167279,0.068312019,4.82081286198768,4.64188238842535,5.01755049731204,2.6882,0.0217,21.3129502861578,238.711930451911,12.4454791224855,0.123069545350353,8192.61,-8186.62449154929,313.214640037073,-48.7451849785061,6848,81,4.26,0.02,0.04,0.04,39.2,1,1.83,0.06,"fixed",1.418948,1.398221,1.441186,1.550916,1.504546,1.598859,NA,NA,NA,NA,NA,NA,NA,NA,NA,NA,NA,NA,NA,"SYNTH","T25",NA,NA,"mr_iso",NA,"v1.0",NA
"WASP-94A","WASP-94",313.783243762668,-34.13575751,"Gaia DR2 6780546169633475456","Gaia DR3 6780546169634170496","J20550794-3408079",10.7399997711182,0.059999999,10.731391,0.004568496,10.0500001907349,0.039999999,10.170666,0.00299761,10.03342,0.002775,10.314658,0.002825,9.592046,0.003794,9.15900039672852,0.027000001,8.91600036621094,0.022,8.873999596,0.024,0.034390041,0.0168210595324631,0.053903383,3.40997645955566,3.26103716597823,3.57802171789311,4.7498,0.0242,-9.31832815377476,188.000997148012,-12.994620883201,0.162899578147079,7839.99,-7839.94661460835,27.2921201277176,-109.072308093549,6269,100,4.2,0.03,0.36,0.13,4.8,0.2,1.46,0.07,"fixed",1.382166,1.339065,1.41566,1.550267,1.490501,1.612909,NA,NA,NA,NA,NA,NA,NA,NA,NA,NA,NA,NA,NA,"EW","T25",NA,NA,"mr_iso",NA,"v1.0",NA
"WASP-95","WASP-95",337.45723,-48.00307,"Gaia DR2 6518399301667782016","Gaia DR3 6518399301667782016","J22294972-4800111",10.7799997329712,0.039999999,10.760918,0.003696909,10.0900001525879,0.029999999,10.103526,0.002534266,9.940329,0.002765,10.272238,0.002846,9.443357,0.003805,8.93599987030029,0.028999999,8.62800025939941,0.024,8.56400012969971,0.025,0.0200009396023789,0.008601085,0.032303081,1.55445927876426,1.51433957315206,1.6006343961134,7.2379,0.015699999,-34.9982639862704,213.655098501671,-27.8543069564016,0.120140059271424,7924.39,-7924.3679240823,-18.7477566051713,-89.1177499796316,5845,58,4.33,0.14,0.3,0.02,3.2,0.7,1.19,0.04,"free",1.153579,1.137352,1.17177,1.209809,1.180817,1.240102,NA,NA,NA,8.76,8.92,8.21,0.04,0.13,0.12,NA,NA,NA,NA,"EW","M22","C_SYEW;N_SYNTH;O_SYNTH","DS24","mr_iso",NA,"v1.0",NA
"WASP-96","WASP-96",1.04657491105298,-47.36063493,"Gaia DR2 4990044668377961984","Gaia DR3 4990044668377961984","J00041112-4721382",NA,NA,13.292011,0.002216447,12.1999998092651,NA,12.548666,0.001538759,12.372176,0.002768,12.735786,0.002859,11.849231,0.003808,11.2670001983643,0.025,10.9359998703003,0.023,10.9139995574951,0.024,0.0143474099253763,0.004546763,0.029225701,1.06266564743719,1.03756167943845,1.09770861678777,2.859,0.0154,-27.6601504280346,216.362909236697,-0.551396619603026,0.0947732887486654,7893.64,-7893.25903021955,-77.0767616284558,-299.061155706018,5637,124,4.38,0.04,0.22,0.1,0,2.2,1.11,0.15,"free",1.030565,0.977091,1.082056,1.077447,1.037445,1.123993,NA,NA,NA,NA,NA,NA,NA,NA,NA,NA,NA,NA,NA,"EW","T25",NA,NA,"mr_iso",NA,"v1.0",NA
"WASP-97","WASP-97",24.6044,-55.77209,"Gaia DR2 4911563216311083392","Gaia DR3 4911563216311083392","J01382504-5546194",11.31000042,0.059999999,11.309663,0.004635333,10.5699996948242,0.039999999,10.597228,0.002667344,10.425592,0.002759,10.774559,0.002811,9.913788,0.003785,9.4069995880127,0.023,9.069999695,0.022,9.02999973297119,0.028999999,0.002547806,0.000664921,0.006712614,1.14396848562379,1.13634176089809,1.1555415936041,6.6325,0.0123,-49.9054144686263,196.40457499107,6.71753673355988,0.200839118254806,7975.44,-7975.12682079643,-70.7257453386513,-105.818495817881,5603,51,4.37,0.15,0.35,0.02,2.7,0.3,0.67,0.07,"free",1.073925,1.054254,1.095451,1.129706,1.109368,1.151171,NA,NA,NA,8.77,9.05,NA,0.04,0.11,NA,NA,NA,NA,NA,"EW","M22","C_SYEW;O_SYNTH","DS24","mr_iso",NA,"v1.0",NA
"WASP-98","WASP-98",58.4290170203496,-34.32827333,"Gaia DR2 4859136199796131200","Gaia DR3 4859136199796131200","J03534291-3419414",NA,NA,13.745478,0.002517787,13,NA,13.04638,0.001849709,12.857579,0.002768,13.220986,0.002853,12.325278,0.003824,11.6909999847412,0.027000001,11.2950000762939,0.021,11.2840003967285,0.023,0.023623527825645,0.010456478,0.0414662020053665,0.462938907743303,0.448900593,0.481167130353929,3.5717,0.0119,20.1079408357786,213.128290086957,63.5602667115028,0.0663089160636824,8104.25,-8102.944118726,-145.753446008015,-190.724989311939,5643,147,4.58,0.05,-0.55,0.11,0,0,1.1,0.15,"free",0.752649,0.706391,0.78526,0.732273,0.710104,0.760962,NA,NA,NA,NA,NA,NA,NA,NA,NA,NA,NA,NA,NA,"EW","T25",NA,NA,"mr_iso",NA,"v1.0",NA
"WASP-99","WASP-99",39.89768,-50.00802,"Gaia DR2 4745660479479743488","Gaia DR3 4745660479479743488","J02393544-5000288",10.0799999237061,0.029999999,10.039636,0.003362217,9.47999954223633,0.02,9.473619,0.002430403,9.331878,0.002758,9.619726,0.002808,8.878839,0.003792,8.43599987030029,0.023,8.12899971008301,0.033,8.08800029754639,0.024,0.0155930860512758,0.006657536,0.02535252,3.58276150251045,3.50509660641946,3.67095385292039,6.2438,0.0112,34.8445690907152,203.569928018743,-5.46444476479505,0.142220663680386,8003.44,-8003.02181458359,-82.0062472290797,-112.536147141464,6152,43,4.12,0.11,0.32,0.01,6.8,0.4,1.43,0.03,"free",1.388263,1.376251,1.396618,1.659109,1.629437,1.689357,NA,NA,NA,8.77,8.91,8.09,0.04,0.11,0.12,NA,NA,NA,NA,"EW","M22","C_SYEW;N_SYNTH;O_SYNTH","DS24","mr_iso",NA,"v1.0",NA
"Wolf503","Wolf503",206.84768,-6.13687,"Gaia DR2 3620325206217720320","Gaia DR3 3620325206217720320","J13472346-0608121",11.3000001907349,NA,11.261828,0.007280769,10.2799997329712,NA,10.268165,0.003949571,9.901058,0.002764,10.467444,0.002825,9.187099,0.003797,8.32400035858154,0.018999999,7.774000168,0.050999999,7.61700010299683,0.023,0.106762787966084,0.089202969,0.125795302345092,0.23818481342159,0.230671700245034,0.246696134099996,22.4063,0.0166,-14.2485295437797,115.138558264009,-80.922732426844,0.450105912855931,7977.88,-7977.86301324335,-14.2119677559778,61.0772713547522,4690,150,4.56,0.11,-0.58,0.001,2.8,0.5,1.09,0.15,"fixed",0.628736,0.605278,0.664185,0.666388,0.644701,0.686882,NA,NA,NA,8.06,8.46,NA,0.04,0.15,NA,NA,NA,NA,NA,"EW","M22","C_SYNTH;O_SYNTH","DS24","mr_iso",NA,"v1.0",NA
"XO-1","XO-1",240.549271832353,28.1696268543983,"Gaia DR2 1316708918505350528","Gaia DR3 1316708918505350528","J16021184+2810105",11.8800001144409,0.079999998,11.854698,0.002685406,11.25,0.059999999,11.176548,0.001478527,11.003223,0.002762,11.34797,0.002826,10.48938,0.003791,9.93900012969971,0.022,9.600999832,0.017000001,9.52700042724609,0.015,0.0310666886058461,0.0139219116431386,0.050474209,0.855548318118478,0.823084944515179,0.89404000570647,6.1489,0.0136,-1.90471222940895,231.480108679146,19.3009155665904,0.0610437829639477,7924.2,-7923.82035830199,78.0531881284296,145.661929124546,5828,134,4.48,0.04,-0.1,0.11,3.5,0.6,1.13,0.15,"free",0.937114,0.885965,0.97837,0.923968,0.892727,0.960946,NA,NA,NA,NA,NA,NA,NA,NA,NA,NA,NA,NA,NA,"EW","T25",NA,NA,"mr_iso",NA,"v1.0",NA
"XO-2N","XO-2N",117.02697,50.22581,"Gaia DR2 934346809278715776","Gaia DR3 934346809278715776","J07480647+5013328",12.0019998550415,0.015,12.040862,0.005113641,11.1379995346069,0.026000001,11.18529,0.002398582,10.970856,0.002764,11.389508,0.00296,10.39154,0.003813,9.74400043487549,0.022,9.340000153,0.026000001,9.307999611,0.021,0.007197577,0.001812457,0.017351462,0.720495542421272,0.71213840982613,0.735044572409652,6.6588,0.015799999,-68.3790046469674,140.788898247535,-1.06206982247745,0.436359497555625,8127.98,-8127.93306436982,26.5749106640678,98.9592063605203,5094,87,4.36,0.17,0.51,0.01,3,0.3,0.64,0.15,"fixed",1.037669,1.028564,1.045248,0.96546,0.958352,0.972913,NA,NA,NA,8.92,NA,8.44,0.03,NA,0.12,NA,NA,NA,NA,"EW","M22","C_SYEW;N_SYNTH","DS24","mr_iso",NA,"v1.0",NA
"XO-3","XO-3",65.4695806934485,57.8172100763335,"Gaia DR2 470650560777348352","Gaia DR3 470650560779277952","J04215269+5749018",10.2700004577637,0.029999999,10.225116,0.002616876,9.85000038146973,0.029999999,9.846588,0.001294437,9.74296,0.00277,9.949882,0.002798,9.384795,0.003785,9.01299953460693,0.028999999,8.84500026702881,0.017999999,8.79100036621094,0.018999999,0.044512391,0.021577753463785,0.0618689908530949,4.63796451781859,4.36092657180611,4.88263185365732,4.8687,0.0261,23.1128740289179,230.368909721832,7.10035174867545,0.0968202023755513,8174.14,-8173.42385791753,108.023055424714,45.6864211476635,6976,194,4.25,0.05,0,0.1,19.6,0.3,2.14,0.15,"fixed",1.403494,1.357569,1.447163,1.477154,1.407996,1.562009,NA,NA,NA,NA,NA,NA,NA,NA,NA,NA,NA,NA,NA,"EW","T25",NA,NA,"mr_iso",NA,"v1.0",NA
"XO-4","XO-4",110.38817,58.26809,"Gaia DR2 990291507088739072","Gaia DR3 990291507088739072","J07213317+5816051",11.1499996185303,0.050000001,11.115048,0.006035346,10.81000042,0.059999999,10.635052,0.002909056,10.515098,0.002766,10.762055,0.002824,10.108682,0.0038,9.66699981689453,0.021,9.475999832,0.022,9.4060001373291,0.023,0.009770576,0.002680807,0.0208709908358356,3.31954480815275,3.25552816812364,3.41945993851298,3.7812,0.0156,4.92563273894839,245.501712170864,-9.79781209774496,0.134906591049689,8220.09,-8219.6423056902,86.0814451272306,144.473824621547,6293,83,4.17,0.13,-0.11,0.03,9.6,0.2,1.35,0.08,"free",1.214898,1.192839,1.231099,1.530551,1.483465,1.579869,NA,NA,NA,8.4,NA,NA,0.07,NA,NA,NA,NA,NA,NA,"EW","M22","C_SYEW","DS24","mr_iso",NA,"v1.0",NA
"XO-5","XO-5",116.71651,39.09457,"Gaia DR2 920308932010648448","Gaia DR3 920308932010648448","J07465196+3905404",NA,NA,NA,NA,12.1000003814697,NA,NA,NA,11.943119,0.00277,12.325464,0.00301,11.395537,0.00381,10.7740001678467,0.018999999,10.4429998397827,0.021,10.3450002670288,0.017999999,0.006083133,0.001602125,0.0159651482592379,0.965007111847982,0.950122612747864,0.985984118124876,3.6517,0.0173,3.96426097625958,208.952765207852,-27.9550915586724,0.0467413478232832,8243.7,-8243.69650750222,-2.66554814872077,149.806014894804,5410,83,4.32,0.09,0.18,0.04,2.5,0.3,0.53,0.2,"free",0.942249,0.911651,0.973514,1.110518,1.076185,1.145209,NA,NA,NA,8.7,8.94,8.05,0.04,0.11,0.12,NA,NA,NA,NA,"EW","M22","C_SYEW;N_SYNTH;O_SYNTH","DS24","mr_iso",NA,"v1.0",NA
"XO-6","XO-6",94.7929468468697,73.8275641144133,"Gaia DR2 1114308481600798336","Gaia DR3 1114308481603347584","J06191038+7349396",10.6800003051758,0.029999999,10.712164,0.003544932,10.25,0.029999999,10.30292,0.00201472,10.195438,0.002773,10.410035,0.002807,9.829904,0.003788,9.4709997177124,0.02,9.26599979400635,0.017000001,9.24600028991699,0.02,0.0116407540379593,0.004323155,0.0209448078115245,3.47609359102979,3.39901708693607,3.57097621378636,4.3131,0.0232,-6.57541493924547,222.595852289474,-15.8669457614947,0.029323306158831,8164.44,-8163.31844822647,135.044463780985,118.983455335382,6733,54,4.3,0.01,-0.14,0.03,47.5,0.9,1.73,0.04,"fixed",1.265711,1.248899,1.283197,1.364212,1.337005,1.391984,NA,NA,NA,NA,NA,NA,NA,NA,NA,NA,NA,NA,NA,"SYNTH","T25",NA,NA,"mr_iso",NA,"v1.0",NA
"XO-7","XO-7",277.478050112224,85.2333241059799,"Gaia DR2 2303332931542914048","Gaia DR3 2303332931542914048","J18295488+8513593",11.2299995422363,0.059999999,11.218525,0.004364206,10.5200004577637,0.039999999,10.605658,0.003017732,10.459597,0.002768,10.764461,0.002859,9.999186,0.003791,9.55700016021728,0.024,9.307999611,0.029999999,9.24100017547607,0.024,0.001959024,0.000471031,0.005070077,2.56984926780664,2.54839219050567,2.59395937200577,4.3216,0.0132,-4.79188507112194,203.147963946785,14.9618301300544,0.0828996516068146,8096.73,-8094.68234915092,181.968063599943,132.049551938529,6038,27,4.21,0.01,0.266,0.02,6.9,0.1,1.28,0.02,"fixed",1.267494,1.257463,1.275889,1.459713,1.444964,1.474469,NA,NA,NA,NA,NA,NA,NA,NA,NA,NA,NA,NA,NA,"SYNTH","T25",NA,NA,"mr_iso",NA,"v1.0",NA
