object,ra,dec,filters,airmass_min,airmass_max,n_dates,n_frames,instruments,dates,total_exptime_hr,note,is_identified
09881,08:47:03.38,+24:57:38.8,z,1.04169,1.06123,1,27,muscat,180316,0.23,,no
10115,2:28:32,+36:36:49.1,"g, i, r",1.016,1.156,1,639,muscat2,201029,5.33,,no
10302,,,"g, i, r, z",1.145,1.364,2,908,muscat2,"220504, 220606",7.57,,no
105140,19:41:46,+49:52:42.1,"g, i, r, z",1.047,1.521,3,1698,muscat2,"200728, 221006, 221016",11.56,,no
10mm,12:26:02.48,+34:35:53.0,"g, r, z",1.0,1.0,1,3,muscat,150820,0.01,,yes
1156p295,12:01:00,+29:06:14,"g, i, r, z",1.0,1.101,1,473,muscat2,260309,5.72,,yes
136635,,,"g, i, r, z",1.57,1.7,1,432,muscat2,230416,3.6,,no
136793,10:02:23,+38:21:37,"g, i, r, z",1.017,1.053,1,452,muscat2,231215,3.77,,no
136874,14:35:33,+22:31:33,"g, i, r, z",1.043,1.491,2,816,muscat2,"200526, 200624",6.8,,no
137032,19:25:12,-15:49:49.1,"g, i, r",1.551,1.988,2,831,muscat2,"201028, 201029",4.62,,no
137170,19:02:40,+6:07:34,"g, i, r, z",1.225,1.599,1,484,muscat2,200316,4.03,,no
137199,15:31:12,+5:01:55,"g, i, r, z",1.088,1.129,2,1170,muscat2,"200624, 200625",9.75,,no
137299,15:32:08,+3:53:37,"g, i, r, z",1.103,1.104,1,16,muscat2,200625,0.13,,no
138095,22:39:39,-23:23:48.1,"g, i, r, z",1.75,2.088,1,448,muscat2,201210,3.73,,no
138911,18:06:15,-15:42:39,"g, i, r, z",1.553,1.865,1,408,muscat2,200526,3.4,,no
138971,12:36:59,+24:38:01.1,"g, r, z",1.044,1.256,1,546,muscat2,220207,4.55,,no
138971a,13:09:34,+26:19:38.1,"g, r, z",1.414,1.488,1,77,muscat2,220216,0.64,,yes
138971B,12:37:21,+24:39:39.1,"g, r, z",1.008,1.185,1,678,muscat2,220207,5.65,,yes
138971b,13:09:41,+26:19:33.1,"g, r, z",1.141,1.388,1,405,muscat2,220216,3.38,,yes
138971c,13:09:50,+26:19:02.1,"g, r, z",1.014,1.127,1,474,muscat2,220216,3.95,,yes
141765,19:36:39,-12:45:49.1,"g, i, r, z",1.33,1.405,1,432,muscat2,220612,3.6,,no
143678,13:49:21,+10:15:44.1,"g, i, r, z",1.069,1.277,1,788,muscat2,230108,6.57,,no
143947,,,"g, i, r, z",1.32,1.414,1,244,muscat2,220517,2.03,,no
144411,4:08:21,+40:17:38,"g, i, r, z",1.015,1.222,2,1318,muscat2,"200828, 201028",10.98,,no
145267,2:41:55,-5:41:27,"g, i, r, z",1.206,1.484,1,1352,muscat2,231011,11.27,,no
145627,2:48:52,-4:42:36,"g, i, r, z",1.195,2.091,3,3736,muscat2,"230921, 231108, 231215",33.9,,no
145627B,5:26:24,+15:47:18,"g, i, r, z",1.024,1.415,1,1688,muscat2,231108,21.1,,yes
14Chaos,5:49:01,+30:50:11.1,"g, i, r, z",1.712,1.984,1,582,muscat2,201120,1.62,,yes
152830,7:06:09,+25:39:37.1,"g, i, r, z",1.304,1.579,1,388,muscat2,221116,3.23,,no
152978,3:20:51,+13:21:09.1,"g, i, r, z",1.189,1.578,1,652,muscat2,201118,5.43,,no
153591,5:09:34,+27:00:28.1,"g, i, r, z",1.0,1.672,5,2698,muscat2,"220131, 220208, 220216, 220223, 220318",16.7,,no
153591A,4:11:17,+33:46:43.1,"g, r, z",1.005,1.227,2,1092,muscat2,"220207, 220306",7.2,,yes
153591B,3:38:59,+36:54:45.1,"g, i, r, z",1.119,1.724,2,1484,muscat2,"220131, 220306",10.07,,yes
153591b,5:09:57,+26:57:02.1,"g, r, z",1.048,1.202,1,627,muscat2,220216,3.48,,yes
153591c,5:10:28,+26:54:12.1,"g, r, z",1.213,1.659,1,735,muscat2,220216,4.08,,yes
154020,7:44:03,-20:52:55.1,"g, i, r, z",1.663,2.041,1,968,muscat2,230108,4.03,,no
154330,3:24:24,+39:08:57.1,"g, i, r, z",1.012,1.106,2,1988,muscat2,"201118, 201210",16.57,,no
154993,12:20:17,+38:58:51,"g, i, r, z",1.061,1.177,1,488,muscat2,200316,4.07,,no
159608,21:36:17,+23:11:53,"g, i, r, z",1.385,1.803,1,420,muscat2,200527,3.5,,no
15mm,12:26:02.48,+34:35:53.0,"g, r, z",1.0,1.31833,1,26,muscat,150820,0.08,,yes
162173,22:44:47,+27:56:47.1,"g, i, r",1.0,1.003,1,114,muscat2,201028,0.89,,no
1627,8:35:51,+21:00:15,"g, i, r, z",1.102,1.725,2,2164,muscat2,"200316, 230306",25.18,,no
163000,2:50:07,+22:10:01.1,"g, i, r, z",1.094,1.373,2,824,muscat2,"221016, 221116",6.87,,no
163243,,,"g, r, z",1.317,1.602,1,330,muscat2,220415,2.75,,no
163348,16:23:22,-12:20:25,"g, i, r, z",1.505,1.823,1,432,muscat2,200624,3.6,,no
163692,15:56:35,+53:42:56.1,"g, i, r, z",1.038,1.281,2,1361,muscat2,"220504, 220517",11.34,,no
163696,,,"g, i, r, z",1.07,1.21,1,1368,muscat2,230416,11.4,,no
170891,11:33:55,-22:38:44.1,"g, r, z",1.606,1.745,1,318,muscat2,220415,2.65,,no
17188A,6:51:28,-15:50:45.1,"g, i, r, z",1.399,1.726,1,1688,muscat2,230108,7.03,,yes
17511,0:26:09,+10:27:25.1,"g, i, r, z",1.008,1.089,1,339,muscat2,221006,2.83,,no
175706,13:15:36,-19:04:31.1,"g, r, z",1.492,1.494,1,12,muscat2,220318,0.1,,no
175706A,17:25:24,+28:17:43.1,"g, r, z",1.0,1.0,1,621,muscat2,220401,5.17,,yes
175706B,17:25:24,+28:17:43.1,"g, r, z",1.0,1.0,1,717,muscat2,220401,5.97,,yes
175706C,17:25:24,+28:17:43.1,"g, r, z",1.0,1.0,1,354,muscat2,220401,2.95,,yes
184990,11:55:41,+37:34:44,"g, i, r, z",1.489,1.52,1,44,muscat2,200625,0.37,,no
18916,7:00:39,+30:57:24,"g, i, r, z",1.0,1.457,3,4853,muscat2,"230921, 231011, 231206",40.44,,no
2000KA,15:21:12,-20:51:06,"g, i, r, z",1.581,1.766,1,396,muscat2,200526,3.3,,yes
2001 SK162,23:19:55.6046,-00:36:08.931,"g, i, r, z",1.079222,1.5080637,6,168,"muscat3, muscat4","251116, 251118, 251119, 251120, 251122, 251123",4.2,,yes
2002_AWA,,,"g, r, z",1.09,1.492,1,912,muscat2,220306,7.6,,yes
2002_AWB,,,"g, r, z",1.086,1.196,1,693,muscat2,220306,5.78,,yes
2002_AWC,,,"g, r, z",1.199,1.611,1,540,muscat2,220306,4.5,,yes
2002_AWD,,,"g, r, z",1.625,2.032,1,234,muscat2,220306,1.95,,yes
2002_GZ8,5:13:48,+48:53:47.1,"g, i, r, z",1.098,1.301,1,860,muscat2,201117,7.17,,yes
2002_SA12,5:53:09,+55:30:23.1,"g, i, r, z",1.174,1.287,1,524,muscat2,201118,4.37,,yes
2002_TS67,6:36:11,+14:01:58.1,"g, i, r, z",1.149,1.3,1,380,muscat2,201117,3.17,,yes
2002AW,13:04:34,+18:41:45.1,"g, r, z",1.002,1.367,1,1347,muscat2,220223,11.22,,yes
2002GZ8,4:05:11,+39:14:08.1,"g, i, r",1.315,1.736,1,435,muscat2,201028,3.62,,yes
2002XP40,11:43:14,+27:46:00.1,"g, r, z",1.2,1.426,1,321,muscat2,220223,2.67,,yes
2003_BK47,16:49:53,+7:39:22,"g, i, r, z",1.087,1.116,1,206,muscat2,200728,1.72,,yes
2003_OC3,5:27:38,-18:42:36,"g, i, r, z",1.465,1.507,1,592,muscat2,200226,3.29,,yes
2003UY177,3:24:44,+22:52:16.1,"g, i, r",1.364,1.807,1,533,muscat2,201023,2.96,,yes
2004_BE10A,11:44:57,+45:08:42.1,"g, i, r, z",1.176,1.299,1,532,muscat2,230315,2.96,,yes
2004_BE86,10:25:26,+21:36:33.1,"g, i, r, z",1.104,1.462,2,1172,muscat2,"230226, 230315",9.77,,yes
2004_LU3,17:23:23,-6:12:01,"g, i, r, z",1.115,1.39,1,96,muscat2,200624,0.8,,yes
2005_MR5,17:25:29,+22:34:00,"g, i, r, z",1.126,1.255,1,356,muscat2,200624,2.97,,yes
2006_HB,20:40:52,-3:28:38,"g, i, r, z",1.427,2.15,1,682,muscat2,200729,5.68,,yes
2006_UD63,20:38:36,-4:45:24,"g, i, r, z",1.253,1.434,1,481,muscat2,200729,4.01,,yes
2006GB,16:22:25,+21:34:49.1,"g, r, z",1.061,1.17,1,318,muscat2,220415,2.65,,yes
2007_JJ35,17:13:50,-26:01:53.1,"g, i, r, z",1.759,1.884,1,1012,muscat2,220504,1.97,,yes
2007MK6,15:03:58.85,-01:50:46.7,"g, r, z",1.26951,2.01157,2,561,muscat,"160626, 160630",11.95,,yes
2009_CC3,17:25:24,+28:17:43.1,"g, r, z",1.0,1.057,2,684,muscat2,"220401, 220415",4.65,,yes
2010_VG1,9:49:48,+12:39:07.1,"g, r, z",1.083,1.2,1,498,muscat2,220318,2.77,,yes
2010MK43,0:50:33,-8:39:14,"g, i, r, z",1.265,1.85,1,1148,muscat2,231011,9.57,,yes
2010TV149,14:21:51,+36:33:19.1,"g, r, z",1.163,1.334,1,462,muscat2,220415,2.57,,yes
2010WQ7,14:15:13,+52:28:21.1,"g, r, z",1.112,1.169,1,330,muscat2,220415,2.75,,yes
2011 GA,03:24:40.7415,-06:42:01.488,z,1.5427224,1.5551118,1,16,sinistro,231021,0.14,,yes
2011_ED78,19:36:32,+2:33:31,"g, i, r, z",1.137,1.327,1,653,muscat2,230619,5.44,,yes
2011_GD62,19:19:22,+11:37:27.1,"g, i, r, z",1.0,1.228,4,2442,muscat2,"220929, 221006, 221016, 221116",12.38,,yes
2011_OL51,22:51:51,+17:52:25.1,"g, i, r, z",1.017,1.065,1,425,muscat2,220929,3.54,,yes
2013_XA32,15:18:10,-5:46:01,"g, i, r, z",1.476,1.736,1,308,muscat2,200527,2.57,,yes
2013UX14,5:20:31,+25:46:12.1,"g, i, r",1.054,1.338,1,615,muscat2,201029,5.12,,yes
2013YG46,2:40:11,+10:26:20,"g, i, r, z",1.074,1.695,1,1300,muscat2,230813,10.83,,yes
2014_LW21,20:46:19,-1:58:27,"g, i, r, z",1.159,1.226,1,460,muscat2,200728,3.83,,yes
2014_WG365,4:55:44,+38:51:26.1,"g, i, r, z",1.135,1.319,1,504,muscat2,201210,4.2,,yes
2016_UT80,12:35:02,+31:45:40.1,"g, i, r, z",1.093,1.364,1,700,muscat2,230226,5.83,,yes
2016ED85,10:35:21,+33:10:47.1,"g, i, r",1.204,1.426,1,325,muscat2,201028,2.71,,yes
2017_VT12,2:28:55,+38:35:26.1,"g, i, r, z",1.045,1.215,1,744,muscat2,201118,6.2,,yes
2017_WE2A,8:22:41,-11:36:28.1,"g, i, r, z",1.48,1.592,1,384,muscat2,230108,1.6,,yes
2017_WE2B,8:22:44,-11:41:03.1,"g, i, r, z",1.386,1.472,1,444,muscat2,230108,1.85,,yes
2017ME,18:04:22,-0:26:25,"g, i, r, z",1.149,1.156,1,63,muscat2,200526,0.53,,yes
2017UW42,6:58:40,+11:08:47.1,"g, r, z",1.046,1.061,1,330,muscat2,220223,2.75,,yes
2018_BN3,,,"g, i, r, z",1.079,1.088,1,412,muscat2,220606,3.43,,yes
2018_XV5,16:59:42,+33:51:56.1,"g, i, r, z",1.009,1.054,1,456,muscat2,220606,3.8,,yes
2018BN3,,,"g, i, r, z",1.17,1.233,1,448,muscat2,220612,3.73,,yes
2018XV5,17:06:54,+40:22:56.1,"g, i, r, z",1.023,1.037,1,476,muscat2,220612,3.97,,yes
2019_AN5,21:46:07,-4:08:42,"g, i, r, z",1.185,1.237,1,428,muscat2,200728,3.57,,yes
2019_AZ13,,,"g, i, r, z",1.417,1.595,1,316,muscat2,230226,2.63,,yes
2019_LD2,21:23:19,-4:58:05,"g, i, r, z",1.242,1.38,1,404,muscat2,200527,3.37,,yes
2019_WB6,10:33:21,+24:24:30,"g, i, r, z",1.184,1.396,1,396,muscat2,200226,3.3,,yes
2019_XG1,11:35:41,+37:26:25,"g, i, r, z",1.042,1.122,1,420,muscat2,200316,3.5,,yes
2019AV4,22:23:53,-21:31:29,"g, i, r, z",1.548,1.673,1,768,muscat2,230813,6.4,,yes
2019AV4a,21:31:14,+17:32:02,"g, i, r, z",1.018,1.091,1,1356,muscat2,230921,5.65,,yes
2019AV4b,21:31:00,+17:37:58,"g, i, r, z",1.018,1.118,1,1508,muscat2,230921,6.28,,yes
2019AZ3,,,"g, i, r, z",1.13,1.28,1,408,muscat2,230416,3.4,,yes
2020_AZ2,11:32:31,-6:52:19,"g, i, r, z",1.239,1.307,1,172,muscat2,200226,2.82,,yes
2020_BP14,6:12:26,+20:26:32,"g, i, r, z",1.131,1.295,1,388,muscat2,200316,3.23,,yes
2020_DP4,12:40:16,+1:12:29,"g, i, r, z",1.176,1.289,1,516,muscat2,200316,2.87,,yes
2020_TG3,,,"g, i, r, z",1.092,1.201,1,448,muscat2,201117,3.73,,yes
2020_TG4,4:35:23,+28:41:45.1,"g, i, r, z",1.009,1.081,1,520,muscat2,201117,4.33,,yes
2020AB,8:22:15,+32:19:17.1,"g, i, r, z",1.022,1.145,1,1224,muscat2,220107,5.1,,yes
2020TY1,,,"g, i, r",1.245,1.285,1,87,muscat2,201028,0.72,,yes
2020UB5,4:33:01,+15:15:53.1,"g, i, r",1.121,1.204,1,198,muscat2,201029,1.65,,yes
2021_VM25,17:25:24,+28:17:43.1,"g, i, r, z",1.0,1.066,2,581,muscat2,"220401, 220504",2.6,,yes
2021_VM5,,,"g, i, r, z",1.067,1.11,1,372,muscat2,220504,3.1,,yes
2021_VR27,9:50:25,+30:11:55.1,"g, r, z",1.333,1.641,1,306,muscat2,220223,2.55,,yes
2021_VX3,13:02:41,+53:01:20.1,"g, r, z",1.0,1.646,2,438,muscat2,"220318, 220401",3.27,,yes
2022_BQ3,11:54:25,-11:02:16.1,"g, i, r, z",1.293,1.332,1,688,muscat2,220504,2.87,,yes
2022_HB,,,"g, i, r, z",1.244,1.256,1,404,muscat2,220504,3.37,,yes
2022_PT1,3:38:57,+18:05:03.1,"g, i, r, z",1.121,1.296,1,440,muscat2,220929,3.67,,yes
2022_WS4A,1:24:35,+22:51:30.1,"g, i, r, z",1.009,1.026,1,432,muscat2,230107,1.8,,yes
2022_WS4B,1:24:09,+22:51:32.1,"g, i, r, z",1.037,1.08,1,476,muscat2,230107,1.98,,yes
2022_WS4C,1:23:48,+22:54:48.1,"g, i, r, z",1.084,1.226,1,868,muscat2,230107,3.62,,yes
2022_WS4D,1:14:27,+23:42:27.1,"g, i, r, z",1.012,1.536,2,1641,muscat2,"230107, 230108",6.84,,yes
2022_WS4E,1:14:05,+23:42:51.1,"g, i, r, z",1.061,1.157,1,728,muscat2,230108,3.03,,yes
2022_WS4F,1:13:46,+23:45:34.1,"g, i, r, z",1.169,1.329,1,684,muscat2,230108,2.85,,yes
2022_WS4G,1:13:26,+23:46:56.1,"g, i, r, z",1.346,1.63,1,700,muscat2,230108,2.92,,yes
2022qmx,17:35:44.0713,+04:49:58.568,"g, i, r, z",1.0502397,1.0652635,2,8,muscat3,"220902, 220907",0.2,,yes
2023_BE10B,11:45:13,+45:06:10.1,"g, i, r, z",1.123,1.173,1,320,muscat2,230315,1.78,,yes
2023_BE10C,11:45:50,+44:59:37.1,"g, i, r, z",1.064,1.122,1,592,muscat2,230315,3.29,,yes
2023_BE10D,11:46:19,+44:56:14.1,"g, i, r, z",1.044,1.06,1,472,muscat2,230315,2.62,,yes
2023_DZ2,8:10:47,+19:10:44.1,"g, i, r, z",1.013,1.276,1,1428,muscat2,230322,11.9,,yes
2023_DZ2B,8:11:00,+19:06:56.1,"g, i, r, z",1.284,1.901,1,688,muscat2,230322,5.73,,yes
2023_HO6,15:31:44,+11:58:50,"g, i, r, z",1.044,1.086,1,416,muscat2,230619,3.47,,yes
2023_HQ2,14:51:15,+39:35:28,"g, i, r, z",1.025,1.07,1,436,muscat2,230619,3.63,,yes
20mm,12:26:02.48,+34:35:53.0,"g, r, z",1.0,1.0,1,3,muscat,150820,0.01,,yes
21088,5:26:18,+54:05:39.1,"g, i, r, z",1.11,1.119,1,384,muscat2,230108,3.2,,no
218863,,,"g, i, r, z",1.01,1.07,1,436,muscat2,230416,3.63,,no
223456,22:49:20,+0:00:16,"g, i, r, z",1.224,1.602,3,1932,muscat2,"230315, 230322, 230619",16.1,,no
223456B,,,"g, i, r, z",1.226,1.252,1,424,muscat2,230315,3.53,,yes
241370,14:39:25,+6:02:27,"g, i, r, z",1.188,1.369,1,356,muscat2,230619,2.97,,no
248083,0:31:24,-14:42:38.1,"g, i, r, z",1.129,1.405,4,1871,muscat2,"220929, 221006, 221016, 221116",15.59,,no
253106,11:16:03,+32:05:28.1,"g, i, r",1.355,1.727,1,342,muscat2,201029,2.85,,no
25330,9:09:44,+34:10:04.1,"g, i, r, z",1.099,1.406,2,976,muscat2,"220504, 220517",6.72,,no
25916,13:55:05,+17:20:32.1,"g, i, r, z",1.019,1.034,1,364,muscat2,220517,3.03,,no
29P,2:18:56,+25:17:57.1,"g, i, r, z",1.218,1.448,2,206,muscat2,"201029, 201210",1.72,,yes
2I_Borisov,11:11:58.16,-10:58:12.3,"g, r, z",1.46434,1.48549,1,72,muscat,191128,0.6,,yes
2IBorisov,10:22:43.04,+07:57:27.9,"g, i, r, z",1.33904,1.87595,4,747,"muscat, muscat2","191006, 191029, 191031, 191110",6.22,,yes
2M0805-21,5:09:33,-21:01:48,"g, i, r, z",1.0,2.235,1,2155,muscat2,240126,12.17,,yes
2MASS J05082729-2101444,05:08:27.1431,-21:01:44.754,"g, i, r, z",1.338564,2.3327554,1,4586,muscat3,220111,16.84,,yes
2MASS-J0508-210,5:09:32,-21:02:06,"g, i, r, z",1.53,2.23,9,15109,muscat2,"220102, 220104, 220211, 220213, 240205, 250119, 250127, 260127, 260129",129.29,,yes
3104,21:21:06,+4:13:34,"g, i, r, z",1.115,2.19,2,4296,muscat2,"200625, 200828",35.8,,no
3104B,21:21:15,+4:11:29,"g, i, r, z",1.095,1.148,1,860,muscat2,200625,7.17,,yes
315098,6:34:42,-23:19:17,"g, i, r, z",1.619,1.781,1,484,muscat2,200316,4.03,,no
32511,21:40:10,-5:28:07,"g, i, r, z",1.224,1.832,1,784,muscat2,231108,9.8,,no
325395,1:17:41,+21:51:32,"g, i, r, z",1.374,1.551,1,236,muscat2,200624,1.97,,no
331471,18:19:25,+28:04:58,"g, i, r, z",1.299,1.59,1,556,muscat2,200527,3.09,,no
3470,07:59:07.31,+15:28:09.0,z,1.05857,1.74655,1,333,muscat,160127,5.55,,no
35107,10:45:58,-6:17:26,"g, i, r, z",1.217,1.222,1,112,muscat2,200105,0.93,,no
36183,14:59:43,-25:48:52,"g, i, r, z",1.901,2.104,1,240,muscat2,200526,2.0,,no
3752,4:57:23,+10:27:29.1,"g, i, r, z",1.116,1.253,1,840,muscat2,230306,3.5,,no
377732,21:05:07,+22:31:53.1,"g, i, r, z",1.264,1.535,1,416,muscat2,220612,3.47,,no
377732A,21:25:38,+30:00:08.1,"g, i, r, z",1.189,1.361,1,364,muscat2,220606,3.03,,yes
377732B,21:25:23,+29:59:21.1,"g, i, r, z",1.065,1.172,1,408,muscat2,220606,3.4,,yes
380929,1:24:32,+21:38:34.1,"g, i, r, z",1.073,1.127,1,224,muscat2,201117,1.87,,no
385423,13:35:25,+36:20:44.1,"g, i, r, z",1.01,1.028,1,540,muscat2,230322,4.5,,no
3C273,12:30:22,+1:55:33,"g, i, r, z",1.118,1.479,1,2372,muscat2,240417,10.77,,yes
3uc190,5:36:37,+4:50:54,"g, i, r, z",1.09,1.423,1,2176,muscat2,200127,18.38,,yes
3UC190-026030,05:35:39.58,+04:48:46.6,"g, r, z",1.15176,1.77295,1,1603,muscat,200124,13.36,,yes
40267,6:37:17,+9:56:45,"g, i, r, z",1.053,1.066,1,444,muscat2,200226,2.47,,no
416694,9:01:17,+23:47:38.1,"g, i, r, z",1.14,1.409,1,572,muscat2,201210,4.77,,no
417264A,9:35:25,-11:40:58,"g, i, r, z",1.396,1.515,1,284,muscat2,240113,2.37,,yes
417264B,9:35:29,-11:42:29,"g, i, r, z",1.305,1.392,1,1088,muscat2,240113,9.07,,yes
417264C,9:36:23,-11:40:30,"g, i, r, z",1.393,2.102,1,912,muscat2,240113,7.6,,yes
418797,0:24:53,+19:46:45.1,"g, i, r, z",1.013,1.051,1,412,muscat2,201117,3.43,,no
42030,22:29:31,+18:42:18,"g, i, r, z",1.11,1.174,1,216,muscat2,200728,1.8,,no
420302,23:16:53,+30:16:28,"g, i, r, z",1.045,1.916,2,860,muscat2,"200527, 200828",7.17,,no
428086,3:25:50,+50:57:54.1,"g, i, r",1.259,1.406,1,282,muscat2,201028,2.35,,no
429733,21:35:00,-23:42:57,"g, i, r, z",1.622,1.663,1,500,muscat2,230619,4.17,,no
431698,11:30:10,+44:13:30.1,"g, r, z",1.104,1.205,1,609,muscat2,220415,2.54,,no
438908,15:33:29,-20:52:25,"g, i, r, z",1.528,1.603,1,416,muscat2,200526,3.47,,no
4429,,,"g, i, r, z",1.246,1.404,1,516,muscat2,220929,4.3,,no
4544,,,"g, i, r, z",1.03,1.14,1,692,muscat2,230416,5.77,,no
464798,16:28:00,+20:14:27.1,"g, i, r, z",1.04,1.404,3,1220,muscat2,"220517, 220606, 220612",9.3,,no
465749,8:46:09,+43:49:59.1,"g, i, r, z",1.098,1.579,3,1201,muscat2,"201117, 201210, 201211",10.01,,no
4660,15:08:39,-21:36:27.1,"g, r, z",1.0,1.622,3,982,muscat2,"220223, 220318, 220401",8.18,,no
468861,17:25:24,+28:17:43.1,"g, r, z",1.0,1.0,1,249,muscat2,220401,2.08,,no
475665,,,"g, r, z",1.261,1.343,1,270,muscat2,220415,2.25,,no
477885,16:45:02,+10:44:42,"g, i, r, z",1.049,1.078,1,540,muscat2,200625,4.5,,no
480936,23:55:59,+38:56:01,"g, i, r, z",1.054,1.116,1,340,muscat2,200728,2.83,,no
482250,,,"g, i, r, z",1.309,1.933,1,712,muscat2,221116,5.93,,no
482505,5:54:33,+35:13:29.1,"g, i, r, z",1.257,1.374,1,232,muscat2,201118,1.93,,no
492143,5:58:53,+31:37:58.1,"g, i, r, z",1.147,1.49,3,1396,muscat2,"200316, 221006, 221016",10.6,,no
498066,17:56:29,+0:50:45,"g, i, r, z",1.232,1.435,1,424,muscat2,200527,3.52,,no
4fgl,9:13:56,+15:49:46,"g, i, r, z",1.058,1.058,1,4,muscat2,240414,0.03,,yes
4fgl2,9:13:53,+15:50:04,"g, i, r, z",1.107,1.107,1,4,muscat2,240414,0.03,,yes
4fgl3,9:13:55,+15:50:12,"g, i, r, z",1.234,1.234,1,4,muscat2,240414,0.03,,yes
501647,6:48:41,+47:36:42.1,"g, i, r, z",1.143,1.648,1,1048,muscat2,201210,8.73,,no
506459,21:32:48,+45:37:05,"g, i, r, z",1.114,2.058,2,774,muscat2,"200527, 220207",6.45,,no
508871,9:11:21,+10:03:51.1,"g, i, r, z",1.057,1.105,1,412,muscat2,230226,3.43,,no
511777,14:00:36,-12:05:14.1,"g, i, r, z",1.326,1.67,3,2340,muscat2,"230315, 230322, 230416",15.82,,no
513125,14:53:53,+2:36:45,"g, i, r, z",1.136,1.461,1,891,muscat2,230509,7.42,,no
516428,22:40:28,+54:46:57.1,"g, i, r, z",1.117,1.132,1,796,muscat2,220929,3.32,,no
518635,23:04:07,+17:46:39,"g, i, r, z",1.153,1.303,1,1004,muscat2,231011,2.79,,no
518635B,23:04:32,+17:42:24,"g, i, r, z",1.075,1.14,1,764,muscat2,231011,2.12,,yes
523823,20:32:36,+13:21:59.1,"g, i, r, z",1.035,1.067,1,428,muscat2,220929,3.57,,no
52768,8:01:01,+43:16:05,"g, i, r, z",1.035,1.373,2,2788,muscat2,"200226, 200316",16.14,,no
528823,21:07:16,+14:54:56.1,"g, i, r, z",1.099,1.223,1,600,muscat2,221006,3.33,,no
53435,7:19:05,+26:03:49.1,"g, i, r",1.07,1.46,2,599,muscat2,"201028, 201029",4.99,,no
54686,12:27:38,+7:55:37,"g, i, r, z",1.141,1.702,1,924,muscat2,200226,7.7,,no
54789,16:37:14,+22:40:06.1,"g, i, r, z",1.008,1.453,4,1913,muscat2,"200729, 220415, 220517, 220612",15.94,,no
55 Cnc,08:52:31.967,+28:17:52.12,"gp*diffuser, ip*diffuser, rp*diffuser, zs*diffuser",1.0086292,1.4086395,4,11329,muscat3,"220120, 220121, 220122, 220124",3.76,,yes
5587,9:49:42,+8:34:52,"g, i, r, z",1.117,1.254,1,460,muscat2,230509,3.83,,no
55CNC,08:52:35.16,+28:19:31.9,"g, r, z",1.00611,1.03339,1,2848,muscat,170122,0.29,,yes
55CnC,08:52:34.34,+28:19:17.5,"g, r, z",1.00613,1.04761,1,3168,muscat,200323,2.35,,yes
55Cnc,08:52:37.52,+28:19:39.7,"g, r, z",1.00614,2.61275,4,37314,muscat,"170131, 200325, 220125, 220202",18.49,,yes
55CnC_defocus,08:52:34.47,+28:19:17.4,"g, r, z",1.05153,1.05273,1,30,muscat,200323,0.01,,yes
612162,12:00:18,-26:38:28.1,"g, i, r, z",1.758,1.855,1,312,muscat2,230322,2.6,,no
65717,,,"g, i, r, z",1.27,1.697,2,653,muscat2,"201028, 201117",5.44,,no
65803,7:23:22,+28:49:45.1,"g, i, r, z",1.009,1.883,4,3841,muscat2,"221116, 221222, 230127, 230226",32.01,,no
65803A,5:20:15,-22:25:47.1,"g, i, r, z",1.483,2.191,3,2152,muscat2,"220929, 221006, 221016",8.97,,yes
65803B,5:20:37,-22:23:14.1,"g, i, r, z",1.303,1.971,3,2468,muscat2,"220929, 221006, 221016",10.28,,yes
65803C,5:21:00,-22:21:17.1,"g, i, r, z",1.249,2.094,3,2436,muscat2,"220929, 221006, 221016",10.15,,yes
65803D,5:21:22,-22:18:42.1,"g, i, r, z",1.573,1.611,1,884,muscat2,221006,3.68,,yes
65996A,19:50:41,+27:44:45,"g, i, r, z",1.006,1.404,2,1596,muscat2,"230712, 230813",13.3,,yes
65996B,18:48:23,-2:22:40,"g, i, r, z",1.162,1.237,1,900,muscat2,230712,7.5,,yes
65996C,18:48:26,-2:17:39,"g, i, r, z",1.248,1.986,1,1005,muscat2,230712,8.38,,yes
66400,21:33:37,-24:15:55.1,"g, i, r, z",1.642,1.753,1,564,muscat2,220612,4.7,,no
68359,10:08:21,+45:56:41.1,"g, i, r, z",1.049,1.449,2,1240,muscat2,"201028, 230306",14.9,,no
68539,,,"g, i, r",1.282,1.339,1,195,muscat2,201028,1.62,,no
69230,22:42:40,-12:44:34.1,"g, i, r",1.339,1.415,1,270,muscat2,201029,2.25,,no
7335,15:20:36,+14:20:23.1,"g, i, r, z",1.03,1.034,1,324,muscat2,220504,2.7,,no
7753,6:51:10,+26:55:07.1,"g, i, r, z",1.104,1.405,1,696,muscat2,201211,5.8,,no
8014,14:58:54,-3:06:37,"g, i, r, z",1.232,1.976,2,1012,muscat2,"200527, 200624",8.43,,no
85275,18:29:18,+17:28:35,"g, i, r, z",1.018,1.936,4,2684,muscat2,"200526, 200624, 200729, 201210",22.37,,no
85628,15:50:33,+10:32:05,"g, i, r, z",1.051,1.085,1,360,muscat2,200316,3.0,,no
85713,4:44:25,+21:12:51.1,"g, i, r, z",1.224,1.492,1,452,muscat2,221016,3.77,,no
88264,17:46:23,+0:08:34,"g, i, r, z",1.134,1.958,2,2904,muscat2,"230509, 230619",24.2,,no
90075,,,"g, i, r",1.362,1.525,1,246,muscat2,201029,2.05,,no
98943,6:29:19,+27:24:18,"g, i, r, z",1.005,2.069,8,6049,muscat2,"220208, 220223, 220306, 221222, 230220, 230322, 231206, 231215",49.66,,no
98943A,9:45:30,+29:09:42.1,"g, i, r, z",1.394,1.91,2,627,muscat2,"220207, 230107",5.22,,yes
98943a,,,"g, r, z",1.484,1.984,1,324,muscat2,220216,2.7,,yes
98943B,9:45:25,+29:09:18.1,"g, i, r, z",1.0,1.365,2,956,muscat2,"230107, 231215",7.97,,yes
98943b,,,"g, r, z",1.21,1.48,1,447,muscat2,220216,3.73,,yes
98943C,9:45:34,+29:09:30.1,"g, i, r, z",1.004,1.512,3,2828,muscat2,"230107, 230127, 231215",23.57,,yes
98943c,,,"g, r, z",1.156,1.208,1,195,muscat2,220216,1.62,,yes
98943D,9:15:01,+44:31:53.1,"g, i, r, z",1.0,1.38,2,2632,muscat2,"230107, 230127",21.93,,yes
98943E,9:14:43,+44:36:08.1,"g, i, r, z",1.32,1.954,1,812,muscat2,230127,6.77,,yes
99907,19:27:00,+24:26:40.1,"g, i, r, z",1.13,1.377,2,627,muscat2,"201028, 201118",4.52,,no
99935,7:46:14,+52:40:41.1,"g, i, r, z",1.252,1.432,1,472,muscat2,230108,3.9,,no
A10mRZw,18:48:57,+12:17:18,"g, i, r, z",1.101,1.123,1,96,muscat2,200526,0.8,,yes
aaa,18:47:40.45,54:55:57.0,"g, i, r, z",1.138,1.138,1,4,muscat2,260723,0.01,,yes
AD3116b,8:43:58,+19:20:02.1,"g, i, r, z",1.001,1.948,3,2915,muscat2,"201030, 201124, 201128",27.25,,yes
Alinda,7:37:02,+31:27:40,"g, i, r, z",1.002,1.845,1,16226,muscat2,250115,7.14,,yes
ANSer,17:25:24,+28:17:43.1,"g, r, z",1.0,1.0,1,9674,muscat2,220409,5.37,,yes
Arp299,11:29:54,+58:25:52.1,"g, i, r, z",1.156,1.16,1,20,muscat2,230112,0.42,,yes
Artem,10:32:59,+6:05:06,"g, i, r, z",1.34,1.642,1,104,muscat2,240121,3.01,,yes
ASASSN-14dx,02:34:17.93,-04:55:07.1,"g, i, r, z",1.1424677,2.1504727,5,4334,"muscat, muscat3","200116, 200117, 200119, 200121, 220123",32.12,,yes
ASASSN-18ey,18:21:20,+7:12:37,"g, i, r",1.072,1.64071,2,1194,"muscat, muscat2","190801, 190802",16.98,,yes
ASASSN-21gq,,,"g, i, r, z",1.235,1.935,1,997,muscat2,210428,11.17,,yes
ASSASN-18ey,18:21:20,+7:12:25,"g, i, r",1.12,1.14,1,43,muscat2,190802,0.55,,yes
AT2021zac,8:22:47,+58:46:38.1,"g, i, r, z",1.16,1.16,1,60,muscat2,211112,1.0,,yes
AU Mic,20:45:09.9064,-31:20:46.861,"i, r",1.0270959,1.4089536,3,95,sinistro,"250928, 250929, 251001",0.2,,yes
AUMic,20:44:28.998,-31:29:16.00,i,1.0000026,1.8651496,3,1176,sinistro,"251005, 251015, 251103",2.94,,yes
B68,17:24:11,-23:52:06,"g, i, r, z",1.628,1.633,1,177,muscat2,230623,1.84,,yes
BCUMa,11:52:14.15,+49:16:18.4,"g, r, z",1.07568,1.51457,1,474,muscat,200302,7.9,,yes
BD+05-4868A,21:47:26.52,+06:33:57.4,"g, r, z",1.13134,2.09601,1,9295,muscat,250813,4.4,,yes
BD+054868Ab,21:47:25.16,+06:34:50.8,"g, r, z",1.13119,1.90365,1,12449,muscat,250730,5.95,,yes
BD+172492,12:32:35,+16:05:21.1,"g, i, r, z",1.023,1.028,1,458,muscat2,230402,1.52,,yes
BD-14 3065,10:14:55.1977,-15:34:49.255,"Na_D, g_narrow, i_narrow, z_narrow",1.2419887,1.5508793,2,2737,muscat3,"241223, 241227",13.74,,yes
BLHerc,18:02:10,+19:15:17,"g, i, r, z",1.598,1.607,1,40,muscat2,240413,0.08,,yes
BLHerculis,18:02:12,+19:14:16,"g, i, r, z",1.17,1.179,1,72,muscat2,240413,0.2,,yes
BLLac,22:03:51.06,42:24:20.16,"g, i, r, z",1.05,1.138,1,242,muscat2,260723,1.69,,yes
BNVul,19:29:03,+24:22:51.1,"g, i, r, z",1.002,1.242,1,9119,muscat2,220611,7.6,,yes
BRHerculis,18:02:12,+19:14:57,"g, i, r, z",1.094,1.209,1,80,muscat2,240414,0.16,,yes
C00T003,05:16:50.26,-13:25:06.9,"g, r, z",1.63535,1.63535,1,1180,muscat,160211,6.91,,yes
C03T007,22:10:04.22,-13:45:19.5,"g, r, z",1.50134,2.18005,1,1224,muscat,150823,12.35,,yes
C03T016,22:22:21.54,-07:56:42.2,"r, z",1.53673,3.20214,1,195,muscat,150823,4.37,,yes
C04T008,03:53:29.90,+17:51:44.0,"g, r, z",1.22898,2.15316,2,1210,muscat,"160130, 160312",10.52,,yes
C05T006,08:21:41.44,+13:34:43.3,"g, r, z",1.07149,2.33197,1,2303,muscat,160210,23.78,,yes
C05T015,05:16:50.26,-13:25:06.9,"g, r, z",1.63535,1.63535,1,302,muscat,160211,6.99,,yes
C05T023,08:40:48.04,+11:00:58.6,"g, r, z",1.0914,2.01422,2,1327,muscat,"160301, 160302",16.22,,yes
C12_1491,23:17:20.91,+01:19:11.0,"g, r, z",1.20704,2.3365,3,519,muscat,"170918, 170923, 170924",3.39,,yes
C12_3474,23:23:34.00,-01:11:41.2,"g, i, r, z",1.152,1.66565,2,140,"muscat, muscat2","170829, 170923",0.26,,yes
C13_0864,04:50:12.22,+18:29:07.4,"g, r, z",1.21743,1.24515,1,100,muscat,170924,0.28,,yes
C13_1405,04:28:28.77,+21:34:06.6,"g, r, z",1.30424,1.31572,1,60,muscat,170924,0.06,,yes
C13_1411,04:55:00.50,+16:13:38.1,"g, r, z",1.15832,1.16275,1,28,muscat,170924,0.05,,yes
C13_1721,05:15:40.40,+16:16:42.5,"g, r, z",1.13328,1.14133,1,60,muscat,170924,0.09,,yes
C13_2410,05:00:14.62,+24:29:31.9,"g, r, z",1.27444,1.29224,1,60,muscat,170924,0.1,,yes
C13_4043,04:55:21.99,+19:16:51.1,"g, r, z",1.2781,1.28518,1,60,muscat,170924,0.02,,yes
C13_4147,04:56:52.95,+18:36:59.0,"g, r, z",1.18824,1.21411,1,120,muscat,170924,0.33,,yes
C13_4286,05:14:06.52,+19:34:33.6,"g, r, z",1.08721,1.1006,1,100,muscat,170924,0.28,,yes
C13_5365,05:13:21.29,+16:25:01.1,"g, r, z",1.14492,1.1651,1,120,muscat,170924,0.33,,yes
C13_6411,04:55:00.53,+16:13:38.1,"g, r, z",1.13946,1.15671,1,80,muscat,170924,0.17,,yes
C13_7587,04:21:52.45,+21:20:52.7,"g, r, z",1.31208,1.34862,1,80,muscat,170924,0.2,,yes
C13_7989,04:40:35.69,+25:00:35.9,"g, r, z",1.23545,1.26546,1,90,muscat,170924,0.25,,yes
C13_9423,04:29:43.95,+22:58:08.2,"g, r, z",1.02074,1.76518,2,2384,muscat,"170924, 171104",16.74,,yes
C16_4830,08:45:25.33,+19:41:53.2,"g, r, z",1.072,1.357,1,193,muscat,210418,4.34,,yes
C2019Y1,11:20:47,+54:01:11,"g, i, r, z",1.145,1.155,1,71,muscat2,200526,0.59,,yes
C2020F3,12:12:31,+31:45:46,"g, i, r, z",2.104,2.208,1,127,muscat2,200729,0.35,,yes
C8_1411,00:45:45.75,+06:23:20.2,"g, r, z",1.13345,1.59401,3,533,muscat,"170918, 170923, 170924",3.99,,yes
CBS114,9:59:22,+33:52:44,"g, i, r, z",1.025,1.158,1,880,muscat2,240121,4.89,,yes
CDCet,03:13:21.42,+04:47:03.2,"g, i, r, z",1.09,1.894,2,10037,"muscat, muscat2","191006, 201230",22.54,,yes
cenit,15:32:54,+28:17:56,"g, i, r, z",1.001,1.001,1,4,muscat2,230710,0.01,,yes
CFHT,4:41:34,+26:05:06,"i, r, z",1.001,1.288,1,434,muscat2,260115,12.0,,yes
CIG-J1527,15:28:43,+20:40:48.1,"g, i, r, z",1.012,1.061,1,404,muscat2,220609,3.93,,yes
CJ1214,17:16:33,+4:57:44,"g, i, r, z",1.222,1.566,1,2368,muscat2,230608,3.29,,yes
CMDrac-2,16:34:26,+57:06:57,"g, i, r, z",1.143,1.496,1,4418,muscat2,200730,12.27,,yes
Comet,15:48:07,+39:17:20.1,"g, i, r, z",1.299,1.437,1,48,muscat2,230112,0.72,,yes
CON2021A-003,10:40:22.7497,-08:27:17.251,"g, i, r, z",1.3280275,2.2339735,1,797,muscat3,210210,6.23,,yes
CoRoT-10,19:24:15.2435,+00:44:48.343,"g, i, r, z",1.0634278,1.7723179,1,1729,muscat3,260729,17.73,,yes
CoRoT5b,06:45:10.92,+00:51:12.3,"g, r, z",1.2025,1.75791,1,351,muscat,170203,11.7,,yes
CRTSJ041918,5:46:48,+16:47:30.1,"g, i, r, z",1.02,1.937,5,6528,muscat2,"221102, 221111, 230113, 230213, 230224",62.27,,yes
CRTSJ041918echo,13:13:51,+62:10:45.1,"i, z",1.462,1.464,1,4,muscat2,230224,0.04,,yes
CT4,4:41:27,+26:05:36,"i, r, z",1.001,1.08,1,276,muscat2,260120,9.0,,yes
CVSO30,05:25:06.03,+01:36:17.1,"g, r, z",1.19173,2.06889,4,2483,muscat,"150304, 151007, 160209, 161125",40.85,,yes
DG-CVn,13:33:15,+29:05:48,"g, i, r, z",1.048,1.926,2,8309,muscat2,"260427, 260510",15.17,,yes
DH_Tau,04:29:35.51,+26:33:28.7,"g, r, z",1.10427,1.46789,1,416,muscat,171208,3.54,,yes
didy,8:12:07,+12:20:04.1,"g, i, r, z",1.04,1.044,1,465,muscat2,221111,2.0,,yes
Didymos COJ 2024 Field #1,19:02:08.145,-24:15:34.17,z,1.3194612,1.359313,1,36,sinistro,231024,0.6,,yes
Didymos COJ 2024 Field #14,18:51:04.4352,-25:18:44.532,z,1.3843541,1.4301995,1,36,sinistro,231031,0.6,,yes
Didymos COJ 2024 Field #7,18:58:10.8476,-24:42:06.632,"g, i, r, z",1.3488648,1.4626143,1,72,muscat4,231024,1.2,,yes
DM_Tau,4:34:49,+18:13:35.1,"g, i, r, z",1.016,2.04768,7,2971,"muscat, muscat2","210207, 210209, 210210, 210211, 210212, 210215, 210216",12.38,,yes
dp_leo,17:25:24,+28:17:43.1,"g, r, z",1.0,1.0,1,219,muscat2,220406,3.65,,yes
DUSTY,11:49:56,+1:21:26,"g, i, r, z",1.122,1.577,1,448,muscat2,240114,14.81,,yes
EK Draconis,14:39:33.8028,+64:13:16.558,"g, i, z",1.1977931,1.7666713,79,2853,sinistro,"240126, 240127, 240128, 240129, 240130, 240131, 240201, 240202, 240203, 240204, 240205, 240206, 240207, 240208, 240210, 240211, 240212, 240213, 240215, 240216, 240217, 240218, 240219, 240220, 240221, 240222, 240223, 240224, 240225, 240227, 240228, 240229, 240301, 240303, 240304, 240305, 240306, 240307, 240308, 240309, 240310, 240311, 240312, 240313, 240314, 240316, 240317, 240318, 240319, 240320, 240321, 240322, 240325, 240326, 240327, 240328, 240329, 240330, 240331, 240401, 240402, 240403, 240404, 240405, 240406, 240407, 240408, 240409, 240410, 240412, 240413, 240414, 240415, 240416, 240417, 240418, 240419, 240421, 240422",4.65,,yes
ENOL-19b,8:38:49,+4:53:46,"g, i, r, z",1.089,1.953,1,2998,muscat2,260213,16.7,,yes
Enol-4b,5:17:18,+61:16:38,"g, i, r, z",1.192,1.957,1,5081,muscat2,260217,18.87,,yes
Enol19-b,8:38:59,+4:54:47,"g, i, r, z",1.089,1.901,1,2923,muscat2,260129,15.0,,yes
Enol7-b,10:20:07,+58:02:06,"g, i, r, z",1.151,1.477,1,4704,muscat2,260121,19.6,,yes
EP240627b,14:02:19.7325,+27:13:10.113,"g, i, r, z",1.1086543,1.1260382,3,24,muscat3,"240713, 240715, 240718",1.0,,yes
EPIC-248874928,10:58:29,+12:28:42,"g, i, r, z",1.039,1.432,2,2785,muscat2,"200306, 200313",30.57,,yes
EPIC00191,08:51:31.82,+17:23:30.8,"g, r, z",1.04749,1.67716,1,1629,muscat,170215,9.25,,yes
EPIC05281,23:02:30.48,-04:53:59.6,"g, r, z",1.29352,1.30136,1,45,muscat,170807,1.5,,yes
EPIC09427,08:31:20.63,+20:26:49.4,"g, r, z",1.03175,1.99645,2,717,muscat,"170124, 170131",17.97,,yes
EPIC09881,08:47:03.38,+24:57:38.8,r,1.04161,1.06144,1,34,muscat,180316,0.28,,yes
EPIC19881,08:47:03.38,+24:57:38.8,g,1.04161,1.06144,1,34,muscat,180316,0.28,,yes
EPIC21087,01:17:09.92,+09:29:36.3,"g, r, z",1.10327,1.43085,1,1789,muscat,160920,10.36,,yes
EPIC2114,9:10:03,+11:47:03.1,"g, i, r, z",1.094,1.797,1,621,muscat2,220106,10.21,,yes
EPIC211799258,8:34:07,+17:15:56,"g, i, r, z",1.068,1.326,1,254,muscat2,200103,2.99,,yes
EPIC211929937,8:37:50,+19:06:16,"g, i, r, z",1.013,1.17,1,1276,muscat2,191119,10.63,,yes
EPIC24241,17:15:11.28,-21:53:32.9,"g, r, z",1.82564,1.8376,1,90,muscat,170808,0.15,,yes
EPIC2481,4:38:44,+26:54:11,"g, i, r, z",1.007,1.824,4,3576,muscat2,"200119, 200126, 200130, 200131",35.12,,yes
EPIC26032,16:55:01.12,-28:41:44.7,"g, r, z",2.23291,2.25603,1,120,muscat,170808,0.12,,yes
EPIC28098,13:21:06.11,-09:55:59.3,"g, r, z",1.5863,2.02156,1,189,muscat,160414,3.15,,yes
EPIC28897,08:35:41.11,+12:08:11.7,"g, r, z",1.0836,1.83477,1,1856,muscat,170213,8.81,,yes
EPIC29065,08:45:15.89,+13:34:23.1,"g, r, z",1.10041,2.05721,1,1047,muscat,170218,8.72,,yes
EPIC29937,08:36:34.24,+19:10:52.0,"r, z",1.03754,1.60876,1,1414,muscat,190225,11.78,,yes
EPIC31236,08:55:32.85,+10:28:19.0,"g, r, z",1.09604,2.19415,7,2031,muscat,"160131, 160209, 160301, 160410, 170124, 170201, 170219",30.58,,yes
EPIC32031,12:11:07.20,-09:45:43.3,"g, r, z",1.40017,2.14929,3,954,muscat,"170130, 170202, 170203",21.41,,yes
EPIC32662,15:33:43.80,-22:34:34.7,"g, r, z",1.84546,2.40402,1,576,muscat,180328,9.6,,yes
EPIC33267,08:40:10.05,+16:23:56.7,"r, z",1.05292,1.36221,1,1285,muscat,190224,5.5,,yes
EPIC38198,08:24:07.65,+22:45:03.5,"g, r, z",1.02266,1.41233,1,736,muscat,160312,8.94,,yes
EPIC38401,09:06:49.08,+15:09:06.8,"g, r, z",1.06688,1.50169,1,647,muscat,180322,7.25,,yes
EPIC44983,23:40:27.75,-11:00:24.7,"g, r, z",1.42588,1.42906,1,45,muscat,170807,0.75,,yes
epic452,14:12:45.80,+00:04:22.5,"g, r, z",1.21453,1.85431,2,1776,muscat,"180715, 190330",11.59,,yes
EPIC50175,23:15:46.05,-10:50:05.9,"g, r, z",1.43491,1.45707,1,90,muscat,170807,0.62,,yes
EPIC5350,11:39:50.48,+00:36:12.9,"g, r, z",1.20738,1.75697,1,980,muscat,150425,12.24,,yes
EPIC54129,17:10:24.28,-29:10:56.1,"g, r, z",2.27382,2.28574,1,90,muscat,170808,0.1,,yes
EPIC62654,08:19:58.59,+14:01:10.1,"g, r, z",1.06837,1.67037,1,1909,muscat,170221,19.26,,yes
EPIC65883,09:04:41.97,+19:45:09.6,"g, r, z",1.03475,1.3822,1,421,muscat,170126,9.68,,yes
EPIC67459,23:10:46.00,-07:50:34.0,"g, r, z",1.28353,1.50226,2,915,muscat,"170805, 170807",6.47,,yes
EPIC68333,13:15:25.08,-06:24:21.7,"g, r, z",1.32616,2.02854,2,2386,muscat,"160312, 160410",21.28,,yes
EPIC69861,08:57:43.87,+21:27:04.1,"g, r, z",1.02706,2.0075,1,840,muscat,160409,14.0,,yes
EPIC74928,10:57:25.50,+12:31:57.7,"g, r, z",1.07962,1.88241,3,4390,muscat,"190226, 190329, 200303",26.61,,yes
EPIC79112,09:03:26.20,+14:17:06.9,"g, r, z",1.27279,2.08442,1,210,muscat,170122,5.3,,yes
EPIC90741,16:58:47.22,-22:54:07.4,"g, r, z",1.93505,2.01674,1,60,muscat,170808,1.0,,yes
EPIC94238,19:26:19.32,-22:14:21.4,"g, r, z",1.88277,1.97374,1,69,muscat,170810,0.38,,yes
EPIC95106,12:15:01.91,+01:57:17.0,"g, r, z",1.18973,1.80508,1,1487,muscat,180223,6.85,,yes
EPIC96233,01:17:37.75,+11:23:23.8,"g, r, z",1.08709,1.99894,1,871,muscat,161125,19.05,,yes
EPIC98331,01:13:16.30,+09:01:45.8,"g, r, z",1.10748,1.23922,1,349,muscat,161208,8.78,,yes
EPIC98361,04:55:00.77,+18:40:09.2,"g, r, z",1.83551,1.89668,1,75,muscat,170807,0.05,,yes
EPIC98502,12:15:11.24,+02:00:58.5,"g, r, z",1.18763,2.01293,1,815,muscat,170221,10.3,,yes
EPIC99230,08:31:59.41,+22:00:00.5,"g, r, z",1.02483,1.17391,1,1372,muscat,180216,5.88,,yes
EPIC99258,08:32:56.27,+17:20:32.2,"g, r, z",1.04757,2.24258,2,1506,muscat,"180330, 200302",18.09,,yes
Evans,9:22:01,+18:37:23.1,"g, i, r, z",1.014,1.82,1,1536,muscat2,230112,18.76,,yes
EWcnc,8:52:52,+11:45:39.1,"g, i, r, z",1.045,1.396,1,3591,muscat2,230403,8.58,,yes
fk1088,3:11:04,+29:09:43.1,"g, i, r, z",1.01,1.01,1,4,muscat2,221220,0.0,,yes
fk1116,4:12:20,+26:32:05.1,"g, i, r, z",1.0,1.001,1,248,muscat2,221220,0.07,,yes
fk1116_w,4:12:25,+26:32:06.1,"g, i, r, z",1.59,1.596,1,12,muscat2,221220,0.0,,yes
fk1158,5:54:49,+27:36:46.1,"g, i, r, z",1.0,1.0,1,4,muscat2,221220,0.0,,yes
fk1170,,,"g, i, r, z",1.243,1.243,1,4,muscat2,221220,0.0,,yes
fk1192,7:26:21,-13:49:36.1,"g, i, r, z",1.347,1.359,1,14,muscat2,221220,0.0,,yes
fk1271,10:31:10,+28:27:23.1,"g, i, r, z",1.001,1.001,1,4,muscat2,221220,0.0,,yes
fk2365,4:54:16,+27:55:59.1,"g, i, r, z",1.001,1.017,1,1392,muscat2,221220,0.39,,yes
fk2656,8:27:54,+27:48:55.1,"g, i, r, z",1.0,1.0,1,12,muscat2,221220,0.0,,yes
fk2730,9:16:06,+61:20:36.1,"g, i, r, z",1.193,1.193,1,4,muscat2,221220,0.0,,yes
fk2775,9:44:40,+54:16:22.1,"g, i, r, z",1.112,1.112,1,4,muscat2,221220,0.0,,yes
fk2856,10:41:52,-35:49:50.1,"g, i, r, z",2.288,2.288,1,4,muscat2,221220,0.0,,yes
fk2886,11:06:59,+50:02:35.1,"g, i, r, z",1.076,1.076,1,8,muscat2,221220,0.0,,yes
fk305,8:05:00,+27:44:02.1,"g, i, r, z",1.378,1.378,1,4,muscat2,221220,0.0,,yes
fk3106,13:54:18,+28:31:54.1,"g, i, r, z",1.548,1.548,1,4,muscat2,221220,0.0,,yes
fk3187,15:03:27,+15:59:08.1,"g, i, r, z",1.823,1.824,1,4,muscat2,221220,0.0,,yes
focus1.3,23:50:36.24,+34:27:00.9,"g, r, z",1.0,1.0,1,3,muscat,260125,0.01,,yes
G196-3,10:05:48,+50:16:22.1,"g, i, r, z",2.018,2.02,1,4,muscat2,230112,0.01,,yes
G29-38,23:28:54.99,+05:15:33.7,"g, i, r, z",1.01257,2.37856,4,19896,"muscat, muscat2","251113, 251114, 251115, 251116",55.27,,yes
G56-36,11:24:38,+19:45:30,"g, i, r, z",1.011,2.058,3,17229,muscat2,"260311, 260314, 260412",16.23,,yes
GAI,03:24:52.93,+54:45:40.7,"g, r, z",1.08193,1.0821,1,7,muscat,191130,0.01,,yes
Gaia19epr,03:24:59.03,+54:45:32.7,"g, r, z",1.21115,1.37995,1,372,muscat,191204,3.1,,yes
Gaia19per,03:24:52.13,+54:45:41.3,"g, r, z",1.08275,1.41309,2,678,muscat,"191130, 191202",5.65,,yes
Gaia21avf,19:08:18.6312,+07:11:32.878,"g, i, r, z",1.4886575,1.505988,1,4,muscat3,210926,0.27,,yes
Gaia21azb,19:22:32.6679,+06:31:00.715,"g, i, r, z",1.076,1.791,6,6040,"muscat, muscat2, muscat3","210504, 210505, 210506, 210509, 210513, 210704",50.11,,yes
Gaia21baj,20:59:37.4901,+49:56:10.116,"g, i, r, z",1.2311974,1.2357209,1,4,muscat3,210926,0.27,,yes
Gaia21cjc,19:16:38.2314,+05:19:19.591,"g, i, r, z",1.5434246,1.5625298,1,4,muscat3,210926,0.27,,yes
Gaia21edg,19:11:25.6849,+12:32:41.918,"g, i, r, z",1.3720109,1.3857503,1,4,muscat3,210926,0.27,,yes
Gaia21efs,20:29:40.9312,+31:18:02.108,"g, i, r, z",1.0326302,2.2596948,3,345,muscat3,"211026, 211027, 211028",1.08,,yes
Gaia22dze,20:22:45,+30:33:48.1,"g, i, r, z",1.0,1.915,6,461,muscat2,"221205, 221211, 221215, 221218, 221219, 221220",4.79,,yes
Galaxy1,9:58:52,+35:56:45,"g, i, r, z",1.03,1.109,1,480,muscat2,260115,4.0,,yes
Galaxy2,11:50:23,+3:11:34,"g, i, r, z",1.107,1.168,1,240,muscat2,260115,4.0,,yes
GJ 9827,23:27:05.3476,-01:16:53.951,"g, i, r, z",1.8237005,1.8243126,1,4,muscat3,230907,0.01,,yes
GJ1111,8:31:06,+26:44:04,"g, i, r, z",1.091,1.861,2,2476,muscat2,"200502, 200503",8.86,,yes
GJ1214,17:16:50,+4:56:40,"g, i, r, z",1.0,1.757,52,26915,"muscat, muscat2","180317, 230527, 230528, 230529, 230530, 230601, 230607, 230611, 230613, 230615, 230616, 230617, 230621, 230622, 230625, 230628, 230630, 230701, 230702, 230703, 230704, 230705, 230706, 230708, 230709, 230710, 230713, 230715, 230726, 230727, 230728, 230731, 230802, 230803, 230805, 230806, 230807, 230811, 230816, 230912, 230917, 230923, 230925, 230927, 230930, 231001, 231002, 231003, 231007, 231012, 231013, 231014",44.13,,yes
gj1214,17:15:19.58,+04:57:34.7,"g, r, z",1.74975,1.99061,1,90,muscat,150302,0.97,,yes
GJ1243,19:51:35,+46:31:18,"g, i, r, z",1.02231,1.898,3,7148,"muscat, muscat2","190523, 190815, 190826",27.79,,yes
GJ207.1,5:34:47,+1:57:29,"g, i, r, z",1.116,1.174,1,2106,muscat2,191119,7.27,,yes
GJ208,5:37:49,+11:19:13,"g, i, r, z",1.051,1.066,1,789,muscat2,200209,1.24,,yes
GJ282C,07:35:56.72,-03:06:18.6,r,1.26406,2.09329,3,4195,muscat,"190116, 190118, 190120",8.27,,yes
GJ3396,6:33:12,+41:29:00,"g, i, r, z",1.054,1.559,2,2511,muscat2,"190925, 191110",11.73,,yes
GJ3470,07:59:06.97,+15:26:18.2,"g, r, z",1.05857,1.98455,25,8618,muscat,"160127, 160130, 160131, 160209, 160211, 160229, 160301, 160302, 180210, 180211, 180212, 180213, 180214, 180217, 180223, 180303, 180311, 180312, 180313, 180314, 180316, 180317, 180322, 180327, 180328",49.88,,yes
GJ3470b,8:00:19,+15:22:22.1,"g, i, r, z",1.026,2.074,2,10161,muscat2,"200216, 210118",28.24,,yes
GJ3685A,11:48:40,+0:07:38,"g, i, r, z",1.117,1.835,2,1407,muscat2,"200304, 200501",10.65,,yes
GJ410,11:03:36,+21:51:37,"g, i, r, z",1.006,1.308,3,8206,muscat2,"200206, 200424, 200505",7.82,,yes
GJ4247,22:02:09,+28:25:03,"g, i, r, z",1.076,1.531,1,3083,muscat2,200602,7.59,,yes
GJ436,11:42:08.53,+26:44:43.7,"g, i, r, z",1.0,2.17624,38,40137,"muscat, muscat2","160127, 160130, 160209, 160210, 160211, 160229, 160301, 160311, 160409, 160414, 160418, 170127, 170427, 180210, 180211, 180212, 180213, 180214, 180216, 180223, 180226, 180311, 180312, 180313, 180314, 180316, 180317, 180322, 180325, 180326, 180327, 180328, 180329, 180330, 190621, 200211, 200227, 200314",180.9,,yes
gj436,11:42:13.12,+26:44:22.7,"g, r, z",1.01059,1.05527,1,300,muscat,150302,2.5,,yes
GJ436b,11:43:18,+26:37:27,"g, i, r, z",1.0,1.299,1,4671,muscat2,200219,12.16,,yes
GJ486,12:49:08,+9:39:01,"g, i, r, z",1.176,1.986,1,869,muscat2,200603,8.7,,yes
GJ486b,12:49:06,+9:38:49,"g, i, r, z",1.055,1.793,2,5005,muscat2,"200509, 200512",21.55,,yes
GJ493,13:00:40.24,+05:41:27.6,"r, z",1.14311,1.78373,3,2839,muscat,"190225, 190226, 190228",23.66,,yes
GJ493.1,13:01:47,+5:36:01,"g, i, r, z",1.316,1.54,1,954,muscat2,190627,2.66,,yes
GJ9827,23:27:05.427,-01:17:05.48,"g, i, r, z",1.0787789,1.5920249,1,4427,muscat3,230908,5.72,,yes
GJ9827d,23:28:51,-1:09:31,"g, i, r, z",1.0,1.837,5,13218,"muscat, muscat2","201214, 220914, 221021, 240902, 241128",51.17,,yes
Gl285,7:45:40,+3:29:16,"i, r, z",1.238,1.294,1,231,muscat2,190122,0.83,,yes
GL357b,9:36:59,-21:47:41,"g, i, r, z",1.556,2.026,4,11249,muscat2,"200130, 201229, 220411, 240212",40.33,,yes
GRB221009A,19:14:05,+19:49:27.1,"g, i, r, z",1.0,1.255,1,745,muscat2,221019,4.72,,yes
groombridge1830,11:54:33,+37:30:58,"g, i, r, z",1.037,1.037,1,12,muscat2,260330,0.0,,yes
GS29-38,23:28:54.72,+05:16:15.5,"g, r, z",1.14504,2.22225,1,6117,muscat,251111,16.99,,yes
halo,5:24:32,-1:16:32,"g, i, r, z",1.595,1.661,1,32,muscat2,170830,0.04,,yes
Hamiltonia,4:36:27,+21:26:17,"g, i, r, z",1.005,1.195,1,1543,muscat2,250115,8.32,,yes
HAT-P-1,22:57:33.1260,+38:41:20.634,"Na_D, g_narrow, i_narrow, z_narrow",1.052027,1.9011988,2,6386,muscat3,"240810, 240820",15.65,,yes
HAT-P-12,13:57:25.95,+43:34:25.5,"g, r, z",1.01219,1.69421,3,4735,muscat,"170429, 180326, 190422",37.12,,yes
HAT-P-13,08:39:31.78,+47:23:36.9,r,1.02544,1.03233,1,14,muscat,171103,0.05,,yes
HAT-P-14,17:20:27.87,+38:14:31.9,"g, r, z",1.00209,1.1399,1,2217,muscat,150425,7.91,,yes
HAT-P-14_dif17,17:20:27.90,+38:14:31.8,"g, r, z",1.00369,1.0049,1,75,muscat,190330,0.15,,yes
HAT-P-15,04:24:59.26,+39:30:22.1,"g, r, z",1.0115,1.89347,1,1497,muscat,200224,2.08,,yes
HAT-P-18b,17:06:35,+32:59:04,"g, i, r, z",1.003,1.354,1,4184,muscat2,260611,17.54,,yes
HAT-P-19,00:38:19.44,+34:46:43.6,"g, r, z",1.14911,1.97603,1,1004,muscat,171011,6.41,,yes
HAT-P-1b,22:57:46.45,+38:43:42.2,g,1.00276,1.09351,1,756,muscat,190730,0.63,,yes
HAT-P-21,11:25:00.25,+41:02:58.2,"g, r, z",1.00616,1.66805,2,1497,muscat,"200224, 200226",3.17,,yes
HAT-P-26,14:12:35.31,+04:05:44.6,"g, r, z",1.16126,1.87842,1,1872,muscat,180327,11.73,,yes
HAT-P-26b,,,"g, i, r, z",1.097,1.699,2,11944,muscat2,"220525, 230313",35.68,,yes
HAT-P-27,14:50:58.5541,+05:58:39.204,"g, i, r, z",1.1145436,2.01142,3,2015,muscat3,"240720, 240721, 240722",7.87,,yes
HAT-P-29,02:12:29.87,+51:49:39.2,"g, r, z",1.04858,1.21835,2,1447,muscat,"161025, 171208",4.67,,yes
HAT-P-32b,02:04:01.35,+46:44:07.5,"g, i, r, z",1.03122,2.26744,3,17737,"muscat, muscat2","241030, 250724, 260123",44.51,,yes
HAT-P-37b,18:57:56,+51:17:53,"g, i, r, z",1.086,1.233,1,1477,muscat2,230613,15.68,,yes
HAT-P-44,14:13:21,+46:56:47,"g, i, r, z",1.02393,1.926,4,6789,"muscat, muscat2","170215, 180322, 180521, 260402",54.47,,yes
HAT-P-44b,14:13:19,+46:57:25,"g, i, r, z",1.055,1.923,3,3187,muscat2,"200309, 200504, 210216",30.9,,yes
HAT-P-44Track,14:13:27,+46:53:18,"g, i, r, z",1.162,1.177,1,4,muscat2,260402,0.03,,yes
HAT-P-45,18:17:22.09,-03:22:51.5,g,1.26791,1.54035,1,431,muscat,180727,3.59,,yes
HAT-P-47,2:34:47,+30:28:20,"g, i, r, z",1.001,1.36248,2,7790,"muscat, muscat2","191130, 231216",16.16,,yes
HAT-P-48,2:59:08,+30:43:05.1,"g, i, r, z",1.001,1.112,1,3039,muscat2,201223,11.74,,yes
HAT-P-48b,02:57:50.67,+30:38:49.4,r,1.00226,2.05771,1,859,muscat,190118,4.77,,yes
HAT-P-49,20:21:45.79,+26:41:32.5,"g, r, z",1.00938,1.03146,1,1698,muscat,191004,0.47,,yes
HAT-P-49b,20:21:58.42,+26:44:12.3,g,1.00927,2.00888,1,1630,muscat,190802,2.04,,yes
HAT-P-51,04:35:26.92,-13:26:00.9,"g, r, z",1.63515,1.63515,1,918,muscat,150826,9.26,,yes
HAT-P-57b,18:19:46,+10:37:54,"g, i, r, z",1.049,1.797,1,7318,muscat2,200724,20.86,,yes
HAT-P-6,23:38:52.09,+42:27:58.7,g,1.00984,1.05178,1,384,muscat,191029,0.16,,yes
HAT-P-65,21:04:34,+12:05:22,"g, r, z",1.55,1.562,1,4,muscat2,190816,0.06,,yes
HAT-P-65b,21:04:33,+12:05:20,"g, r, z",1.041,1.548,1,1085,muscat2,190816,11.0,,yes
HAT-P-6_diffA,23:38:52.71,+42:28:19.4,"g, r, z",1.0101,1.15819,1,1662,muscat,191030,0.63,,yes
HAT-P-6_diffAB,23:38:51.05,+42:28:16.3,"g, r, z",1.01742,1.27922,1,600,muscat,191030,4.42,,yes
HAT-P-6_diffB,23:38:50.44,+42:27:55.3,"g, r, z",1.09867,1.5332,1,432,muscat,191029,2.8,,yes
HAT23,20:24:27.63,+16:46:06.6,"g, r, z",1.04994,1.26735,1,1371,muscat,170807,7.6,,yes
HAT49,20:21:48.97,+26:41:36.1,"g, r, z",1.00938,1.7621,1,3772,muscat,170808,14.1,,yes
HATP20,07:27:43.93,+24:21:50.0,"g, r, z",1.6287,2.01581,1,1021,muscat,170124,10.12,,yes
HATP23,20:24:33.66,+16:48:14.0,"g, r, z",1.04972,1.63314,1,2436,muscat,170802,17.5,,yes
HATS-2,11:47:13.5072,-22:34:30.822,"g, i, r, z",1.0160904,1.2958798,2,1376,muscat4,"240521, 240522",7.76,,yes
haumea,14:42:01,+14:34:43,"g, i, r, z",2.131,2.477,1,737,muscat2,260504,1.06,,yes
Haumea_2s,14:42:06,+14:33:18,"g, i, r, z",1.328,1.346,1,8,muscat2,260422,0.0,,yes
Haumea_3s,14:42:06,+14:33:19,"g, i, r, z",1.325,1.343,1,8,muscat2,260422,0.01,,yes
Haumea_4s,14:42:06,+14:33:14,"g, i, r, z",1.339,1.339,1,4,muscat2,260422,0.0,,yes
HD 73080,08:37:27.185,+28:20:36.42,"gp*diffuser, ip*diffuser, rp*diffuser, zs*diffuser",1.0098301,1.9499987,4,15997,muscat3,"220125, 220128, 220129, 220130",10.55,,yes
HD-31221b,4:56:18,+22:13:21.1,"g, i, r, z",1.01,1.45,1,4110,muscat2,230218,10.9,,yes
HD106270,12:13:50.12,-09:27:24.2,"g, r, z",1.39326,1.59219,1,897,muscat,200323,1.78,,yes
HD108236,12:26:38.834,-51:30:36.70,"r, z",1.0666105,1.5920681,1,790,sinistro,250219,3.57,,yes
HD110067,12:39:21.362,+20:01:37.49,"Na_D, g_narrow, i_narrow, z_narrow",1.0250869,1.6003428,3,3594,muscat3,"240402, 240403, 240421",15.25,,yes
HD127304,14:29:50.03,+31:48:30.0,"g, r, z",1.00458,1.00493,1,9,muscat,150302,0.01,,yes
HD143317,16:00:58,+3:24:14,"g, i, r, z",1.104,1.745,2,3673,muscat2,"260602, 260613",3.06,,yes
HD143317track1,16:00:56,+3:23:57,"g, i, r, z",1.265,1.376,1,1189,muscat2,260613,0.99,,yes
HD143317track2,16:00:58,+3:24:31,"g, i, r, z",1.187,1.262,1,1180,muscat2,260613,0.98,,yes
HD149026_dif08,17:20:27.90,+38:14:31.8,"g, r, z",1.00207,1.00243,1,51,muscat,190330,0.17,,yes
HD149026_dif17,16:30:29.71,+38:20:49.9,"g, r, z",1.00606,1.00648,1,30,muscat,190330,0.04,,yes
HD149026_dif68,17:20:27.91,+38:14:31.9,"g, r, z",1.00216,1.00254,1,60,muscat,190330,0.15,,yes
HD149026_wo_dif,17:20:27.90,+38:14:31.9,"g, r, z",1.00304,1.00382,1,45,muscat,190330,0.12,,yes
HD149026b,16:31:14,+38:20:04,"g, i, r, z",1.016,1.137,1,9996,muscat2,200628,9.72,,yes
HD201033,21:04:57,+55:43:12,"g, i, r, z",1.155,1.948,2,13587,muscat2,"200515, 200523",26.42,,yes
HD205314_diffC,21:32:57.03,+49:58:41.9,"g, r, z",1.24789,1.2586,1,108,muscat,190712,0.15,,yes
HD210290,3:47:59,+24:11:59,"g, i, r, z",1.062,1.062,1,4,muscat2,170828,0.03,,yes
HD234661,18:30:10,+50:36:00,"g, i, r, z",1.081,1.085,1,1017,muscat2,260602,0.85,,yes
HD31221b,4:56:25,+22:11:51,"g, i, r, z",1.006,1.851,1,6092,muscat2,231209,22.0,,yes
HD332231,20:26:56.63,+33:44:41.8,"g, r, z",1.00145,1.08708,1,411,muscat,200730,1.46,,yes
HD335524,18:02:13,+24:54:10,"g, i, r, z",1.002,1.005,1,1004,muscat2,260602,0.84,,yes
HD60491,7:35:20,-6:56:09,"i, r, z",1.301,1.349,1,534,muscat2,190122,0.4,,yes
HIP 67522,13:50:19.0773,-40:46:54.789,"Na_D, g_narrow, g, i_narrow, i, r, z_narrow, z",1.0131042,1.3042036,6,4929,"muscat4, sinistro","240421, 250315, 250615, 250626, 250710, 260511",12.41,,yes
HIP102988,20:52:40,+62:16:36,"g, i, r, z",1.208,1.95,2,18013,muscat2,"230927, 231107",18.95,,yes
HIP41378,08:26:42.08,+10:06:13.9,"g, i, r, z",1.053,2.2515224,5,23094,"muscat, muscat2, muscat3, sinistro","191126, 210519, 210520, 210521, 260124",17.65,,yes
HIP41378f,08:26:43.03,+10:06:53.7,"g, r, z",1.11787,3.56467,1,7951,muscat,251101,11.04,,yes
HIP65,00:00:35.7068,-54:49:23.047,i,1.5820657,1.5944426,1,5,sinistro,240912,0.01,,yes
HIP67522,13:50:20.0511,-40:48:49.019,"Na_D, g_narrow, g, i_narrow, i, r, up, z_narrow, z",1.0110894,1.9819402,8,24559,"muscat4, sinistro","240422, 240430, 240506, 250313, 250319, 250618, 260127, 260423",52.17,,yes
ICRFJ121606,12:17:29,+9:21:07,"g, i, r, z",1.427,1.462,1,40,muscat2,240413,0.44,,yes
IR_Com,12:40:53,+21:00:02,"g, i, r, z",1.168,1.211,1,172,muscat2,260401,0.96,,yes
IRAS04125,04:15:30.8624,+29:11:22.050,"g, i, r, z",1.0112074,1.967849,6,6558,muscat3,"241114, 241117, 241126, 241205, 251001, 251202",65.7,,yes
IRCom,12:40:44,+21:01:44,"g, i, r, z",1.088,1.837,1,3875,muscat2,260330,9.05,,yes
J01033-623,1:04:50,+62:28:18,"g, i, r, z",1.271,1.925,1,3229,muscat2,191122,12.42,,yes
J011631,1:17:23,+27:33:54,"g, i, r, z",1.0,2.029,3,16457,"muscat, muscat2","170928, 171001, 191204",49.97,,yes
J01807,18:07:48,+50:15:58,"g, i, r, z",1.078,1.436,3,2247,muscat2,"190630, 190729, 190808",26.95,,yes
J02530+168,2:54:09,+16:58:24,"g, i, r",1.02,1.617,1,1732,muscat2,181129,10.91,,yes
J0528,5:30:03,+28:40:09.1,"g, i, r, z",1.261,1.72,3,3296,muscat2,"230403, 230405, 230406",8.8,,yes
J1113,11:19:31,+47:54:55.1,"g, i, r, z",1.066,1.077,1,230,muscat2,230405,1.41,,yes
J1118,11:19:33,+47:54:52.1,"g, i, r, z",1.062,2.157,2,4481,muscat2,"230405, 230406",40.17,,yes
j1214,17:16:32,+4:55:33,"g, i, r, z",1.425,1.428,1,24,muscat2,230528,0.03,,yes
J14302303,14:30:16.049,+23:03:44.40,"g, i, r, z",1.0007911,1.6905608,57,222,muscat3,"220131, 220207, 220208, 220209, 220210, 220211, 220212, 220214, 220215, 220221, 220223, 220225, 220226, 220227, 220228, 220304, 220307, 220309, 220311, 220312, 220313, 220322, 220323, 220324, 220325, 220326, 220328, 220330, 220401, 220403, 220406, 220410, 220411, 220412, 220419, 220420, 220422, 220423, 220424, 220425, 220427, 220428, 220510, 220511, 220516, 220517, 220519, 220524, 220530, 220705, 220707, 220708, 220709, 220710, 220711, 220728, 220730",5.09,,yes
J183507,5:22:09,+28:17:20,"g, i, r, z",1.011,1.011,1,3098,muscat2,171006,11.01,,yes
J205556,,,"g, i, r, z",,,1,10048,muscat2,170930,5.97,,yes
J2104,21:03:59.50,+46:35:26.6,"g, r, z",1.04052,1.96885,2,3223,muscat,"190904, 191031",7.92,,yes
J211056,21:11:58,+15:35:21,"g, i, r, z",1.025,1.166,1,6557,muscat2,170831,10.56,,yes
Jupiter,,,"g, i, r, z",1.168,1.218,1,880,muscat2,221127,0.0,,yes
K2-100,08:38:37.646,+20:04:29.68,"g, i, r, z",1.021376,1.8341622,3,2097,"muscat3, muscat4","250116, 250117, 250120",10.88,,yes
K2-100b,8:39:27,+20:02:07,"g, i, r, z",1.01,2.12139,8,15825,"muscat, muscat2","190102, 190114, 190122, 200107, 200211, 210212, 220413, 240208",66.27,,yes
K2-103,08:41:49.78,+17:41:31.0,"r, z",1.17687,1.57621,1,441,muscat,190226,2.95,,yes
K2-105,08:21:35.08,+13:34:12.9,"g, r, z",1.07369,1.2493,1,775,muscat,170216,4.19,,yes
K2-105b,8:22:44,+13:27:53,"i, r, z",1.034,1.556,1,6735,muscat2,181217,9.35,,yes
k2-105b,8:22:44,+13:27:26,"g, i, r, z",1.034,1.58,1,2023,muscat2,200118,22.51,,yes
K2-108b,8:15:00,+16:20:52,"g, i, r, z",1.022,1.538,1,6295,muscat2,231218,24.8,,yes
K2-117,08:55:31.86,+10:26:47.8,"g, r, z",1.35786,2.17663,1,576,muscat,190326,4.8,,yes
K2-136,04:29:44.7649,+22:55:28.608,"g, i, r, z",1.003149,2.1448011,9,2723,"muscat3, sinistro","240126, 240128, 240129, 240130, 240131, 241010, 241205, 251030, 251221",14.96,,yes
K2-136c,4:31:08,+22:55:40,"g, i, r, z",1.004,1.912,3,29336,muscat2,"181217, 231208, 241101",51.84,,yes
K2-14,11:52:09.53,+02:35:24.1,"g, r, z",1.2063,2.56432,1,603,muscat,190326,10.05,,yes
K2-146,08:40:16.22,+19:03:14.0,"g, r, z",1.03816,1.22431,1,900,muscat,180226,5.65,,yes
K2-146b,8:41:29,+18:58:45,"g, i, r, z",1.013,1.915,1,2603,muscat2,200125,19.45,,yes
K2-19b,11:39:53.01,+00:40:45.5,r,1.20611,2.25733,1,684,muscat,190116,5.7,,yes
K2-21,22:41:23.33,-14:30:23.3,"g, r, z",1.5235,2.43378,3,4120,muscat,"160813, 160823, 170918",37.7,,yes
K2-217b,0:46:28,+6:40:25,"g, i, r, z",1.0,1.914,4,15644,muscat2,"231005, 231201, 240824, 240907",65.75,,yes
K2-22b,11:17:52.25,+02:38:18.1,"g, i, r, z",1.11,2.19063,6,5872,"muscat, muscat2","201218, 210113, 210211, 211222, 220105, 220107",67.23,,yes
K2-25,04:13:06.2217,+15:14:42.209,"g, i, r, z",1.0045075,2.1,11,4214,"muscat, muscat2, muscat3, sinistro","170923, 171011, 190925, 211002, 211003, 211004, 211203, 211204, 211205, 220108, 220129",38.14,,yes
K2-25b,4:14:18,+15:14:44.1,"g, i, r, z",1.026,1.398,4,6044,muscat2,"211208, 211222, 211229, 220105",48.74,,yes
k2-25b,4:14:19,+15:18:53.1,"g, i, r, z",1.026,1.212,1,873,muscat2,210118,7.0,,yes
K2-3,11:29:11.47,-01:22:58.3,"g, r, z",1.23667,2.05325,7,5823,muscat,"150424, 160302, 160311, 160329, 160408, 160418, 170428",60.97,,yes
K2-31,16:21:35.97,-23:30:43.9,"g, r, z",1.89257,1.9706,1,1120,muscat,170428,3.59,,yes
K2-33,16:10:14.9479,-19:19:06.844,"g, i, r, z",1.3063629,2.3197653,1,1847,muscat3,250701,18.9,,yes
K2-353b,13:27:57,-2:24:12,"g, i, r, z",1.163,1.743,1,5654,muscat2,240501,19.6,,yes
K2-370b,4:32:42,+19:53:38.1,"g, i, r, z",1.011,2.215,4,33456,muscat2,"230310, 231012, 231027, 231109",81.86,,yes
K2-45,11:18:27.20,-01:48:18.9,"g, r, z",1.24365,2.1257,3,1344,muscat,"170429, 190420, 210417",24.81,,yes
K2-45b,11:19:26,-1:52:08,"g, i, r, z",1.156,1.28,1,689,muscat2,200422,6.71,,yes
K2-9,11:45:06.22,+00:04:05.0,"r, z",1.21494,2.32743,1,1555,muscat,190223,12.96,,yes
K2-90,03:56:32.76,+22:28:12.8,"g, r, z",1.02254,1.48795,1,378,muscat,170125,12.6,,yes
K2-95,08:37:26.3745,+18:58:31.545,"g, i, r, z",1.0045003,2.1373646,3,846,"muscat, muscat3","170125, 210130, 210212",32.77,,yes
K2-95b,8:38:26,+18:54:46,"g, i, r, z",1.014,1.312,1,2060,muscat2,180224,17.17,,yes
k2c01t010,11:52:13.88,+02:37:35.7,"g, r, z",1.17956,1.28037,1,301,muscat,150302,4.34,,yes
KC07C01690,11:54:58.98,+29:38:50.8,"g, r, z",1.00391,1.48531,1,2756,muscat,150426,13.82,,yes
KC08C07663,13:50:59.88,+25:16:05.3,"g, r, z",1.07952,2.55575,1,4650,muscat,170213,5.54,,yes
KC10C18750,17:30:23.92,+37:56:33.0,"g, r, z",1.06466,1.40642,1,1980,muscat,160418,3.53,,yes
KC11C006639,19:16:20.95,+31:58:59.4,"g, r, z",1.00353,1.34358,1,1771,muscat,150426,1.45,,yes
KC688,22:13:55.09,+58:17:45.5,"g, r, z",1.09287,1.53084,1,15711,muscat,160818,3.6,,yes
KEB213p,13:25:56.98,+27:38:22.2,"g, r, z",1.00756,2.00411,2,2672,muscat,"170430, 170501",29.91,,yes
KEB21p,13:25:57.45,+27:38:22.1,g,1.16184,1.16184,1,1,muscat,170430,0.02,,yes
KELT-11,10:46:58.17,-09:22:52.0,"g, r, z",1.39113,1.79559,1,5639,muscat,180311,4.73,,yes
KELT-16b,20:58:06,+31:45:57,"g, i, r, z",1.002,1.842,4,14562,muscat2,"200822, 221015, 230616, 241002",42.48,,yes
KELT-17,08:22:42.37,+13:48:10.6,"g, r, z",1.0699,2.57609,4,19559,muscat,"171222, 171225, 180217, 180323",45.23,,yes
KELT-17b,8:23:49,+13:43:09,"g, i, r, z",1.033,1.798,3,13416,muscat2,"200109, 200215, 200320",46.21,,yes
KELT-19A,7:27:09,+7:34:46,"g, i, r, z",1.069,1.945,2,25131,muscat2,"181129, 200201",37.55,,yes
KELT-19As,7:27:08,+7:34:49,"g, i, r, z",1.078,1.087,1,483,muscat2,200201,0.67,,yes
KELT-20_SE,19:39:27,+31:17:24,"g, i, r, z",1.001,1.78,2,6835,muscat2,"200702, 200906",18.48,,yes
KELT-20_Se,19:39:31,+31:17:29,"g, i, r, z",1.782,1.795,1,27,muscat2,200702,0.08,,yes
Kelt-20b_SE,19:39:30,+31:16:15,"g, i, r, z",1.054,2.164,1,6261,muscat2,181018,9.18,,yes
KELT-23A,15:29:05.6998,+66:24:07.917,"Na_D, g_narrow, i_narrow, z_narrow",1.4282269,1.9783362,2,8630,muscat3,"240622, 240623",12.26,,yes
KELT-3_wo_dif,09:54:34.42,+40:23:16.8,"g, r, z",1.00558,1.00606,1,45,muscat,190330,0.07,,yes
KELT-5,23:27:19,+38:38:56,"g, i, r, z",1.016,1.724,1,4528,muscat2,170830,21.14,,yes
KELT-8,18:53:25.4077,+24:07:56.047,"Na_D, g_narrow, i_narrow, z_narrow",1.2576081,1.6799089,1,1004,muscat3,240711,3.37,,yes
KELT-9,20:31:27.98,+39:56:51.8,"g, i, r, z",1.00447,1.9893,9,19973,"muscat, muscat2, sinistro","151007, 170824, 171104, 180713, 180714, 180716, 180719, 190803, 230924",24.41,,yes
KELT-9_diffA,20:31:26.38,+39:56:19.7,"g, r, z",1.35297,1.35711,1,30,muscat,190712,0.04,,yes
KELT-9_diffAB,20:31:26.38,+39:56:19.7,"g, r, z",1.33303,1.33698,1,30,muscat,190712,0.04,,yes
KELT-9_diffB,20:31:26.39,+39:56:19.7,"g, r, z",1.37162,1.37594,1,30,muscat,190712,0.04,,yes
KELT-9_diffC,20:31:26.38,+39:56:19.7,"g, r, z",1.17853,1.18104,1,30,muscat,190712,0.04,,yes
KELT-9_diffuser,20:31:24.50,+39:55:30.8,r,1.00938,1.21453,2,1143,muscat,"180714, 180715",0.76,,yes
KELT-9_flip,20:31:26.38,+39:55:19.8,r,1.00645,1.00651,1,3,muscat,180715,0.0,,yes
KELT-9_NOdiff,20:31:26.39,+39:56:19.7,"g, r, z",1.3639,1.36815,1,30,muscat,190712,0.04,,yes
KELT-9_nodiff,20:31:28.63,+39:56:59.4,r,1.11447,1.11526,1,6,muscat,171104,0.0,,yes
KELT-9_nofilter,20:31:29.12,+39:55:27.3,r,1.12232,1.33702,2,928,muscat,"180714, 180715",0.61,,yes
KELT-9b,20:31:26.388,+39:56:20.22,"Y, g, gp*diffuser, ip*diffuser, r, rp*diffuser, z, zs*diffuser",1.00455,1.61337,8,11452,"muscat, muscat3, sinistro","210727, 230713, 230714, 230715, 230716, 230722, 230903, 250817",10.18,,yes
KELT-9b_SE,20:32:02,+39:59:56,"g, i, r, z",1.021,1.768,2,17487,"muscat, muscat2","200826, 210923",14.4,,yes
KELT-9bSE,20:32:08,+40:00:44,"g, i, r, z",1.021,1.45,1,14926,muscat2,200717,9.33,,yes
KELT16,20:57:05.87,+31:41:16.4,"g, r, z",1.00118,1.59767,3,3731,muscat,"170804, 170805, 170806",27.33,,yes
KELT16b,20:57:48,+31:45:16,"g, i, r, z",1.023,1.085,1,1040,muscat2,170924,2.13,,yes
KELT17,08:22:41.14,+13:46:19.5,"g, r, z",1.07014,1.84446,1,4999,muscat,180214,11.05,,yes
KELT9,20:31:22.54,+39:58:17.2,"g, r, z",1.00454,2.10094,1,5651,muscat,150822,13.09,,yes
KEPLER-12,19:05:42,+50:05:31,"g, i, r, z",1.077,1.385,1,1577,muscat2,230730,12.69,,yes
Kepler-12,19:05:15,+50:04:13,"g, i, r, z",1.0,1.984,3,6032,muscat2,"190612, 200820, 230620",57.12,,yes
Kepler-16,19:16:19.13,+51:44:41.2,"g, r, z",1.04677,1.74087,1,3927,muscat,170609,16.81,,yes
Kepler-1627,18:56:23.3924,+41:32:58.496,"g, i, r, z",1.0700735,2.0051525,1,2470,muscat3,210806,16.64,,yes
Kepler-1647,19:52:43.45,+40:39:27.3,"g, r",1.00575,1.51031,3,11039,muscat,"180714, 180717, 180718",25.73,,yes
Kepler-1658b,19:38:28,+38:57:56,"g, i, r, z",1.018,1.691,5,32874,muscat2,"240525, 240814, 250421, 250614, 250707",76.36,,yes
Kepler-17b,19:54:42,+47:52:45,"g, i, r, z",1.372,1.661,1,1318,muscat2,260504,3.54,,yes
Kepler-30,19:01:49,+38:59:43,"g, i, r, z",1.018,1.832,1,2527,muscat2,200528,24.48,,yes
Kepler-32,19:01:48,+38:58:23,"g, i, r, z",1.018,1.852,1,3044,muscat2,200727,29.48,,yes
Kepler-41,19:38:03.4740,+45:59:08.103,"g, i, r, z",1.1061712,1.2671919,1,1285,muscat3,240826,10.71,,yes
Kepler-411b,19:10:54,+49:33:46,"g, i, r, z",1.174,2.078,2,5082,muscat2,"260327, 260411",17.28,,yes
Kepler-412b,19:05:22,+43:43:00,"g, i, r, z",1.0,2.161,6,11286,"muscat, muscat2","240605, 240617, 240913, 250406, 260515, 260527",73.38,,yes
kepler-412b,19:05:25,+43:44:07,"g, i, r",1.0,1.704,1,1685,muscat2,241014,9.4,,yes
kepler-412becho,5:06:46,+43:17:21,"g, i, r",1.0,1.078,1,42,muscat2,241014,0.25,,yes
Kepler-41b,19:38:47,+46:01:53,"g, i, r, z",1.0,2.027,6,10703,muscat2,"240531, 240817, 240912, 241105, 260521, 260603",107.82,,yes
Kepler-433,19:50:22.0495,+40:58:45.993,"g, i, r, z",1.0663173,1.2529129,1,1295,muscat3,240725,10.0,,yes
Kepler-45b,19:32:21,+41:07:03,"g, i, r, z",1.048,2.038,1,1936,muscat2,260425,15.47,,yes
Kepler-51,19:45:53.9564,+49:56:19.959,"g, i, r, z",1.0652724,1.6451512,5,998,"muscat3, sinistro","221004, 221013, 221014, 221015, 230625",16.61,,yes
Kepler-51b,19:46:23,+49:58:47,"g, i, r, z",1.0,1.911,6,6213,muscat2,"180802, 190614, 190729, 200908, 200909, 210904",65.27,,yes
Kepler-51c,19:46:27,+49:58:13.1,"g, i, r, z",1.03754,1.927,3,4810,"muscat, muscat2","190522, 190815, 210921",43.7,,yes
kepler-51d,19:46:24,+49:59:02.1,"g, i, r, z",1.076,1.839,1,1937,muscat2,220531,21.71,,yes
Kepler-76b,19:37:42,+39:40:10,"g, i, r, z",1.0,2.48281,11,24735,"muscat, muscat2","240607, 240811, 240911, 241018, 241101, 250622, 250731, 251101, 260413, 260614, 260617",112.82,,yes
kepler-76b,19:37:31,+39:40:16,"g, i, r, z",1.087,1.803,1,2633,muscat2,250703,10.97,,yes
Kepler51,19:46:19,+49:58:23,"g, i, r, z",1.076,1.48,1,2392,muscat2,180629,23.26,,yes
Kepler76b,19:37:32,+39:39:26,"g, i, r, z",1.02,1.308,1,3912,muscat2,240524,14.53,,yes
KEY2020B-005,08:56:21.0879,-12:56:03.526,"g, i, r, z",1.201778,2.3048473,1,589,muscat3,210210,16.52,,yes
KH15D,06:41:13.69,+09:29:53.0,"g, r, z",1.10408,2.11637,23,2363,muscat,"151209, 160130, 160131, 160209, 160211, 160229, 160302, 170122, 170124, 170126, 170127, 170128, 170130, 170201, 170202, 170203, 170204, 170213, 170214, 170215, 170219, 170220, 170921",66.95,,yes
KIC8005892,18:44:58,+43:54:12,"g, i, r, z",1.038,1.518,1,6927,muscat2,260621,24.45,,yes
KOI-315,19:49:44,+43:24:23,"g, i, r, z",1.036,1.52,1,3085,muscat2,200711,29.29,,yes
KOI-3791,19:14:21,+40:43:44.1,"g, i, r, z",1.019,1.822,1,1705,muscat2,220501,17.42,,yes
KS48158,06:34:58.76,+11:17:35.2,"g, r, z",1.08876,1.88912,1,1713,muscat,170123,16.73,,yes
L_EBC1,17:54:05,-28:19:01,"g, i, r, z",1.897,2.038,1,304,muscat2,260526,1.88,,yes
LEDA2276987,9:12:49,+46:05:10,"g, i, r, z",1.05,1.05,1,16,muscat2,260401,0.44,,yes
LHS1140b,0:46:12,-15:06:37,"g, i, r, z",1.38,2.09,2,3445,"muscat, muscat2","201019, 231012",20.35,,yes
LHS2090,9:01:42,+21:49:03,"g, i, r, z",1.034,2.019,2,1613,muscat2,"180125, 200426",22.06,,yes
LHS2924,14:29:54,+33:03:59,"g, i, r, z",1.12,1.204,1,17,muscat2,260330,0.85,,yes
LSPM_J0746+2000,7:48:17,+19:56:49,"g, i, r, z",1.044,1.049,1,36,muscat2,260401,0.15,,yes
LSPM_J1440+1339,14:41:45,+13:32:43,"g, i, r, z",1.041,1.044,1,12,muscat2,260401,0.4,,yes
LSPM_J1731+2721,17:32:22,+27:19:22,"g, i, r, z",1.123,1.128,1,80,muscat2,260401,0.11,,yes
LSRJ1835+3259,18:36:31,+33:01:07,"g, i, r, z",1.48,1.484,1,12,muscat2,260330,0.07,,yes
M10,16:58:24,-4:08:11,"g, i, r, z",1.193,1.194,1,8,muscat2,230726,0.02,,yes
m10,16:58:27,-4:08:01,"g, i, r, z",1.204,1.206,1,40,muscat2,230710,0.11,,yes
M100,12:24:06,+15:41:46.1,"g, i, r, z",1.025,1.031,1,536,muscat2,230402,1.78,,yes
M101,14:04:02,+54:14:51,"g, i, r, z",1.73,1.837,1,128,muscat2,200728,1.07,,yes
M102,15:07:19,+55:40:58,"g, i, r, z",1.168,1.177,1,52,muscat2,230623,0.54,,yes
M105,10:49:15,+12:26:49,"g, i, r, z",1.285,1.346,1,72,muscat2,240413,1.0,,yes
M109,11:58:52,+53:14:41,"g, i, r, z",1.11,1.117,1,72,muscat2,240418,1.0,,yes
m12,16:48:30,-1:58:08,"g, i, r, z",1.178,1.257,1,312,muscat2,230710,0.49,,yes
M13,16:42:33,+36:25:00.1,"g, i, r, z",1.013,1.113,2,730,muscat2,"230401, 230403",6.03,,yes
M15,,,"g, i, r, z",,,1,105,muscat2,170824,0.15,,yes
M16,18:20:25,-13:46:12,"g, i, r, z",1.499,1.613,1,119,muscat2,230623,0.62,,yes
M16A,18:20:23,-13:46:12,"g, i, r, z",1.482,1.491,1,28,muscat2,230623,0.17,,yes
M20A,18:03:55,-23:02:01,"g, i, r, z",1.598,1.6,1,75,muscat2,230623,0.72,,yes
M20B,18:04:10,-22:58:13,"g, i, r, z",1.68,1.727,1,162,muscat2,230623,0.94,,yes
M26,,,"g, i, r, z",,,1,100,muscat2,170827,0.28,,yes
M27,20:00:33,+22:47:26,"g, i, r, z",1.401,1.71,1,264,muscat2,260401,0.22,,yes
M3,13:41:42.11,+28:24:27.4,"g, r, z",1.0,1.01591,2,338,"muscat, muscat2","190326, 220407",2.36,,yes
M31,00:43:48.59,41:24:45.36,"g, i, r, z",1.162,1.179,1,60,muscat2,260723,0.33,,yes
M31N200812a,00:45:30.52,+41:57:16.2,"g, r, z",1.01006,2.00427,2,420,muscat,"180102, 180103",3.5,,yes
M34,02:41:48.58,+42:43:31.7,"g, r, z",1.11562,1.83361,2,2487,muscat,"160730, 160731",2.76,,yes
M34_defocus,02:42:13.97,+42:46:39.5,"g, r, z",1.01064,1.02049,1,968,muscat,201126,1.34,,yes
M34_diffB,02:42:14.70,+42:46:39.5,"g, r, z",1.01066,1.01942,1,897,muscat,201126,1.25,,yes
M3_AG,13:41:44.80,+28:24:28.1,g,1.00675,1.00935,1,60,muscat,190326,0.17,,yes
M49,12:31:04,+7:52:42,"g, i, r, z",1.101,1.12,1,72,muscat2,240414,1.0,,yes
M51,13:30:58,+47:03:52,"g, i, r, z",1.061,1.251,3,1516,muscat2,"230403, 240418, 260402",4.22,,yes
M51b,13:30:51,+47:06:32,"g, i, r, z",1.137,1.138,1,40,muscat2,260402,0.06,,yes
M53,17:25:24,+28:17:43.1,"g, r, z",1.0,1.0,1,294,muscat2,220407,2.45,,yes
M56,,,"g, i, r, z",,,1,108,muscat2,170824,0.3,,yes
M57,18:53:30.79,+33:02:04.7,"g, i, r, z",1.0,1.12794,3,394,"muscat, muscat2","170829, 170921, 260401",1.09,,yes
M61,12:23:21,+4:20:15,"g, i, r, z",1.103,1.192,2,307,muscat2,"210504, 240418",3.64,,yes
M63,13:16:54,+41:54:17,"g, i, r, z",1.218,1.323,3,195,muscat2,"230623, 240418, 260330",2.06,,yes
M64,12:58:03,+21:33:53,"g, i, r, z",1.117,1.254,2,179,muscat2,"230623, 240414",1.28,,yes
M66,11:21:39,+12:51:06,"g, i, r, z",1.096,1.121,1,72,muscat2,240413,1.0,,yes
M67,08:51:19.8069,+11:48:26.326,"g, i, r, z",1.0819,1.3129612,3,302,muscat3,"210317, 210319, 210320",1.39,,yes
M87,12:31:12,+12:13:37,"g, i, r, z",1.155,1.191,1,72,muscat2,240414,1.0,,yes
m97,11:16:12,+54:54:07.1,"g, i, r, z",1.118,1.134,1,1365,muscat2,230402,4.53,,yes
Markarian231,12:57:31,+56:42:58,"g, i, r, z",1.36,1.366,1,20,muscat2,260330,0.17,,yes
MASCARA-1b_SE,21:11:08,+10:50:47,"g, i, r, z",1.013,1.39,1,8112,muscat2,200817,6.76,,yes
MASCARA-2b,19:39:21,+31:15:51,"i, r, z",1.001,1.341,1,7482,muscat2,190621,6.93,,yes
maxi1820,17:25:24,+28:17:43.1,"g, r, z",1.0,1.0,2,2830,muscat2,"220406, 220407",11.94,,yes
MAXI_J1807_132,18:09:04,+13:15:50,"g, r, z",1.187,2.218,1,105,muscat2,190925,1.62,,yes
MUSSES2020,02:28:23.04,-04:07:26.8,"g, r, z",1.28382,1.28712,1,18,muscat,210110,0.3,,yes
MUSSES2020A,02:31:56.81,-04:44:35.4,"g, r, z",1.29079,1.40438,3,36,muscat,"210110, 210113, 210116",0.6,,yes
MUSSES2020C,02:35:18.84,-03:47:59.4,"g, r, z",1.2799,1.42208,3,90,muscat,"210110, 210113, 210116",1.5,,yes
MUSSES2020D,02:30:09.64,-02:05:10.2,"g, r, z",1.24657,1.34441,3,90,muscat,"210110, 210113, 210116",1.5,,yes
MUSSES2020F,02:32:32.56,-05:15:02.7,"g, r, z",1.29999,1.44916,6,270,muscat,"210110, 210112, 210113, 210114, 210115, 210116",4.5,,yes
MUSSES2020G,02:28:21.23,-04:07:38.3,"g, r, z",1.27951,1.37565,6,264,muscat,"210110, 210112, 210113, 210114, 210115, 210116",4.4,,yes
MUSSES2020L,02:27:37.08,-01:01:43.6,"g, r, z",1.25136,1.43324,3,90,muscat,"210110, 210113, 210116",1.5,,yes
MUSSES2022A,02:34:56.8714,-05:52:31.122,"g, i, r, z",1.1352538,1.6297165,5,40,muscat3,"221030, 221031, 221113, 221125, 221212",1.8,,yes
MUSSES2022D,07:44:26.4010,+44:17:10.103,"g, i, r, z",1.0915455,1.4732047,4,25,muscat3,"221027, 221030, 221101, 221126",1.28,,yes
MUSSES2022G,02:27:08.5060,-05:57:46.910,"g, i, r, z",1.3901117,1.518232,2,16,muscat3,"221101, 221113",0.6,,yes
MUSSES2022M,02:29:53.9065,-02:45:53.873,"g, i, r, z",1.1225118,1.3110462,2,16,muscat3,"221101, 221113",0.6,,yes
MUSSES2022S,02:20:10.034,-04:05:35.60,"g, i, r, z",1.1005485,1.3571923,7,108,muscat3,"221030, 221031, 221101, 221112, 221125, 221208, 221212",2.86,,yes
MUSSES2022T,02:28:46.0148,-04:38:43.549,"g, i, r, z",1.105462,1.5138739,10,96,muscat3,"221030, 221031, 221101, 221111, 221113, 221125, 221126, 221201, 221208, 221212",4.13,,yes
MUSSES2022Z,07:49:10.9228,+41:12:06.158,"g, i, r, z",1.0889032,1.0919726,1,8,muscat3,221125,0.33,,yes
N00gq8p,0:25:47,-0:37:22,"g, i, r, z",1.341,1.377,1,76,muscat2,200624,0.63,,yes
NEA,8:36:40,+38:34:22,"g, i, r, z",1.016,1.122,1,700,muscat2,260115,9.33,,yes
Neptune,23:53:26,-2:02:56,"g, i, r, z",1.323,1.335,1,142,muscat2,230623,0.11,,yes
NGC2392,7:30:47,+20:51:49,"g, i, r, z",1.026,1.034,1,400,muscat2,260401,0.1,,yes
NGC246,,,"g, i, r, z",,,1,267,muscat2,170824,0.43,,yes
NGC3164_star,10:18:45,+55:50:11,"g, i, r, z",1.177,1.177,1,16,muscat2,260504,0.01,,yes
NGC3164_star10,10:18:48,+55:49:57,"g, i, r, z",1.183,1.217,1,260,muscat2,260504,0.14,,yes
NGC3164_star15,10:18:50,+55:50:14,"g, i, r, z",1.224,1.232,1,56,muscat2,260504,0.03,,yes
NGC3164_star20,10:17:06,+56:32:20,"g, i, r, z",1.24,1.304,1,96,muscat2,260504,0.38,,yes
ngc3344,10:44:42,+24:48:28.1,"g, i, r, z",1.075,1.084,1,44,muscat2,230117,0.31,,yes
NGC3628,11:21:43,+13:26:11,"g, i, r, z",1.047,1.048,1,4,muscat2,260328,0.02,,yes
NGC3786,11:40:55,+31:46:22.1,"g, i, r, z",1.089,1.098,1,37,muscat2,230406,0.24,,yes
NGC3921,11:52:18,+54:57:10,"g, i, r, z",1.119,1.124,1,146,muscat2,240413,1.69,,yes
NGC4151,12:12:00,+39:14:55,"g, i, r, z",1.783,1.786,1,20,muscat2,260330,0.03,,yes
NGC4314,11:58:40,+53:14:17,"g, i, r, z",1.204,1.231,1,72,muscat2,240414,1.0,,yes
NGC4676,12:47:29,+30:36:00,"g, i, r, z",1.004,1.004,1,20,muscat2,260330,0.17,,yes
NGC5005,13:12:13,+36:55:04,"g, i, r, z",1.136,1.14,1,20,muscat2,260330,0.17,,yes
NGC5347,15:34:21,+31:15:31,"g, i, r, z",1.029,1.029,1,4,muscat2,260422,0.07,,yes
NGC5466,14:06:34,+28:25:41.1,"g, i, r, z",1.0,1.146,1,606,muscat2,230401,5.95,,yes
NGC5486-UDG1-01,17:25:24,+28:17:43.1,"g, r, z",1.0,1.0,1,60,muscat2,220327,0.75,,yes
NGC5486-UDG1-02,17:25:24,+28:17:43.1,"g, r, z",1.0,1.0,1,81,muscat2,220327,0.68,,yes
NGC5846_UDG1_01,17:25:24,+28:17:43.1,"g, r, z",1.0,1.0,1,60,muscat2,220329,0.5,,yes
NGC5846_UDG1_010,17:25:24,+28:17:43.1,"g, r, z",1.0,1.0,1,90,muscat2,220329,0.75,,yes
NGC5846_UDG1_011,17:25:24,+28:17:43.1,"g, r, z",1.0,1.0,1,90,muscat2,220329,0.75,,yes
NGC5846_UDG1_012,17:25:24,+28:17:43.1,"g, r, z",1.0,1.0,1,90,muscat2,220329,0.75,,yes
NGC5846_UDG1_013,17:25:24,+28:17:43.1,"g, r, z",1.0,1.0,1,90,muscat2,220329,0.75,,yes
NGC5846_UDG1_02,17:25:24,+28:17:43.1,"g, r, z",1.0,1.0,1,90,muscat2,220329,0.75,,yes
NGC5846_UDG1_03,17:25:24,+28:17:43.1,"g, r, z",1.0,1.0,1,90,muscat2,220329,0.75,,yes
NGC5846_UDG1_04,17:25:24,+28:17:43.1,"g, r, z",1.0,1.0,1,90,muscat2,220329,0.75,,yes
NGC5846_UDG1_05,17:25:24,+28:17:43.1,"g, r, z",1.0,1.0,1,90,muscat2,220329,0.75,,yes
NGC5846_UDG1_06,17:25:24,+28:17:43.1,"g, r, z",1.0,1.0,1,60,muscat2,220329,0.5,,yes
NGC5846_UDG1_07,17:25:24,+28:17:43.1,"g, r, z",1.0,1.0,1,84,muscat2,220329,0.7,,yes
NGC5846_UDG1_08,17:25:24,+28:17:43.1,"g, r, z",1.0,1.0,1,90,muscat2,220329,0.75,,yes
NGC5846_UDG1_09,17:25:24,+28:17:43.1,"g, r, z",1.0,1.0,1,90,muscat2,220329,0.75,,yes
NGC5846_UDG_1,17:25:24,+28:17:43.1,"g, r, z",1.0,1.0,2,270,muscat2,"220330, 220331",2.25,,yes
NGC5846_UDG_10,17:25:24,+28:17:43.1,"g, r, z",1.0,1.0,2,180,muscat2,"220330, 220331",1.5,,yes
NGC5846_UDG_11,17:25:24,+28:17:43.1,"g, r, z",1.0,1.0,2,180,muscat2,"220330, 220331",1.5,,yes
NGC5846_UDG_12,17:25:24,+28:17:43.1,"g, r, z",1.0,1.0,2,180,muscat2,"220330, 220331",1.5,,yes
NGC5846_UDG_13,17:25:24,+28:17:43.1,"g, r, z",1.0,1.0,2,180,muscat2,"220330, 220331",1.5,,yes
NGC5846_UDG_14,17:25:24,+28:17:43.1,"g, r, z",1.0,1.0,2,180,muscat2,"220330, 220331",1.5,,yes
NGC5846_UDG_15,17:25:24,+28:17:43.1,"g, r, z",1.0,1.0,1,36,muscat2,220331,0.3,,yes
NGC5846_UDG_2,17:25:24,+28:17:43.1,"g, r, z",1.0,1.0,1,90,muscat2,220331,0.75,,yes
NGC5846_UDG_3,17:25:24,+28:17:43.1,"g, r, z",1.0,1.0,2,180,muscat2,"220330, 220331",1.5,,yes
NGC5846_UDG_4,17:25:24,+28:17:43.1,"g, r, z",1.0,1.0,2,180,muscat2,"220330, 220331",1.5,,yes
NGC5846_UDG_42,18:59:37,+28:17:54.1,"g, i, r, z",1.0,1.0,1,120,muscat2,220427,1.0,,yes
NGC5846_UDG_43,18:59:37,+28:17:54.1,"g, i, r, z",1.0,1.0,1,120,muscat2,220427,1.0,,yes
NGC5846_UDG_44,18:59:37,+28:17:54.1,"g, i, r, z",1.0,1.0,1,120,muscat2,220427,1.0,,yes
NGC5846_UDG_45,18:59:37,+28:17:54.1,"g, i, r, z",1.0,1.0,1,120,muscat2,220427,1.0,,yes
NGC5846_UDG_46,18:59:37,+28:17:54.1,"g, i, r, z",1.0,1.0,1,120,muscat2,220427,1.0,,yes
NGC5846_UDG_47,18:59:37,+28:17:54.1,"g, i, r, z",1.0,1.0,1,120,muscat2,220427,1.0,,yes
NGC5846_UDG_48,18:59:37,+28:17:54.1,"g, i, r, z",1.0,1.0,1,120,muscat2,220427,1.0,,yes
NGC5846_UDG_49,18:59:37,+28:17:54.1,"g, i, r, z",1.0,1.0,1,120,muscat2,220427,1.0,,yes
NGC5846_UDG_5,17:25:24,+28:17:43.1,"g, r, z",1.0,1.0,2,180,muscat2,"220330, 220331",1.5,,yes
NGC5846_UDG_50,18:59:37,+28:17:54.1,"g, i, r, z",1.0,1.0,1,120,muscat2,220427,1.0,,yes
NGC5846_UDG_51,18:59:37,+28:17:54.1,"g, i, r, z",1.0,1.0,1,120,muscat2,220427,1.0,,yes
NGC5846_UDG_52,18:59:37,+28:17:54.1,"g, i, r, z",1.0,1.0,1,120,muscat2,220427,1.0,,yes
NGC5846_UDG_53,18:59:37,+28:17:54.1,"g, i, r, z",1.0,1.0,1,120,muscat2,220427,1.0,,yes
NGC5846_UDG_54,18:59:37,+28:17:54.1,"g, i, r, z",1.0,1.0,1,120,muscat2,220427,1.0,,yes
NGC5846_UDG_55,18:59:37,+28:17:54.1,"g, i, r, z",1.0,1.0,1,120,muscat2,220428,1.0,,yes
NGC5846_UDG_56,18:59:37,+28:17:54.1,"g, i, r, z",1.0,1.0,1,120,muscat2,220428,1.0,,yes
NGC5846_UDG_57,18:59:37,+28:17:54.1,"g, i, r, z",1.0,1.0,1,120,muscat2,220428,1.0,,yes
NGC5846_UDG_58,18:59:37,+28:17:54.1,"g, i, r, z",1.0,1.0,1,120,muscat2,220428,1.0,,yes
NGC5846_UDG_59,18:59:37,+28:17:54.1,"g, i, r, z",1.0,1.0,1,120,muscat2,220428,1.0,,yes
NGC5846_UDG_6,17:25:24,+28:17:43.1,"g, r, z",1.0,1.0,2,180,muscat2,"220330, 220331",1.5,,yes
NGC5846_UDG_60,18:59:37,+28:17:54.1,"g, i, r, z",1.0,1.0,1,76,muscat2,220428,0.63,,yes
NGC5846_UDG_61,18:59:37,+28:17:54.1,"g, i, r, z",1.0,1.0,1,120,muscat2,220428,1.0,,yes
NGC5846_UDG_62,18:59:37,+28:17:54.1,"g, i, r, z",1.0,1.0,2,152,muscat2,"220428, 220429",1.27,,yes
NGC5846_UDG_63,18:59:37,+28:17:54.1,"g, i, r, z",1.0,1.0,1,120,muscat2,220429,1.0,,yes
NGC5846_UDG_64,18:59:37,+28:17:54.1,"g, i, r, z",1.0,1.0,1,120,muscat2,220429,1.0,,yes
NGC5846_UDG_65,18:59:37,+28:17:54.1,"g, i, r, z",1.0,1.0,1,120,muscat2,220429,1.0,,yes
NGC5846_UDG_66,18:59:37,+28:17:54.1,"g, i, r, z",1.0,1.0,1,120,muscat2,220429,1.0,,yes
NGC5846_UDG_67,18:59:37,+28:17:54.1,"g, i, r, z",1.0,1.0,1,120,muscat2,220429,1.0,,yes
NGC5846_UDG_68,18:59:37,+28:17:54.1,"g, i, r, z",1.0,1.0,1,120,muscat2,220429,1.0,,yes
NGC5846_UDG_69,18:59:37,+28:17:54.1,"g, i, r, z",1.0,1.0,1,120,muscat2,220429,1.0,,yes
NGC5846_UDG_7,17:25:24,+28:17:43.1,"g, r, z",1.0,1.0,2,180,muscat2,"220330, 220331",1.5,,yes
NGC5846_UDG_70,18:59:37,+28:17:54.1,"g, i, r, z",1.0,1.0,1,120,muscat2,220429,1.0,,yes
NGC5846_UDG_71,18:59:37,+28:17:54.1,"g, i, r, z",1.0,1.0,1,120,muscat2,220429,1.0,,yes
NGC5846_UDG_72,18:59:37,+28:17:54.1,"g, i, r, z",1.0,1.0,1,120,muscat2,220429,1.0,,yes
NGC5846_UDG_73,18:59:37,+28:17:54.1,"g, i, r, z",1.0,1.0,1,124,muscat2,220429,1.03,,yes
NGC5846_UDG_74,18:59:37,+28:17:54.1,"g, i, r, z",1.0,1.0,1,120,muscat2,220429,1.0,,yes
NGC5846_UDG_8,17:25:24,+28:17:43.1,"g, r, z",1.0,1.0,2,180,muscat2,"220330, 220331",1.5,,yes
NGC5846_UDG_9,17:25:24,+28:17:43.1,"g, r, z",1.0,1.0,2,180,muscat2,"220330, 220331",1.5,,yes
NGC6052,16:06:15,+20:29:20.1,"g, i, r",1.071,1.237,1,369,muscat2,230403,2.41,,yes
NGC6755,19:07:48.00,+04:14:00.0,"g, r, z",1.7793,1.83316,1,90,muscat,150304,0.25,,yes
NGC6885,20:12:40,+26:32:28,"g, i, r, z",1.169,1.188,1,36,muscat2,170829,0.05,,yes
NGC7000_H,21:01:24,+43:59:10,"g, i, r, z",1.039,1.039,1,92,muscat2,230623,0.91,,yes
NGC7000_H2,21:00:51,+43:41:22,"g, i, r, z",1.041,1.044,1,39,muscat2,230623,0.48,,yes
NGCA,8:00:06,-31:12:04.1,g,1.0,1.995,1,22,muscat2,210308,0.18,,yes
NOISE,08:44:21.65,+01:52:56.1,"g, r, z",1.80194,1.80194,1,3,muscat,200227,0.01,,yes
NVSS,5:36:00,+28:18:32.1,"g, i, r, z",1.0,1.36,2,610,muscat2,"201118, 201130",5.24,,yes
NVSSJ0658+0637,,,"g, i, r, z",1.224,1.274,1,106,muscat2,201121,1.04,,yes
NVSSJ06584,,,"g, i, r, z",1.167,1.507,1,441,muscat2,201207,5.9,,yes
NVSSJ065844,,,"g, i, r, z",1.077,1.591,2,838,muscat2,"201122, 201128",9.77,,yes
NVSSJ065844+063711,06:58:43.76,+06:37:57.4,"g, i, r, z",1.094,1.723,3,1569,"muscat, muscat2","201123, 201206, 201209",17.34,,yes
oj248,8:32:10,+24:06:25.1,"g, i, r, z",1.003,1.567,3,1528,muscat2,"230116, 230117, 230119",12.73,,yes
oj287,8:56:07,+20:01:19.1,"g, i, r, z",1.011,1.726,3,2192,muscat2,"230115, 230118, 230119",25.77,,yes
ON231,12:22:55,+28:05:01,"g, i, r, z",1.002,1.099,1,568,muscat2,260309,5.52,,yes
P2019LD2,21:23:08,-5:00:37,"g, i, r, z",1.271,1.356,1,240,muscat2,200526,2.0,,yes
PDS-110,05:23:31.83,-01:05:20.0,"g, r, z",1.40171,1.45695,1,253,muscat,170921,0.44,,yes
PDS110,5:24:27,-1:03:39,"g, i, r, z",1.407,1.779,3,1348,muscat2,"170828, 170829, 170830",3.61,,yes
pepe,17:25:24,+28:17:43.1,"g, r, z",1.0,1.0,1,3,muscat2,220405,0.0,,yes
PG1633,16:36:43,+9:45:14,"g, i, r, z",1.073,1.113,2,24,muscat2,"230524, 230726",0.09,,yes
pg1633,16:36:44,+9:44:57,"g, i, r, z",1.068,1.068,1,4,muscat2,230710,0.01,,yes
PiGS-1,6:31:37,+16:02:38,"g, i, r, z",1.023,1.036,1,2143,muscat2,200213,2.04,,yes
pinwheel,14:03:44,+54:13:52.1,"g, i, r, z",1.251,1.261,1,40,muscat2,230117,0.33,,yes
pks0735,7:39:21,+17:39:30.1,"g, i, r, z",1.017,1.638,3,1780,muscat2,"230115, 230116, 230117",17.47,,yes
Pleiades,3:48:04,+24:10:45,"g, i, r, z",1.058,1.189,2,1024,muscat2,"170827, 170828",2.84,,yes
PRUEBAS_FOVIA,21:45:06,+28:50:23.1,"g, i, r, z",1.09,1.125,1,824,muscat2,201119,0.02,,yes
PSR_J1023+0038,10:24:48,+0:33:23,"g, i, r, z",1.191,1.589,1,1908,muscat2,180224,5.3,,yes
Qatar-1,20:13:41.32,+65:11:32.8,"g, r, z",1.36884,1.66623,1,271,muscat,150424,4.52,,yes
Qatar-4b,0:20:49,+44:10:51,"g, i, r, z",1.039,1.232,2,2402,muscat2,"201206, 251128",22.51,,yes
qatar1,20:13:44.21,+65:13:44.9,"g, r, z",1.18408,1.35723,1,428,muscat,161012,6.13,,yes
Qatar2,10:19:50.00,-09:45:55.4,"r, z",1.40021,1.54897,1,1202,muscat,190224,5.14,,yes
QSOJ1719+4804,17:20:20,+48:02:19,"g, i, z",1.094,1.099,1,33,muscat2,240414,0.28,,yes
REGULUS,10:09:30,+11:52:12.1,z,1.042,1.717,1,3971,muscat2,220210,5.52,,yes
RRLeo,17:25:24,+28:17:43.1,"g, r, z",1.0,1.0,1,9870,muscat2,220408,2.74,,yes
RSBoo,17:25:24,+28:17:43.1,"g, r, z",1.0,1.0,1,156,muscat2,220409,0.04,,yes
Russell1762,12:40:33,-3:42:45,"g, i, r, z",1.179,1.808,1,532,muscat2,240121,13.3,,yes
SA107-614,15:39:45.18,-00:11:30.7,"g, r, z",1.22086,1.65438,2,54,muscat,"160626, 160630",0.3,,yes
SCom,17:25:24,+28:17:43.1,"g, r, z",1.0,1.0,1,4098,muscat2,220409,3.42,,yes
SDSS-0052,11:01:56,+52:04:11.1,"g, i, r, z",1.127,1.932,4,7387,muscat2,"200529, 200530, 200531, 201229",40.1,,yes
SDSS_18h_16deg,18:29:09.9085,+16:07:35.143,"g, i, r, z",1.132591,1.2181434,1,80,muscat3,210324,1.33,,yes
SDSSJ1240,12:42:04,-2:03:50,"g, i, r, z",1.159,1.538,2,900,muscat2,"200513, 200515",7.5,,yes
SDSSJ12440,12:42:03,-2:04:02,"g, i, r, z",1.182,1.184,1,20,muscat2,200515,0.17,,yes
self_guid,12:06:28,+3:04:08,"g, i, r, z",1.185,1.259,1,1120,muscat2,260422,1.56,,yes
SN2023ixf,14:04:25,+54:12:15,"g, i, r, z",1.004,1.221,5,12485,muscat2,"230521, 230523, 230524, 230527, 230529",30.97,,yes
SP2049+3336,20:50:37,+33:42:56,"g, i, r, z",1.004,1.745,1,1839,muscat2,230812,23.05,,yes
SP3,20:49:28.0067,+33:36:50.372,"g, i, r, z",1.0262358,2.0112274,1,1456,muscat3,230902,16.51,,yes
SP4,14:28:27.8946,+33:10:55.209,"g, i, r, z",1.2804288,1.3144482,1,36,muscat3,250728,0.6,,yes
StephanQuintet,22:36:53,+34:04:42.1,"g, i, r, z",1.005,1.93,1,6688,muscat2,220907,26.9,,yes
Stripe82,03:01:38.1401,-00:21:18.886,"Na_D, g_narrow, g, i_narrow, i, r, z_narrow, z",1.173032,1.4571758,4,436,"muscat3, muscat4, sinistro","231021, 231106, 240123, 240130",7.27,,yes
STVir,,,"g, i, r, z",1.223,1.352,1,1823,muscat2,220611,2.53,,yes
sunflower,13:16:40,+41:54:10.1,"g, i, r, z",1.063,1.068,1,40,muscat2,230117,0.33,,yes
Swift J1913.1+1946,19:13:02.9895,+19:46:25.284,"g, i, r, z",1.1036119,2.0235427,7,154,muscat3,"221019, 221023, 221027, 221029, 221031, 221101, 221126",12.13,,yes
SWIFT_1222885,15:58:31,+23:32:17,"g, i, r, z",1.369,1.461,1,85,muscat2,240418,0.73,,yes
SwiftJ1753.5-0127,17:54:53,-1:27:00,"g, i, r, z",1.425,1.712,11,520,muscat2,"231007, 231012, 231013, 231014, 231020, 231024, 231025, 231027, 231029, 231030, 231031",6.29,,yes
SYSex,10:24:53,+0:33:40,"g, i, r, z",1.129,1.632,1,2003,muscat2,200328,13.42,,yes
T*OI01858.01,13:18:23,+22:45:33,"g, i, r, z",1.009,1.009,1,5,muscat2,200610,0.06,,yes
T0I00663.02,,,"g, i, r, z",1.25,1.49,1,1471,muscat2,230420,12.1,,yes
T0I03754.01,3:09:33,+62:29:13,"g, i, r, z",1.208,1.487,1,3159,muscat2,251202,19.23,,yes
T_Leo,,,"g, i, r, z",1.103,1.379,1,1300,muscat2,230401,11.13,,yes
TAMPERE,8:32:03,+18:49:33,"g, i, r, z",1.014,1.518,1,404,muscat2,240114,12.07,,yes
Tampere,13:26:42,-10:10:34,"g, i, r, z",1.276,1.338,1,826,muscat2,250115,3.63,,yes
TCP J16271026-1030020,16:27:11.3051,-10:29:57.953,"g, i, r, z",1.1695036,1.2706208,1,1704,muscat3,250727,4.73,,yes
TCPJ05+24,05:07:45.76,+24:52:08.7,"g, r, z",1.01444,2.74476,12,14676,muscat,"171102, 171103, 171104, 171207, 171208, 171209, 171210, 171222, 171223, 171225, 180102, 180103",105.44,,yes
TCPJ0837+0134,08:37:47.33,+01:33:55.7,"g, r, z",1.19365,1.83779,2,2523,muscat,"250407, 250408",14.02,,yes
TCPJ1411,21:04:15.85,+46:35:14.9,"g, r, z",1.73496,1.85329,1,90,muscat,200325,0.75,,yes
TCPJ15030519+2202041,15:04:22,+21:55:56,"g, i, r, z",1.0002297,1.283,9,6567,"muscat2, muscat3","260520, 260521, 260522, 260523, 260524, 260525, 260527, 260528, 260529",50.3,,yes
Teegarden,2:54:23,+16:57:04.1,"g, i, r, z",1.02,1.67,2,11752,muscat2,"201108, 201121",28.23,,yes
tes,9:40:40,+25:16:04,"g, i, r, z",1.005,1.148,1,857,muscat2,240413,0.48,,yes
TESS,18:58:06,+53:32:12,"g, i, r, z",1.0,1.935,3,3444,muscat2,"240505, 240830, 250707",14.35,,yes
TESS-WD_1856,18:58:10,+53:33:38.1,"g, i, r, z",1.106,1.666,2,3472,muscat2,"220615, 221027",14.47,,yes
TESS_,18:58:17,+53:32:46,"g, i, r, z",1.312,1.312,1,4,muscat2,231114,0.02,,yes
TESS_WD_1856,18:58:12,+53:32:37,"g, i, r, z",1.0,2.244,16,21724,muscat2,"201015, 220414, 220421, 220522, 220601, 220909, 221010, 230612, 230616, 230706, 230710, 231114, 240130, 240318, 240619, 240830",94.31,,yes
TESSWD1856,18:57:39.81,+53:32:12.4,"g, z",1.261,1.279,1,62,muscat,210728,0.26,,yes
TESSWD_1865,18:58:11,+53:33:15,"g, i, r, z",1.129,1.35,1,1867,muscat2,241007,7.83,,yes
TIC 146413471.01 (TOI 6454.01),08:15:50.204,-29:55:55.13,i,1.0673187,1.1247181,1,46,sinistro,250301,0.18,,yes
TIC 153735144,08:04:38.7672,-28:17:42.063,"r, z",1.0025036,1.9380383,2,1077,sinistro,"201127, 210126",4.49,,yes
TIC 181804752.02 (TOI 736.02),11:02:44.9758,-16:24:26.659,"g, i, r, z",1.2551868,1.5064937,1,358,muscat3,210110,10.04,,yes
TIC 212957629.01 (TOI 2406.01),00:35:12.3422,-03:22:22.197,"g, i, r, z",1.0940874,2.0250157,1,560,muscat3,210811,19.5,,yes
TIC 366302410.01 (TOI 6986.01),05:03:30.3856,+35:11:18.649,"g, i, r, z",1.0329047,1.2080747,1,678,muscat3,241227,11.3,,yes
TIC 389900760.01 (TOI 2120.01),01:34:00.986,+65:30:53.67,"g, i, r, z",1.472345,2.2843002,2,1366,muscat3,"210115, 210731",19.97,,yes
TIC 393911494.01 (TOI 2106.01),13:48:42.868,+44:54:43.31,"g, i, r, z",1.1034312,1.248168,1,2950,muscat3,210513,2.68,,yes
TIC 460950389.01 (TOI 6715.01),10:37:02.1390,-64:45:30.490,"g, i",1.1907859,1.608148,4,500,sinistro,"240329, 240417, 240423, 240513",6.87,schwarz (SG1),yes
TIC 89071445,15:31:48.4270,-34:16:18.302,"g, z",1.0026787,1.8422246,5,2823,sinistro,"250224, 250423, 250806, 250908, 250911",14.91,,yes
TIC2624008,,,"g, i, r, z",1.109,1.67,1,2345,muscat2,201213,22.71,,yes
TIC262400835,05:13:57.83,+02:38:03.1,"g, i, r, z",1.075,2.315,2,4026,"muscat, muscat2","201215, 201216",47.11,,yes
TIC288798160,07:38:43.6915,-17:42:46.270,"g, i, r, z",1.3681424,2.3199882,1,2637,muscat3,221111,5.08,,yes
TIC339538182,6:15:45,+63:40:06,"g, i, r, z",1.226,1.459,1,4532,muscat2,240214,12.59,,yes
TIC362223355,19:06:54.8286,+81:39:44.494,r,1.5873523,1.8076711,2,960,sinistro,"260730, 260731",7.98,,yes
TIC399868187,4:58:26,+10:28:49,"g, i, r, z",1.05,1.63904,2,19623,"muscat, muscat2","191104, 191111",21.61,,yes
TIC434398831,06:16:01.4640,+15:59:27.038,"r, z",1.3575371,1.9720349,2,471,sinistro,"241128, 250130",2.63,,yes
TIC434398831c,6:17:35,+16:02:45,"g, i, r, z",1.023,1.827,3,6501,"muscat, muscat2","241211, 251118, 251130",31.0,,yes
TIC43498831b,6:17:26,+16:02:02,"g, i, r, z",1.023,1.798,1,8528,muscat2,251201,23.69,,yes
TIC466376085,21:47:10.6706,+06:33:00.131,"Na_D, g, g_narrow, i, i_narrow, r, z_narrow, z",1.075,1.907,4,28402,"muscat2, muscat3","241001, 241005, 250706, 250715",23.4,,yes
TIC752945611,07:05:51.8960,-08:35:11.092,i,1.0749406,1.5909911,1,416,sinistro,221227,5.2,,yes
TIC88297141,17:27:09.1164,-25:58:05.210,"g, i, r, z",1.0026575,2.0064115,4,698,"muscat3, muscat4, sinistro","260507, 260509, 260610, 260624",10.86,,yes
TIC89071445,15:31:49.1809,-34:16:11.514,"g, i, r, z",1.0005943,2.3500608,13,18391,"muscat3, muscat4, sinistro","250523, 250615, 250621, 250711, 250713, 250714, 250716, 250717, 250718, 250719, 250724, 250728, 250823",48.68,,yes
Tic89071445,15:31:46.7979,-34:16:10.651,"g, i, r, z",1.005364,1.0061766,1,40,muscat4,250615,0.11,,yes
TIC98831b,06:15:58.53,+16:01:23.6,"g, r, z",1.12437,1.91276,1,1686,muscat,250326,7.03,,yes
tim,10:57:56,+6:08:22,"g, i, r, z",1.09,1.619,1,576,muscat2,260120,9.6,,yes
TO04576.01,18:22:06,+16:28:09,"g, i, r, z",1.082,1.086,1,76,muscat2,230706,0.15,,yes
TOI 1410,22:19:32.8538,+42:33:38.793,"g, i, r, z",1.1034061,1.7442797,1,2556,muscat3,230619,8.74,,yes
TOI 2123,16:15:38.8927,+17:04:10.482,"g, i, r, z",1.0020722,1.7048602,3,5006,"muscat3, sinistro","210626, 210728, 230519",15.49,,yes
TOI 3353,07:06:05.4795,-75:49:03.238,"Y, g, i, r, z",1.3837832,1.9908205,7,2199,"muscat4, sinistro","211018, 211231, 221212, 221213, 221231, 230111, 231106",3.08,,yes
TOI 3958,23:18:45.0123,+63:15:06.708,r,1.1911828,1.1918567,1,6,sinistro,221212,0.03,,yes
TOI 5659,18:53:15.4740,+59:49:12.941,"g, i, r, z",1.3119395,1.3225231,2,48,muscat3,"230714, 230716",1.1,,yes
TOI 5956,18:53:15.5350,+59:49:08.913,"g, i, r, z",1.2994649,1.7079224,1,746,muscat3,230720,10.71,,yes
TOI-00736,11:04:03,-16:30:57.1,"g, i, r, z",1.408,1.637,1,1349,muscat2,230212,9.53,,yes
TOI-05486.01,,,"g, i, r, z",1.099,1.29,1,1158,muscat2,230212,11.57,,yes
TOI-1136,12:49:33,+64:46:36.1,"g, i, r, z",1.255,1.6765869,3,10311,"muscat2, sinistro","201226, 230120, 230218",16.01,,yes
toi-1227,12:27:04.080,-72:27:06.78,i,1.3536714,1.705298,1,110,sinistro,250316,6.11,,yes
TOI-1252,17:46:43.7623,+70:47:00.994,"g, i, r, z",1.5558895,1.8422726,3,8464,muscat3,"260613, 260702, 260703",24.07,,yes
TOI-1266,13:11:58.883,+65:50:01.90,"g, i, r, z",1.2207341,2.341176,9,9820,"muscat3, sinistro","210417, 210512, 220125, 220227, 220309, 220321, 220523, 220525, 230622",37.93,,yes
TOI-1266b,13:12:31.35,+65:52:53.7,"g, r, z",1.17694,1.857,2,4476,muscat,"210407, 220126",22.3,,yes
TOI-128,05:18:52.2017,-80:58:59.503,V,1.5131442,1.7367406,6,498,sinistro,"240920, 240921, 241001, 241016, 241110, 241115",0.28,,yes
TOI-1408,20:53:58.001,+72:33:04.20,"g, i, r, z",1.3506173,2.3456861,4,8844,"muscat3, sinistro","211013, 221111, 251020, 251109",12.07,,yes
TOI-1410,22:19:31.3461,+42:33:51.881,"Na_D, g_narrow, g, i_narrow, i, r, z_narrow, z",1.0778065,1.812056,15,27186,muscat3,"201015, 230814, 230815, 240716, 240727, 240915, 240920, 240926, 241002, 241024, 241115, 241116, 241213, 260716, 260727",102.18,,yes
TOI-1452,19:21:28.6801,+73:11:48.447,"g, i, r, z",1.6413848,2.2009177,1,5318,muscat3,210907,11.57,,yes
TOI-1470,00:40:05.6853,+61:11:30.587,"g, i, r, z",1.3162672,1.886551,2,4958,muscat3,"211025, 211112",32.62,,yes
TOI-1634,03:45:33.2094,+37:06:59.510,"g, i, r, z",1.0909636,2.1955826,1,2494,muscat3,220203,10.43,,yes
TOI-1683,4:25:16,+27:51:44.1,"g, i, r, z",1.001,1.342,1,3653,muscat2,220911,11.1,,yes
TOI-1685,04:34:38.7092,+43:00:21.937,"g, i, r",1.0809727,1.4577997,1,2166,muscat3,210130,6.96,,yes
TOI-1687,04:26:59.4144,+73:04:46.439,"g, i, r, z",1.6373488,1.9457503,1,3106,muscat3,220126,11.45,,yes
TOI-1730,07:11:47.029,+48:17:08.90,"g, i, r, z",1.0487205,2.2542576,16,34679,"muscat3, sinistro","220309, 220313, 220314, 220403, 221124, 221128, 221129, 240104, 240129, 240222, 240401, 240426, 251018, 251128, 260119, 260224",114.26,,yes
TOI-1730c,7:13:56,+48:18:35,"g, i, r, z",1.02951,2.006,2,6144,"muscat, muscat2","250117, 260126",30.14,,yes
TOI-1730d,7:13:46,+48:17:57,"g, i, r, z",1.02951,2.033,4,15191,"muscat, muscat2","250319, 251113, 251125, 260127",60.72,,yes
TOI-1746,18:47:10.49,54:55:54.12,"g, i, r, z",1.118,1.128,1,3005,muscat2,260723,4.17,,yes
TOI-1749,18:50:33.0629,+64:24:37.591,"g, i, r, z",1.2022258,2.3424984,13,13661,"muscat3, sinistro","200902, 210513, 210531, 210615, 210704, 210716, 210917, 210921, 210926, 211003, 211014, 220531, 220905",91.77,,yes
TOI-1759,21:47:05.2360,+62:45:53.139,"g, i, r, z",1.3478902,1.4952088,1,2678,muscat3,210815,9.61,,yes
TOI-179b_231015 J025710-560913,02:57:09.2083,-56:09:07.255,"g, i, r, z",1.1046751,1.9867488,1,5609,muscat4,231015,10.06,,yes
TOI-1803,11:52:27.1265,+35:08:49.570,"g, i, r, z",1.0619747,2.3102325,1,2109,muscat3,210610,12.35,,yes
TOI-1806,11:04:10.7616,+30:28:40.167,"g, i, r, z",1.1945403,2.3065623,3,4038,muscat3,"230618, 230619, 230620",22.59,,yes
TOI-1835,12:39:29.911,+19:58:41.01,"g, i, r, z",1.0001099,1.3422458,2,6675,muscat3,"220520, 220523",6.86,,yes
TOI-2015,15:29:22,+27:16:35.1,"g, i, r, z",1.0,2.3639,44,28620,"muscat, muscat2","220224, 220225, 220226, 220227, 220311, 220319, 220320, 220322, 220324, 220325, 220326, 220327, 220329, 220331, 220411, 220412, 220413, 220414, 220416, 220419, 220422, 220502, 220503, 220504, 220505, 220506, 220507, 220508, 220521, 220522, 220523, 220525, 220527, 220528, 220531, 220601, 220602, 220604, 220614, 220616, 230426, 230515, 230516, 230530",264.0,,yes
TOI-2074,14:32:24.576,+43:41:50.26,"Na_D, g_narrow, g, i_narrow, i, r, z_narrow, z",1.0902605,1.0933677,2,100,muscat3,"260712, 260713",0.19,,yes
TOI-2076,14:30:24.7691,+39:44:17.277,r,1.019862,1.8208086,3,648,sinistro,"230413, 230514, 250118",1.96,,yes
TOI-2095,19:01:28.3930,+75:21:13.642,"g, i, r, z",1.7263865,2.3502346,5,11882,muscat3,"220726, 230417, 230609, 230616, 230714",78.88,,yes
TOI-2109 b,16:52:46.7121,+16:33:32.697,"g, i, r, z",1.0026703,1.651519,3,5036,muscat3,"230527, 230625, 230629",40.1,,yes
TOI-2109b_SE,,,"g, i, r, z",1.02,1.37,1,4728,muscat2,230420,16.36,,yes
TOI-2120,01:34:11.4835,+65:30:08.445,"g, i, r, z",1.475804,2.0963655,1,1428,muscat3,220127,9.72,,yes
TOI-2134c,18:07:30.22,+39:07:06.1,"g, r, z",1.00315,1.99273,2,7898,muscat,"250407, 250712",23.75,,yes
TOI-2136,18:44:41.8089,+36:33:36.812,"i, z",1.0385883,1.7744972,1,406,sinistro,211008,3.39,,yes
TOI-2285,22:10:02.942,+58:39:11.23,"g, i, r, z",1.1329539,2.0780409,12,22015,"muscat3, sinistro","211022, 220818, 220914, 230711, 240727, 240823, 241107, 250609, 250619, 250708, 250730, 250914",110.82,,yes
TOI-2285b,22:10:47,+58:49:03,"g, i, r, z",1.09674,1.932,3,7132,"muscat, muscat2","250523, 250703, 250827",36.92,,yes
TOI-2290,21:26:42.8358,+68:41:45.617,"g, i, r, z",1.5027428,2.1348769,3,5000,muscat3,"210527, 210602, 210607",29.2,,yes
TOI-233,22:55:01.678,-18:51:19.61,"g, i, r, z",1.0200485,2.2925183,5,7065,"muscat3, sinistro","220831, 220905, 220912, 220919, 221018",39.79,,yes
TOI-240,00:59:03.6394,-44:08:56.511,i,1.021246,1.6709084,3,943,sinistro,"240919, 240920, 241123",2.65,,yes
TOI-2457,4:41:50,-12:49:18.1,"g, i, r, z",1.326,1.945,24,18129,muscat2,"211112, 211212, 220102, 220104, 220111, 220129, 220227, 220914, 221011, 221014, 221015, 221022, 221027, 221028, 221110, 221125, 221205, 221215, 221221, 221223, 230113, 230120, 230212, 230308",57.28,,yes
TOI-2457.01,4:41:43,-12:50:03.1,"g, i, r, z",1.062,1.476,2,527,muscat2,"230123, 230126",2.33,,yes
TOI-263,02:28:24.7885,-25:05:37.352,i,1.0083692,1.9320602,2,171,sinistro,"231130, 240120",4.28,,yes
TOI-263b,02:28:24.6136,-25:04:40.757,"i, z",1.0040865,2.0752771,3,254,sinistro,"221210, 221213, 230112",6.35,,yes
TOI-3091,11:06:17.8924,-56:01:58.415,"g, i, r, z",1.1022992,1.287881,2,5604,muscat4,"250509, 260324",4.82,,yes
TOI-3353,07:06:07.144,-75:49:10.09,"g, i, r, z",1.4027822,1.8750453,4,11339,"muscat4, sinistro","231108, 231109, 231206, 240118",26.06,,yes
TOI-3570,20:21:55.5829,+34:07:35.190,"g, i, r, z",1.028374,1.8822413,2,5146,muscat3,"250708, 250816",14.78,,yes
TOI-3884,12:06:05.8918,+12:30:23.936,"g, i, r, z",1.0106445,2.3125672,27,6299,"muscat3, sinistro","230120, 230416, 230509, 230518, 230605, 240219, 240331, 241216, 241225, 250110, 250123, 250126, 250127, 250128, 250129, 250130, 250328, 250329, 250330, 250331, 250401, 250402, 250403, 250404, 250405, 250406, 250407",49.88,,yes
TOI-3933,23:11:44.97,+56:50:41.0,"g, r, z",1.12102,1.78511,1,2583,muscat,250716,10.76,,yes
TOI-4381,17:32:31.4391,-64:20:50.866,"g, i, r, z",1.1934897,1.4528607,2,3100,"muscat4, sinistro","260703, 260704",12.79,Jan's target; sec eclipse,yes
TOI-451,04:11:51.924,-37:56:22.90,"g, i, r, z",1.0646531,1.9734759,2,5,"muscat3, sinistro","241125, 250123",0.03,,yes
TOI-4643,02:09:01.3926,+04:20:51.512,"g, i, r, z",1.0420667,2.0838397,1,2566,muscat3,221113,12.38,,yes
TOI-4825,08:23:33.9208,-42:04:27.553,"g, z",1.0257226,1.7036833,3,690,sinistro,"250126, 250128, 250130",3.83,,yes
TOI-4883,10:22:55.565,-50:10:38.72,i,1.0509079,1.2279607,1,325,sinistro,250222,7.22,,yes
TOI-5012,16:48:51.1094,-44:10:54.452,"Na_D, g_narrow, i_narrow, z_narrow",1.0260996,1.2191502,2,5577,muscat4,"250824, 260708",18.01,,yes
TOI-5112,07:21:13.3903,+17:35:21.087,"g, i, r, z",1.697536,1.7060909,1,40,muscat4,260128,0.06,,yes
TOI-5169,10:19:39.928,+06:37:35.78,"Na_D, g_narrow, g, i_narrow, z_narrow",1.0413476,1.9065123,3,1918,"muscat3, sinistro","240429, 250316, 250401",11.76,,yes
TOI-5205,20:55:15.4915,+24:21:34.977,"g, i, r, z",1.002,1.827,25,6138,"muscat, muscat2, muscat3, sinistro","250611, 250612, 250613, 250614, 250618, 250620, 250627, 250702, 250705, 250707, 250710, 250711, 250712, 250713, 250714, 250719, 250720, 250723, 250725, 250728, 251019, 251116, 251125, 251203, 260415",54.24,,yes
toi-5205,20:56:34,+24:27:57,"g, i, r, z",1.395,1.564,1,177,muscat2,251127,1.8,,yes
TOI-5205b,20:55:10.94,+24:21:48.1,"g, r, z",1.01579,1.68732,3,4124,muscat,"250710, 250723, 250728",35.18,,yes
TOI-5268,15:15:47.5770,+62:42:10.483,"g, i, r, z",1.4762956,2.3264052,1,884,muscat3,220824,10.06,,yes
TOI-5278,19:43:14.5389,+66:34:19.158,"g, i, r, z",1.4359684,2.2531165,23,20890,muscat3,"220702, 220703, 220705, 220707, 220708, 220728, 220729, 220730, 220929, 221013, 221016, 230630, 230701, 230725, 230816, 230820, 231019, 231020, 231022, 240705, 240715, 250717, 250725",232.78,,yes
TOI-5359,03:36:15.0807,+30:12:30.210,"g, i, r, z",1.1391253,2.3410697,2,1296,muscat3,"220729, 230120",18.89,,yes
TOI-5365.01,2:27:45,+26:12:46,"g, i, r, z",1.001,1.208,1,8228,muscat2,230926,11.43,,yes
TOI-560,08:38:50.3909,-13:16:02.998,"g, i, r, z",1.0445396,1.9886628,41,31451,"muscat3, muscat4, sinistro","220118, 220129, 220130, 220131, 220218, 220226, 220305, 221216, 221217, 221230, 230105, 230123, 230125, 230211, 230219, 230302, 231210, 231223, 240125, 240213, 240220, 240225, 240226, 240401, 240402, 240410, 240423, 241221, 241228, 250109, 250110, 250123, 250128, 250216, 250218, 250307, 250315, 260122, 260123, 260301, 260320",110.77,,yes
TOI-560b,8:39:47,-13:20:10.1,"g, i, r, z",1.337,1.943,4,20992,"muscat, muscat2","220213, 221217, 230304, 260123",43.76,,yes
TOI-560c,8:39:57,-13:19:55,"g, i, r, z",1.337,1.451,1,5616,muscat2,251126,7.8,,yes
TOI-5641,12:03:41.6254,+42:32:22.361,"g, i, r, z",1.1905197,1.6294838,1,607,muscat3,230523,6.59,,yes
TOI-5683,15:26:03.4784,+44:49:38.603,"g, i, r, z",1.1520864,1.5974911,1,688,muscat3,220813,8.21,,yes
TOI-5684,15:34:45.205,-09:20:39.46,"g, i, r, z",1.0691054,1.8897727,16,852,sinistro,"260521, 260525, 260526, 260531, 260601, 260602, 260603, 260604, 260605, 260606, 260607, 260609, 260610, 260611, 260615, 260616",7.05,,yes
TOI-5695,16:08:33.6332,+19:15:04.813,"g, i, r, z",1.0330776,1.509444,1,902,muscat3,220819,8.55,,yes
TOI-5799,20:06:27.3088,+16:02:42.880,"i, r",1.022978,1.7223481,1,1246,sinistro,250924,5.19,,yes
TOI-5956,18:53:16.0967,+59:49:03.677,"g, i, r, z",1.2913205,1.624368,1,747,muscat3,230727,10.73,,yes
TOI-5973,22:50:12.9684,+43:39:40.548,"g, i, r, z",1.01308,1.36775,2,5474,"muscat, muscat3","250703, 250715",13.58,,yes
TOI-6022,22:40:00.4110,+60:49:25.095,"g, i, r, z",1.3090456,1.9877782,2,1878,muscat3,"230702, 230710",21.62,,yes
TOI-6047,05:34:51.3352,+31:04:33.810,z,1.1554024,1.1699612,1,12,sinistro,250102,0.07,,yes
TOI-6109,03:20:29.4797,+42:36:28.590,"g, i, r, z",1.0224484,2.3010679,59,9631,"muscat3, sinistro","251030, 251124, 251216, 260108, 260109, 260110, 260111, 260112, 260113, 260114, 260115, 260116, 260118, 260120, 260122, 260123, 260124, 260125, 260129, 260130, 260131, 260201, 260202, 260203, 260204, 260205, 260206, 260207, 260210, 260211, 260212, 260213, 260214, 260215, 260216, 260217, 260218, 260219, 260220, 260221, 260227, 260228, 260301, 260302, 260303, 260305, 260306, 260308, 260309, 260310, 260311, 260312, 260313, 260314, 260317, 260319, 260320, 260324, 260325",12.32,,yes
TOI-6251,00:15:37.308,+13:35:07.00,"g, i, r, z",1.007535,2.0675955,3,6443,muscat3,"230721, 230820, 230910",23.13,,yes
TOI-6317,1:46:12,+34:22:06,"g, i, r, z",1.006,1.199,1,1806,muscat2,240829,15.25,,yes
TOI-6449,08:23:43.0133,-05:11:20.006,"g, i, r, z",1.113635,1.5292767,1,844,muscat4,240128,9.97,,yes
TOI-654,10:58:58.0145,-05:32:15.398,"g, i, r, z",1.1157515,1.3092213,1,2742,muscat3,210127,11.05,,yes
TOI-6557,15:13:47.515,-45:00:42.12,"Na_D, g_narrow, i_narrow, z_narrow",1.2129374,1.7662683,2,1906,muscat4,"260511, 260512",6.65,,yes
TOI-6583,10:18:47.670,-62:47:34.93,"g, i",1.2793749,1.6756613,1,321,sinistro,250521,2.51,,yes
TOI-663,10:40:13.0760,-08:30:15.097,"g, i, r, z",1.0747696,7.5550849,25,13766,"muscat3, sinistro","210211, 210220, 210306, 210427, 210504, 210511, 220116, 220129, 220207, 220215, 220226, 220301, 220321, 220423, 230313, 230320, 230415, 230418, 241216, 241225, 250108, 250205, 250306, 250426, 260217",116.89,,yes
TOI-663c,10:40:17.95,-08:28:05.8,"g, r, z",1.37101,2.13576,1,1616,muscat,250403,13.21,,yes
TOI-6657,15:13:47.544,-45:00:42.50,"Na_D, g_narrow, i_narrow, z_narrow",1.9614418,1.9853235,1,40,muscat4,260509,0.11,,yes
TOI-6678,18:54:10.4579,-36:39:21.549,"g, r",1.0116985,1.7200125,2,488,sinistro,"240721, 240724",2.63,,yes
TOI-6715,10:36:34.6977,-64:47:54.220,"g, i, r, z",1.2009489,1.6248347,5,10841,"muscat4, sinistro","250411, 250416, 250509, 250512, 250615",37.09,,yes
TOI-6940,07:27:28.909,+11:27:58.28,"g, i, r, z",1.0132796,1.498799,23,1832,"muscat3, sinistro","260301, 260302, 260303, 260304, 260305, 260307, 260308, 260309, 260310, 260311, 260313, 260314, 260316, 260317, 260318, 260319, 260320, 260321, 260322, 260323, 260324, 260329, 260330",9.0,,yes
TOI-6963,04:15:27.0533,+29:10:02.075,i,1.0003209,1.1711043,1,159,sinistro,251019,2.65,,yes
TOI-6963b,04:15:35.14,+29:13:47.8,"g, r, z",1.00425,2.15196,2,4299,muscat,"251115, 260125",33.58,,yes
TOI-7014,19:12:03.5858,+44:29:55.602,"g, i, r, z",1.0930168,1.5046075,2,1187,muscat3,"240725, 240728",8.79,,yes
TOI-736,11:02:49.5137,-16:24:24.224,"g, i, r, z",1.0339044,2.0659584,19,9909,"muscat3, muscat4, sinistro","230506, 230517, 230523, 240216, 240221, 240301, 240302, 240307, 240310, 240312, 240327, 240406, 240411, 240416, 240426, 240501, 240504, 250406, 250501",123.3,,yes
TOI-736b,11:04:01,-16:34:23,"g, i, r, z",1.41,2.03272,4,2987,"muscat, muscat2","260123, 260124, 260221, 260420",25.52,,yes
TOI-736c,11:02:28.64,-16:24:06.4,"g, r, z",1.59069,2.333,3,1856,muscat,"220127, 250406, 250421",26.94,,yes
TOI-736d,11:04:00,-16:34:38,"g, i, r, z",1.41,1.92,3,3975,muscat2,"251222, 260509, 260520",28.44,,yes
TOI-7616,07:59:26.5037,-45:26:32.942,"g, i, r, z",1.0811294,1.2227847,2,90,muscat4,"260210, 260220",0.12,,yes
TOI-782,12:15:55.847,-18:52:54.16,"g, i, r, z",1.2990471,2.2560676,1,1683,muscat3,220107,12.41,,yes
TOI00233.01,22:56:08,-18:42:10.1,"g, i, r, z",1.465,1.76,1,2859,muscat2,221029,11.91,,yes
TOI00233.02,22:56:16,-18:46:53,"g, i, r, z",1.467,1.72,1,2711,muscat2,231104,12.09,,yes
TOI00238.01,23:17:50,-18:28:56,"g, r, z",1.459,1.891,1,2501,muscat2,190808,11.52,,yes
TOI00263.01,2:29:16,-25:00:49,"i, r, z",1.671,2.175,1,483,muscat2,190102,8.05,,yes
TOI00278.01,0:20:58,-5:45:31,"g, i, r, z",1.206,1.701,2,2309,muscat2,"221021, 241019",21.03,,yes
TOI0036.01,11:04:01,-16:31:12,"g, i, r, z",1.728,1.776,1,66,muscat2,240318,0.48,,yes
TOI003794.01,8:29:30,+64:41:02.1,"g, i, r, z",1.242,1.9,1,2742,muscat2,230323,24.47,,yes
TOI00422.01,4:48:22,-17:13:01,"g, i, r, z",1.426,1.932,1,7117,muscat2,231114,9.88,,yes
TOI00442.01,4:18:08,-12:00:18,"g, i, r, z",1.31,1.801,1,1893,muscat2,231031,13.68,,yes
TOI00455.02,3:03:17,-16:28:07,"g, i, r, z",1.407,2.085,3,17771,muscat2,"251125, 251128, 260114",19.73,,yes
TOI00460,3:11:35,-9:10:58,"g, i, r, z",1.259,1.573,1,1895,muscat2,200102,14.89,,yes
TOI00460.01,3:11:38,-9:12:07,"g, i, r, z",1.26,1.59,1,922,muscat2,200117,8.94,,yes
TOI00488.01,8:03:21,+3:20:46,"g, i, r, z",1.103,1.89291,3,6897,"muscat, muscat2","200102, 200114, 200118",35.38,,yes
TOI00493.01,07:58:36.01,+12:57:18.1,"g, r, z",1.10342,2.44118,1,1819,muscat,200113,10.17,,yes
TOI00507.01,8:07:31,-15:48:51,"g, i, r, z",1.393,2.001,1,1357,muscat2,200104,10.15,,yes
TOI00519.01,8:19:14,-19:42:35,"g, i, r, z",1.493,2.094,4,3251,muscat2,"191122, 200229, 220228, 220319",36.02,,yes
TOI00521.01,8:14:37,+12:08:56.1,"g, i, r, z",1.041,1.99958,5,7330,"muscat, muscat2","200221, 201103, 201120, 210212, 210410",68.83,,yes
TOI005269.01,19:25:49,+22:10:22.1,"g, i, r, z",1.133,2.037,1,2991,muscat2,230324,9.08,,yes
TOI00530.01,6:54:53,+12:51:41.1,"g, i, r, z",1.0,1.757,3,5003,"muscat, muscat2","200104, 200302, 201214",41.77,,yes
TOI00532.01,5:41:36,+11:33:44.1,"g, i, r, z",1.044,1.592,6,10556,"muscat, muscat2","201024, 201031, 201107, 201121, 201126, 201205",88.62,,yes
toi00532.01,5:41:24,+11:32:07,"g, i, r, z",1.044,1.364,1,2424,muscat2,200112,17.13,,yes
TOI00557.01,03:56:01.94,-10:16:55.5,"r, z",1.41,2.054,1,496,muscat,210915,3.32,,yes
TOI00560.01,8:39:43,-13:20:27.1,"g, i, r, z",1.49075,1.82528,2,2456,"muscat, muscat2","220112, 220324",9.38,,yes
TOI00561.02,9:53:49,+6:09:12,"g, i, r, z",1.178,2.035,2,3940,muscat2,"200524, 201212",12.79,,yes
TOI00561.03,,,"g, i, r, z",1.08,1.749,1,3648,muscat2,210212,27.06,,yes
TOI00564.01,8:42:10,-16:05:23,"g, i, r, z",1.049,1.906,2,7175,muscat2,"200107, 200112",14.94,,yes
TOI00613.01,9:30:08,-5:27:10,"g, i, r, z",1.202,1.91,3,7306,muscat2,"200108, 200119, 200126",30.92,,yes
TOI00613.01_R,9:30:23,-5:26:51,"g, i, r, z",1.253,1.952,1,4749,muscat2,200108,7.46,,yes
TOI00620.01,9:29:40,-12:14:53,"g, i, r, z",1.0,2.018,5,11067,muscat2,"200115, 200301, 200416, 210106, 220103",40.88,,yes
TOI00628.01,6:38:07,+1:45:35,"g, i, r, z",1.117,1.37,1,8602,muscat2,200208,11.21,,yes
TOI00651.01,6:09:36,-11:08:23,"g, i, r, z",1.294,1.862,2,24971,muscat2,"260119, 260218",0.96,,yes
TOI00654.01,10:59:55,-5:37:30,"g, i, r, z",1.205,2.141,4,6403,muscat2,"190523, 200113, 200205, 210319",54.95,,yes
toi00654.01,10:59:54,-5:39:13,"g, i, r, z",1.205,1.568,1,2528,muscat2,200202,14.04,,yes
TOI00663.01,10:41:41,-8:35:06,"g, i, r, z",1.0,2.00363,17,33320,"muscat, muscat2","200117, 210110, 210202, 210210, 210215, 210321, 210406, 220127, 220227, 220302, 220312, 220325, 230316, 240306, 240314, 240327, 240422",199.93,,yes
TOI00663.02,10:41:40,-8:34:45,"g, i, r, z",1.193,2.291,8,18169,"muscat, muscat2","220303, 220322, 220414, 230213, 230318, 230504, 240406, 250310",105.88,,yes
TOI00663.03,10:41:52,-8:35:25,"g, i, r, z",1.25,1.913,2,4233,muscat2,"240105, 240505",23.58,,yes
TOI006663.01,10:40:23.47,-08:26:03.1,"g, r, z",1.39258,2.32331,1,556,muscat,210213,7.95,,yes
TOI00680.01,11:57:35,-12:25:54.1,"g, i, r, z",1.319,2.029,6,14636,"muscat, muscat2","200603, 201220, 201230, 210115, 210207, 210505",30.04,,yes
TOI00732.01,10:19:40,-11:49:53,"g, i, r, z",1.307,1.995,4,8735,muscat2,"200124, 200127, 200130, 200206",35.33,,yes
toi00732.02,10:19:31,-11:47:05,"g, i, r, z",1.298,1.963,1,8830,muscat2,200128,21.46,,yes
TOI00736.01,11:03:57,-16:32:13,"g, i, r, z",1.4,2.116,15,28689,muscat2,"200430, 230123, 230304, 230309, 230314, 230319, 230324, 230413, 230418, 230423, 230428, 230503, 230508, 230513, 240318",203.94,,yes
TOI00736.02,11:03:46,-16:29:53,"g, i, r, z",1.408,1.831,3,4349,muscat2,"200120, 200207, 200425",39.98,,yes
TOI00736.31,11:03:40,-16:32:04,"g, i, r, z",1.408,2.101,12,18286,muscat2,"200210, 200303, 200314, 200511, 201217, 220311, 230218, 230417, 231112, 240131, 240211, 240304",132.47,,yes
TOI00737.01,11:25:08,-19:39:02,"g, i, r, z",1.491,1.857,1,1085,muscat2,200507,10.52,,yes
toi00737.01,11:25:15,-19:39:27,"g, i, r, z",1.491,1.935,2,1911,muscat2,"200129, 200302",25.55,,yes
TOI00749.01,12:32:14,-23:52:30,"g, i, r, z",1.628,1.913,1,1731,muscat2,200124,11.6,,yes
TOI00782.01,18:59:37,+28:17:54.1,"g, i, r, z",1.0,2.267,2,4492,muscat2,"220430, 230426",28.79,,yes
TOI00851.01,0:30:53,-10:17:22,"g, i, r, z",1.278,1.904,1,3343,muscat2,230808,14.87,,yes
TOI00855.01,1:03:15,-1:59:36,"g, r, z",1.159,1.693,1,2932,muscat2,190816,7.88,,yes
TOI00883.01,,,"g, i, r, z",1.217,1.84,1,7926,muscat2,221110,14.25,,yes
toi00883.01,6:54:30,-6:30:56,"g, i, r, z",1.217,1.825,1,4574,muscat2,200129,19.98,,yes
TOI00961.01,8:29:55,+3:59:20,"g, i, r, z",1.097,1.635,1,8162,muscat2,200111,11.04,,yes
TOI00969.01,,,"g, i, r, z",1.115,2.065,2,5019,muscat2,"210305, 220303",17.94,,yes
TOI00986.01,8:01:30,+10:17:52,"g, i, r, z",1.077,1.704,1,6553,muscat2,191110,4.1,,yes
TOI01002.01,6:59:52,-10:35:16,"g, i, r, z",1.284,1.413,1,7114,muscat2,191112,7.92,,yes
TOI01131.01,16:33:44,+61:40:47,"g, i, r, z",1.197,1.845,3,22651,muscat2,"200212, 200310, 200317",27.62,,yes
TOI01136.01,12:49:23,+64:41:42,"g, i, r, z",1.0,1.816,5,63334,"muscat, muscat2","200421, 220430, 230311, 260421, 260516",70.17,,yes
TOI01136.02,12:49:46,+64:43:37,"g, i, r, z",1.242,1.404,1,12994,muscat2,240224,18.05,,yes
TOI01136.03,12:49:57,+64:41:36,"g, i, r, z",1.275,1.888,1,8659,muscat2,260619,3.63,,yes
TOI01149.01,20:03:41,+26:54:17,"g, i, r, z",1.0,1.934,4,34556,muscat2,"200413, 200603, 200617, 200708",19.63,,yes
TOI01154.01,16:59:40,+64:42:14,"g, i, r, z",1.24,1.922,1,6411,muscat2,200703,22.63,,yes
TOI01162.01,20:21:53,+41:32:57,"g, i, r, z",1.027,1.213,1,3257,muscat2,200819,16.98,,yes
TOI01184.01,18:09:11,+60:45:33,"g, i, r, z",1.15347,1.71028,2,6775,"muscat, muscat2","200305, 200507",24.98,,yes
TOI01201.01,2:49:54,-14:29:08.1,"g, i, r, z",1.361,1.792,2,2920,muscat2,"200908, 201107",18.07,,yes
TOI01234.01,19:23:04,+26:22:31,"g, i, r, z",1.001,1.63,1,3382,muscat2,200626,22.85,,yes
TOI01241.01,19:18:58.59,+44:40:16.7,"g, r, z",1.07416,2.27838,1,5426,muscat,210406,8.81,,yes
TOI01242.01,16:34:24,+60:09:12,"g, i, r, z",1.191,1.969,5,15556,muscat2,"200127, 200201, 200209, 200604, 200609",48.39,,yes
TOI01248.01,17:15:51.80,+63:08:41.1,"g, r, z",1.13823,1.71328,1,2852,muscat,200322,14.54,,yes
TOI01250.01,17:59:04,+63:57:56,"g, i, r, z",1.279,1.553,1,5605,muscat2,200306,0.78,,yes
TOI01253.01,17:23:36,+64:51:35,"g, i, r, z",1.244,1.704,1,6388,muscat2,200602,8.87,,yes
TOI01261.01,17:52:24,+53:43:21,"g, i, r, z",1.107,1.763,1,9481,muscat2,200420,16.56,,yes
TOI01263.01,20:38:30,+22:45:13,"g, i, r, z",1.005,1.802,2,22432,muscat2,"240928, 240929",6.23,,yes
TOI01264.01,19:09:17,+57:24:16,"g, i, r, z",1.144,1.869,2,4971,muscat2,"200618, 200831",16.68,,yes
TOI01268.01,13:13:57,+62:10:42.1,"g, i, r, z",1.204,1.456,1,9590,muscat2,230224,21.35,,yes
TOI01269.01,16:38:25,+64:31:23,"g, i, r, z",1.16281,1.87059,4,12912,"muscat, muscat2","200501, 200511, 220228, 220503",65.92,,yes
TOI01269.02,16:38:21.08,+64:35:13.0,"g, r, z",1.1541,1.72215,1,2966,muscat,210409,15.8,,yes
TOI01272.01,13:17:42,+49:44:08,"g, i, r, z",1.036,1.38,2,3995,"muscat, muscat2","200228, 210408",26.92,,yes
TOI01273.01,14:16:34,+58:17:44,"g, i, r, z",1.158,1.866,1,7088,muscat2,200217,15.75,,yes
TOI01279.01,12:21:14,+56:06:17,"g, i, r, z",1.113,1.632,1,3855,muscat2,200427,22.45,,yes
TOI01280.01,19:26:03,+61:50:58,"g, i, r, z",1.202,1.748,1,2610,muscat2,230502,16.17,,yes
toi01284.01,20:46:28,+56:56:53,"g, i, r, z",1.212,1.892,1,2354,muscat2,191112,10.2,,yes
TOI01293.01,15:21:45,+63:31:14,"g, i, r, z",1.223,1.307,2,4716,muscat2,"200308, 200426",18.92,,yes
TOI01301,18:23:46.93,+71:34:36.5,"g, r, z",1.25198,1.54267,1,4100,muscat,220504,12.03,,yes
TOI01303.01,20:07:31,+45:35:07,"g, i, r, z",1.066,1.796,1,4294,muscat2,200429,13.66,,yes
TOI01307.01,18:54:40,+59:45:27.1,"g, i, r, z",1.175,1.954,1,8306,muscat2,200904,16.39,,yes
TOI01316.01,20:28:47,+39:59:10,"g, i, r, z",1.021,1.804,1,4248,muscat2,200714,28.46,,yes
TOI01361.01,21:24:01,+52:54:27.1,"g, i, r, z",1.05364,1.871,2,21362,"muscat, muscat2","201013, 220802",35.49,,yes
TOI01362.01,22:22:17,+59:40:53,"g, i, r, z",1.179,1.695,1,9176,muscat2,240822,4.76,,yes
TOI01366.01,22:31:37,+40:06:51,"g, i, r, z",1.022,1.647,1,9913,muscat2,200704,8.95,,yes
TOI01367.01,22:56:41,+39:45:19,"g, i, r, z",1.02,1.4,1,9086,muscat2,191122,10.1,,yes
TOI01374.01,21:40:31,+46:19:53,"g, i, r, z",1.052,1.825,2,9376,muscat2,"200530, 200715",38.74,,yes
TOI01376.01,21:43:59,+45:45:20,"g, i, r, z",1.048,2.064,2,6359,muscat2,"200629, 200725",20.0,,yes
TOI01380.01,21:06:27,+46:55:51,"g, i, r, z",1.066,1.595,1,6121,muscat2,200815,11.96,,yes
toi01382.01,21:56:59,+55:50:14,"g, i, r, z",1.156,1.522,1,5585,muscat2,191111,7.76,,yes
TOI01391.01,22:55:17,+54:16:03,"g, i, r, z",1.115,1.615,1,7638,muscat2,200622,11.1,,yes
TOI01392.01,21:32:18,+50:25:59,"g, i, r, z",1.0,1.724,2,3476,muscat2,"200529, 200829",16.58,,yes
TOI01393.01,22:12:36.68,+52:55:05.2,"g, r, z",1.20911,1.27717,1,768,muscat,191204,0.64,,yes
TOI01399.01,22:48:43,+50:01:17,"g, i, r, z",1.076,1.388,1,6162,muscat2,191110,13.88,,yes
TOI01404.01,19:29:29,+58:39:41,"g, i, r, z",1.159,2.008,2,21838,muscat2,"230618, 230805",43.91,,yes
TOI01404.02,19:29:12,+58:39:59,"g, i, r, z",1.09573,1.502,3,8577,"muscat, muscat2","220801, 230713, 240918",46.46,,yes
toi01404.02,19:29:11,+58:39:23,"g, i, r, z",1.159,1.561,1,2573,muscat2,230614,22.96,,yes
TOI01410.01,22:20:26,+42:39:35,"g, i, r, z",1.0,1.932,6,39928,muscat2,"200510, 240907, 240908, 240930, 241102, 241130",64.53,,yes
TOI01411.01,15:32:23,+46:59:02,"g, i, r, z",1.056,1.949,2,7593,muscat2,"200421, 200510",31.31,,yes
TOI01416.01,14:28:19,+41:52:46,"g, i, r, z",1.08,2.041,2,11577,muscat2,"200116, 220420",6.33,,yes
TOI01430.01,20:02:54,+53:24:04.1,"g, i, r, z",1.0,1.128,1,1252,muscat2,221012,1.74,,yes
TOI01436.01,14:22:58,+55:14:06,"g, i, r, z",1.141,1.611,1,2569,muscat2,200114,10.7,,yes
TOI01448.01,21:05:54,+57:50:23,"g, i, r, z",1.149,1.919,3,6006,muscat2,"200612, 200620, 200816",47.98,,yes
TOI01449.02,20:03:32,+39:44:29,"g, i, r, z",1.0,1.647,2,11972,muscat2,"200812, 230511",31.0,,yes
TOI01450.01,19:07:33,+59:05:47,"g, i, r, z",1.164,1.267,1,3591,muscat2,200509,8.74,,yes
TOI01451.01,12:26:54,+61:09:07,"g, i, r, z",1.19,1.711,1,11452,muscat2,200110,6.36,,yes
TOI01453.01,17:12:55,+57:10:02,"g, i, r, z",1.145,1.829,1,8156,muscat2,240313,15.34,,yes
TOI01454.01,20:03:47,+53:18:54,"g, i, r, z",1.103,1.709,1,13161,muscat2,200713,25.98,,yes
TOI01456.01,20:27:29,+33:50:05,"g, i, r, z",1.006,1.471,1,6853,muscat2,200521,11.97,,yes
TOI01466.01,20:29:55,+61:38:30,"g, i, r, z",1.197,1.845,3,10176,muscat2,"200608, 200621, 200623",58.44,,yes
TOI01468.01,1:07:37,+19:21:15.1,"g, i, r, z",1.012,1.247,3,3380,muscat2,"200911, 201024, 210102",23.27,,yes
TOI01468.02,1:07:41,+19:20:29.1,"g, i, r, z",1.012,1.188,2,5635,muscat2,"200903, 210830",24.8,,yes
TOI01470.01,0:41:10,+61:18:50,"g, i, r, z",1.12,1.919,5,8289,"muscat, muscat2","200103, 200731, 200830, 201020, 210921",49.54,,yes
TOI01470.02,0:41:30,+61:21:04.1,"g, i, r, z",1.193,1.957,1,6141,muscat2,221022,34.12,,yes
TOI01472.01,00:56:16.21,+48:41:27.9,"g, r, z",1.032,1.402,1,2453,muscat,201018,13.72,,yes
TOI01473.01,1:03:27,+37:18:36.1,"g, i, r, z",1.012,1.623,1,14882,muscat2,200902,11.37,,yes
TOI01480.01,22:10:42,+63:38:39,"g, i, r, z",1.242,2.044,1,7028,muscat2,200726,15.83,,yes
TOI01482.01,23:04:54,+52:40:32,"g, i, r, z",1.098,1.989,1,9677,muscat2,231117,22.66,,yes
TOI01491.01,1:00:10,+34:17:24,"g, i, r, z",1.005,1.238,1,6457,muscat2,231203,17.94,,yes
TOI01492.01,0:08:40,+32:33:13,"g, i, r, z",1.195,1.97,1,2745,muscat2,200119,7.37,,yes
TOI01497.01,22:53:40,+59:57:49,"g, i, r, z",1.175,1.882,3,11486,muscat2,"200629, 200708, 200909",37.24,,yes
TOI01498.01,21:28:27,+54:37:24,"g, i, r, z",1.145,1.617,1,3671,muscat2,200522,11.15,,yes
TOI01504.01,22:06:58,+52:48:13,"g, i, r, z",1.101,1.534,1,2071,muscat2,200618,13.88,,yes
TOI01525.01,20:32:30,+58:23:05,"g, i, r, z",1.309,1.927,1,5845,muscat2,200414,8.12,,yes
TOI01530.01,0:52:54,+55:49:14,"g, i, r, z",1.294,2.111,1,1575,muscat2,200131,10.44,,yes
toi01530.01,0:52:44,+55:48:27,"g, i, r, z",1.241,1.897,1,1353,muscat2,200128,5.64,,yes
TOI01531.01,0:55:40,+54:38:06,"g, i, r, z",1.283,1.974,1,5819,muscat2,200130,5.25,,yes
TOI01533.01,23:42:11,+57:38:02,"g, i, r, z",1.146,1.99,3,24583,muscat2,"231111, 240923, 241004",51.54,,yes
TOI01533.02,23:41:58,+57:38:17,"g, i, r, z",1.161,2.057,2,9803,muscat2,"231226, 260616",26.2,,yes
TOI01544.01,23:06:10,+47:03:17,"g, i, r, z",1.069,1.486,1,6536,muscat2,200627,4.92,,yes
TOI01547.01,23:42:51,+37:17:51,"g, i, r, z",1.133,1.828,1,5635,muscat2,200110,7.83,,yes
toi01551.01,1:20:04,+41:36:40,"g, i, r, z",1.32,1.924,1,2465,muscat2,200202,5.73,,yes
TOI01557.01,0:33:37,+54:45:35,"g, i, r, z",1.117,1.895,2,12538,muscat2,"200819, 200824",18.73,,yes
TOI01558.01,3:14:59,+49:52:00,"g, i, r, z",1.235,1.748,1,1135,muscat2,200117,7.79,,yes
TOI01559.01,1:24:03,+49:05:06,"g, i, r, z",1.0,1.958,2,4523,"muscat, muscat2","200707, 201023",20.15,,yes
toi01559.01,1:24:11,+49:03:17,"g, i, r, z",1.511,1.943,1,720,muscat2,200109,4.08,,yes
TOI01564.01,2:15:35,+53:13:01,"g, i, r, z",1.209,1.921,1,6286,muscat2,200110,8.11,,yes
toi01564.01,2:15:25,+53:12:19,"g, i, r, z",1.106,1.281,1,1541,muscat2,200109,8.73,,yes
TOI01569.01,2:56:03,+52:10:00,"g, i, r, z",1.097,1.447,2,10990,muscat2,"200206, 201122",15.94,,yes
toi01571.01,3:33:53,+50:34:03,"g, i, r, z",1.08,1.209,1,1337,muscat2,200118,8.96,,yes
TOI01588.01,2:40:48,+62:32:25.1,"g, i, r, z",1.209,1.504,1,5886,muscat2,201010,19.68,,yes
TOI01594.01,3:45:58,+41:08:37.1,"g, i, r, z",1.026,1.515,1,11479,muscat2,201018,13.39,,yes
TOI01597.01,2:58:56,+40:05:31,"g, i, r, z",1.00471,1.995,3,13302,"muscat, muscat2","200115, 200118, 200205",36.07,,yes
TOI01598.01,1:55:48,+37:06:30,"g, i, r, z",1.012,1.729,3,7727,muscat2,"200104, 200126, 201011",19.29,,yes
toi01601.01,2:35:07,+41:07:12,"g, i, r, z",1.026,1.979,1,6647,muscat2,231110,36.45,,yes
TOI01605.01,3:39:34,+33:04:55.1,"g, i, r, z",1.003,1.871,1,6076,muscat2,201110,21.45,,yes
TOI01610.01,17:34:08,+61:06:20,"g, i, r, z",1.189,1.501,2,8753,muscat2,"200428, 200503",26.78,,yes
TOI01625.01,0:00:16,+61:40:06.1,"g, i, r, z",1.233,2.028,1,9451,muscat2,201222,13.13,,yes
TOI01632.01,2:50:06,+62:16:08.1,"g, i, r, z",1.205,1.773,1,2875,muscat2,201012,26.49,,yes
TOI01634.01,3:46:57,+37:10:19,"g, i, r, z",1.017,1.981,7,23609,muscat2,"200207, 200210, 200211, 210213, 210214, 210215, 210216",85.17,,yes
TOI01634.02,3:46:52,+37:10:38.1,"g, r, z",1.033,1.994,1,1659,muscat2,220217,11.27,,yes
TOI0163401,3:46:53,+37:09:58,"g, i, r, z",1.026,1.027,1,20,muscat2,200211,0.06,,yes
TOI01636.01,2:58:31,+33:24:54.1,"g, i, r",1.004,1.755,1,2304,muscat2,201025,22.36,,yes
TOI01638.01,1:02:29,+55:48:00.1,"g, i, r, z",1.07296,1.885,9,36223,"muscat, muscat2","200815, 200825, 200905, 200907, 201007, 201008, 201009, 201012, 201024",138.32,,yes
TOI01639.01,2:24:31,+56:39:07.1,"g, i, r, z",1.0,1.987,5,12695,muscat2,"200125, 200203, 200829, 200907, 200908",71.29,,yes
TOI01641.01,2:42:22,+42:57:33,"g, i, r, z",1.034,1.883,4,12604,muscat2,"200214, 200822, 201015, 201017",44.13,,yes
TOI01643.01,18:09:26,+53:15:19,"g, i, r, z",1.102,1.89,2,20429,muscat2,"200502, 240527",28.37,,yes
TOI01655.01,4:06:32,+52:15:42,"g, i, r, z",1.094,1.41,1,4753,muscat2,231024,20.17,,yes
TOI01658.01,4:24:57,+35:31:34.1,"g, i, r, z",1.008,1.84,5,31372,muscat2,"200228, 201014, 201016, 201108, 201110",44.33,,yes
toi01658.01,4:24:58,+35:31:06.1,"g, i, r, z",1.009,1.449,1,4324,muscat2,201115,10.15,,yes
TOI01663.01,6:01:04,+33:30:17,"g, i, r, z",1.004,1.155,1,9823,muscat2,200215,8.19,,yes
TOI01665.01,5:54:53,+37:20:47.1,"g, i, r, z",1.018,1.561,1,4352,muscat2,201228,12.73,,yes
TOI01673.01,4:20:12,+52:54:03,"g, i, r, z",1.1,1.67,1,10102,muscat2,200216,9.81,,yes
toi01675.01,3:12:52,+61:50:24.1,"g, i, r, z",1.199,1.231,1,1060,muscat2,210118,4.42,,yes
TOI01677.01,3:55:28,+58:59:42,"g, i, r, z",1.174,1.885,3,16024,muscat2,"200206, 200217, 200306",20.16,,yes
TOI01680.01,15:06:07,+63:59:06,"g, i, r, z",1.261,1.271,1,145,muscat2,200720,0.27,,yes
TOI01681.01,5:28:27,+56:59:52,"g, i, r, z",1.08292,1.835,2,3034,"muscat, muscat2","200306, 200307",14.0,,yes
TOI01683.01,4:25:11,+27:52:48,"g, i, r, z",-12.0,1.979,4,13007,muscat2,"200311, 200901, 230208, 230922",27.21,,yes
TOI01684.01,4:23:07,+62:16:42.1,"g, i, r, z",1.205,2.009,4,26360,"muscat, muscat2","200304, 201120, 201206, 201216",31.7,,yes
TOI01685.01,04:34:22.35,+43:03:58.3,"g, i, r, z",1.01119,1.961,6,10355,"muscat, muscat2","200206, 200214, 210110, 210112, 210114, 210202",52.88,,yes
toi01685.01,4:35:52,+43:05:11,"g, i, r, z",1.048,1.442,2,1786,muscat2,"200202, 210117",7.54,,yes
TOI01693.01,06:01:11.96,+34:47:01.8,"g, i, r, z",1.00001,1.70057,5,9087,"muscat, muscat2","200206, 200309, 210105, 210116, 210208",49.99,,yes
toi01699.01,8:22:43,+46:06:50,"g, i, r, z",1.05,1.765,1,5038,muscat2,241128,22.91,,yes
TOI01700.01,8:25:55,+42:01:12,"g, i, r, z",1.05,1.407,1,1499,muscat2,200228,10.05,,yes
TOI01701.01,6:41:06,+42:07:06,"g, i, r, z",1.013,1.75,5,15599,"muscat, muscat2","200302, 200310, 201019, 201109, 201129",60.22,,yes
TOI01702.01,7:27:36,+32:20:30,"g, i, r, z",1.002,1.086,1,1216,muscat2,200228,6.53,,yes
TOI01703.01,7:36:52,+49:26:30.1,"g, i, r, z",1.072,1.911,5,10017,muscat2,"201105, 201122, 201123, 201222, 201228",31.96,,yes
toi01703.01,7:36:59,+49:25:55,"g, i, r, z",1.072,1.18,1,1671,muscat2,200227,11.8,,yes
TOI01713.01,6:43:28,+39:50:03,"g, i, r, z",1.021,1.756,2,4816,muscat2,"200229, 200303",8.85,,yes
TOI01724.01,8:29:47,+56:21:39,"g, i, r, z",1.07699,1.664,4,5374,"muscat, muscat2","200229, 200304, 210213, 210310",36.88,,yes
TOI01724.11,08:28:05.38,+56:27:59.0,"g, r, z",1.12063,1.50101,1,1080,muscat,210213,7.41,,yes
TOI01726.01,7:51:22,+27:23:52.1,"g, i, r, z",1.109,1.649,1,3727,muscat2,221127,2.07,,yes
TOI01727.01,6:15:54,+53:08:07,"g, i, r, z",1.102,1.449,1,8302,muscat2,200301,13.61,,yes
TOI01729.01,18:33:43,+58:13:04,"g, i, r, z",1.251,1.894,3,1750,muscat2,"200301, 200305, 200324",21.62,,yes
TOI01729.01_SE,18:33:46,+58:13:28,"g, i, r, z",1.23,1.986,3,1733,muscat2,"200307, 200311, 200414",26.92,,yes
TOI01730.01,7:13:43,+48:18:56,"g, i, r, z",1.064,2.136,6,33087,muscat2,"211229, 220308, 221019, 240128, 240222, 241122",95.33,,yes
toi01730.01,7:13:36,+48:19:01,"g, i, r, z",1.064,1.233,1,2204,muscat2,240216,9.26,,yes
TOI01730.02,7:13:01,+48:17:22,"g, i, r, z",1.03343,1.41817,2,2171,"muscat, muscat2","200304, 220329",12.17,,yes
toi01730.02,7:13:07,+48:17:29,"g, i, r, z",1.081,1.86,1,4200,muscat2,200317,14.47,,yes
TOI01730.03,7:13:32,+48:19:48.1,"g, i, r, z",1.064,1.521,1,4673,muscat2,221223,19.92,,yes
TOI017301.01,7:13:31,+48:18:24,"g, i, r, z",1.064,1.352,1,5584,muscat2,231203,23.46,,yes
TOI01732.01,7:28:43,+53:00:06.1,"g, i, r, z",1.05438,1.745,4,10271,"muscat, muscat2","200308, 201106, 201127, 201213",53.6,,yes
TOI01733.01,7:56:40,+54:22:22,"g, i, r, z",1.113,1.179,1,1144,muscat2,200305,7.81,,yes
TOI01738.01,3:39:44,+51:02:04,"g, i, r, z",1.172,1.948,1,1507,muscat2,240811,11.85,,yes
TOI01746.01,18:47:32,+54:57:55,"g, i, r, z",1.11719,2.037,6,12002,"muscat, muscat2","200323, 200619, 260316, 260508, 260605, 260615",67.62,,yes
TOI01746.02,18:47:35,+54:55:53,"g, i, r, z",1.118,1.359,1,2286,muscat2,230715,14.68,,yes
TOI01747.01,18:03:02,+60:41:03,"g, i, r, z",1.294,1.739,1,1844,muscat2,200523,8.11,,yes
TOI01748.01,18:03:02,+60:26:02,"g, i, r, z",1.257,1.574,1,4511,muscat2,200309,5.9,,yes
TOI01749.01,18:50:59,+64:25:58,"g, i, r, z",1.237,1.898,7,15823,muscat2,"200612, 200709, 200814, 200823, 200901, 200910, 201007",117.14,,yes
TOI01749.02,18:50:45,+64:26:07,"g, i, r, z",1.238,1.919,8,19561,muscat2,"200613, 200622, 200701, 200710, 200719, 210830, 220413, 220914",116.29,,yes
TOI01749.03,18:50:54,+64:25:57.1,"g, i, r, z",1.278,1.977,1,2190,muscat2,201010,14.68,,yes
TOI01752.01,16:54:09,+60:38:41,"g, i, r, z",1.183,1.746,4,7744,muscat2,"200303, 200516, 200613, 200628",42.76,,yes
TOI01753.01,16:49:55,+61:08:25,"g, i, r, z",1.193,1.644,1,6871,muscat2,200521,13.14,,yes
TOI01754.01,17:42:54,+57:25:50,"g, i, r, z",1.144,1.556,1,7024,muscat2,260423,17.37,,yes
TOI01755.01,18:15:40,+56:57:17,"g, i, r, z",1.139,1.596,1,2095,muscat2,200419,17.62,,yes
TOI01759.01,21:47:30,+62:51:25.1,"g, i, r, z",1.214,1.996,1,7920,muscat2,221023,22.0,,yes
TOI01769.01,9:37:24,+51:32:22,"g, i, r, z",1.04546,1.908,3,5349,"muscat, muscat2","200313, 200426, 210207",21.02,,yes
toi01769.01,9:37:20,+51:31:19,"g, i, r, z",1.116,1.157,1,955,muscat2,200321,1.33,,yes
TOI01783.01,19:10:46,+64:11:33,"g, i, r, z",1.234,1.867,1,7122,muscat2,200524,23.65,,yes
TOI01784.01,10:15:21,+29:00:18,"g, i, r, z",1.008,1.225,1,1624,muscat2,200506,8.18,,yes
TOI01788.01,10:42:27,+35:48:36.1,"g, r, z",1.009,1.35,1,2189,muscat2,220121,9.96,,yes
TOI01789.01,9:32:13,+26:26:44.1,"g, i, r, z",1.001,1.395,1,5356,muscat2,210209,17.85,,yes
TOI01797.01,10:52:12,+25:32:48,"g, i, r, z",1.001,1.796,3,10703,"muscat, muscat2","200509, 210112, 220307",24.07,,yes
TOI0179701,10:52:18,+25:34:41,"g, i, r, z",1.001,1.247,1,772,muscat2,200428,12.73,,yes
TOI01801,11:43:46,+22:52:46,"g, i, r, z",1.004,1.922,31,38514,muscat2,"260123, 260124, 260129, 260212, 260213, 260218, 260219, 260221, 260307, 260308, 260315, 260420, 260423, 260426, 260508, 260509, 260511, 260520, 260521, 260522, 260528, 260529, 260604, 260605, 260606, 260609, 260613, 260614, 260615, 260616, 260618",63.52,,yes
TOI01801.01,11:43:36,+22:52:54,"g, i, r, z",1.0,1.269,3,3294,muscat2,"220205, 260209, 260311",12.24,,yes
TOI01802.01,10:57:57,+24:46:29.1,"g, i, r, z",1.002,1.48,1,3947,muscat2,220129,23.16,,yes
TOI01803,11:53:16,+35:01:38,"g, i, r, z",1.007,1.726,1,7449,muscat2,260109,20.69,,yes
TOI01803.02,11:53:26,+35:01:40.1,"g, i, r, z",1.007,1.861,5,22398,muscat2,"200516, 210314, 220217, 220516, 260222",79.65,,yes
TOI01806.01,11:05:50,+30:19:28,"g, i, r, z",1.0,1.015,1,413,muscat2,240123,2.34,,yes
TOI01806.02,11:06:05,+30:20:49,"g, i, r, z",1.001,1.892,2,2504,muscat2,"230520, 231227",20.77,,yes
TOI01806.03,11:05:53,+30:19:59,"g, i, r, z",1.001,1.856,4,5128,muscat2,"240119, 240120, 240122, 240123",52.28,,yes
TOI01807.01,13:26:04,+38:51:58,"g, i, r, z",1.007,1.758,4,13149,muscat2,"200504, 200506, 200508, 200513",39.65,,yes
TOI01812.02,16:11:27,+58:13:50.1,"g, i, r, z",1.154,1.908,1,3678,muscat2,220515,23.33,,yes
TOI01817.01,,,"g, i, r, z",1.08,1.79,1,2648,muscat2,230425,12.93,,yes
TOI01818.01,12:53:52,+34:45:55,"g, i, r, z",1.006,1.794,1,11384,muscat2,240513,18.97,,yes
TOI01820.01,12:31:55,+27:22:19,"g, i, r, z",1.007,1.696,1,6632,muscat2,240310,12.52,,yes
TOI01824.01,13:11:57,+61:36:48,"g, i, r, z",1.196,1.606,2,25075,muscat2,"230430, 240429",25.69,,yes
TOI01826.01,19:30:08,+62:34:47,"g, i, r, z",1.21,1.357,1,10649,muscat2,230806,13.5,,yes
TOI01827.01,12:49:28,+9:34:57,"g, i, r, z",1.056,1.639,1,6993,muscat2,240126,16.91,,yes
TOI01831.01,13:23:05,+17:42:58,"g, i, r, z",1.017,1.684,3,19544,muscat2,"200605, 200611, 200620",20.87,,yes
TOI01832.01,17:06:49,+63:44:18.1,"g, i, r, z",1.227,1.378,1,1223,muscat2,230326,11.3,,yes
TOI01835-F,12:40:33,+19:52:41.1,"g, i, r, z",1.011,1.84798,12,14601,"muscat, muscat2","210319, 210323, 210405, 210406, 210410, 210428, 210504, 210505, 210506, 210513, 210705, 210717",18.26,,yes
TOI01835.01,12:40:34,+19:54:09.1,"g, i, r, z",1.011,2.358,3,24532,muscat2,"220304, 220523, 220607",38.63,,yes
TOI01835.02,12:40:54,+19:50:31,"g, i, r, z",1.011,1.254,1,11181,muscat2,240213,15.53,,yes
TOI01837.01,13:52:30,+33:24:03,"g, i, r, z",1.12,1.818,1,5134,muscat2,200513,7.36,,yes
TOI01839.01,13:08:18,+5:46:59,"g, i, r, z",1.082,1.641,2,7055,muscat2,"200515, 220308",19.6,,yes
TOI01842.01,,,"g, r, z",1.06,1.659,1,6548,muscat2,220211,14.55,,yes
TOI01846,17:12:10,+54:29:13.1,"g, i, r, z",1.114,1.558,1,3234,muscat2,220503,15.42,,yes
TOI01846.01,18:59:37,+28:17:54.1,"g, i, r, z",1.0,2.00539,2,1919,"muscat, muscat2","220329, 220429",11.0,,yes
TOI01852.01,13:09:27,+22:59:03,"g, i, r, z",1.005,1.421,1,2387,muscat2,230519,12.41,,yes
TOI01853.01,14:06:41,+16:53:39,"g, i, r, z",1.02,1.79,1,4142,muscat2,200525,23.39,,yes
TOI01854.01,13:48:24,+19:40:48,"g, i, r, z",1.011,1.387,1,2687,muscat2,200522,17.3,,yes
TOI01855.01,13:42:18,+17:35:53,"g, i, r, z",1.018,2.25653,2,8123,"muscat, muscat2","200519, 210405",18.48,,yes
TOI01858.01,13:18:32,+22:47:31,"g, i, r, z",1.005,1.144,2,1410,muscat2,"200608, 200610",15.8,,yes
TOI01860.01,15:06:13,+63:59:14,"g, i, r, z",1.271,1.873,1,5940,muscat2,200720,10.05,,yes
TOI01862.01,17:37:29,+53:01:29,"g, i, r, z",1.113,1.689,1,3637,muscat2,240330,13.61,,yes
TOI01863.01,18:14:32,+57:58:16,"g, i, r, z",1.154,1.691,1,2705,muscat2,200619,15.12,,yes
TOI01865.01,16:12:03,+58:26:54.1,"g, i, r, z",1.317,1.982,1,2772,muscat2,200903,9.21,,yes
TOI01866.01,19:41:48,+57:22:57,"g, i, r, z",1.144,1.723,1,3963,muscat2,200723,29.69,,yes
TOI01878.01,17:30:43,+63:06:45,"g, i, r, z",1.466,2.029,1,1170,muscat2,200710,7.84,,yes
TOI01883.01,8:57:21,-13:00:12.1,"g, i, r, z",1.0,1.885,6,6054,"muscat2, muscat3","201130, 210314, 220305, 220309, 220323, 250223",64.88,,yes
TOi01883.01,8:57:23,-13:00:35.1,"g, i, r, z",1.33,1.603,1,1134,muscat2,210323,14.18,,yes
TOI02013.01,15:58:57,+35:22:03.1,"g, i, r, z",1.0,1.862,3,4792,"muscat, muscat2","200706, 210213, 210407",34.29,,yes
TOI02015,15:29:28,+27:14:39.1,"g, i, r, z",1.052,1.084,1,158,muscat2,220605,1.37,,yes
TOI02015.01,15:29:25,+27:16:14.1,"g, i, r, z",1.0,2.12845,7,7623,"muscat, muscat2","200725, 210118, 220201, 220214, 220323, 220519, 220529",70.4,,yes
TOI02016,16:27:12.68,+42:44:05.7,"g, r, z",1.73993,1.75223,1,28,muscat,210209,0.07,,yes
TOI02016.01,16:27:12.13,+42:44:01.4,"g, i, r, z",1.032,1.753,2,8246,"muscat, muscat2","210209, 240401",30.23,,yes
TOI02016.02,16:27:48,+42:39:10.1,"g, i, r, z",1.049,1.686,1,2340,muscat2,210211,13.37,,yes
TOI02016.03,16:28:15,+42:38:56,"g, i, r, z",1.0,2.114,1,19395,muscat2,260612,18.86,,yes
TOI02018.01,15:20:32,+29:05:25.1,"g, i, r, z",1.0,1.658,3,14748,muscat2,"220615, 230317, 230508",45.95,,yes
TOI02027.01,22:13:47,+62:57:24,"g, i, r, z",1.215,1.923,2,13030,muscat2,"200705, 200721",48.78,,yes
TOI02028.01,22:18:16,+62:34:38,"g, i, r, z",1.21,1.381,1,1487,muscat2,200623,9.96,,yes
TOI02036.01,15:32:42,+24:01:04,"g, i, r, z",1.003,1.207,1,2179,muscat2,200704,11.32,,yes
TOI02039.01,20:28:23,+61:57:47,"g, i, r, z",1.217,1.88,1,3414,muscat2,230513,15.28,,yes
TOI02041.01,1:18:05,+62:28:08,"g, i, r, z",1.248,1.655,1,1628,muscat2,200712,10.91,,yes
TOI02048.01,15:51:56,+52:11:36.1,"g, r, z",1.094,1.3,1,4129,muscat2,220420,15.97,,yes
TOI02056.01,0:11:42,+58:37:14,"g, i, r, z",1.158,1.742,1,17712,muscat2,240916,14.76,,yes
TOI02058.01,23:59:34,+62:43:31,"g, i, r, z",1.212,1.298,1,5309,muscat2,200816,13.13,,yes
TOI02068.01,12:26:13,+60:14:33.1,"g, i, r, z",1.0,2.127,5,11937,muscat2,"201227, 220524, 230702, 240220, 260119",75.46,,yes
TOI02071.01,17:06:46,+57:37:48,"g, i, r, z",1.147,1.783,1,2228,muscat2,230514,17.39,,yes
TOI02075.01,14:01:02,+38:32:35.1,"g, i, r, z",1.037,1.461,1,4019,muscat2,220104,9.96,,yes
TOI02076.01,14:30:57,+39:38:42,"g, i, r, z",1.0,1.848,3,5506,muscat2,"240430, 240501, 260425",5.73,,yes
TOI02076.03,14:30:40,+39:41:29.1,"g, i, r, z",1.02,1.197,1,12106,muscat2,230307,7.02,,yes
TOI02079.01,12:22:26,+57:37:13.1,"g, i, r, z",1.12473,1.397,3,5494,"muscat, muscat2","210113, 210210, 220218",24.9,,yes
TOI02079.02,,,"g, i, r, z",1.17,1.73,1,2248,muscat2,230408,11.26,,yes
TOI02081.01,17:37:48,+53:01:33,"g, i, r, z",1.101,2.351,1,5589,muscat2,200722,25.42,,yes
TOI02092.01,14:11:04,+45:26:03,"g, i, r, z",1.049,2.112,1,11488,muscat2,260209,15.96,,yes
TOI02106.01,13:48:55.19,+44:56:20.3,"g, i, r, z",1.01622,2.085,3,6145,"muscat, muscat2","201221, 210310, 210409",32.4,,yes
TOI02109.01,16:53:39,+16:31:08,"g, i, r, z",1.021,1.218,1,5929,muscat2,200804,4.94,,yes
TOI02113.01,17:50:14,+40:27:54,"g, i, r, z",1.104,1.234,1,1548,muscat2,230703,3.01,,yes
TOI02123.01,16:16:49,+17:01:26.1,"g, i, r, z",1.02,2.4604,4,15025,"muscat, muscat2","210506, 210717, 220502, 250408",43.19,,yes
TOI02133.01,17:26:05,+32:47:18,"g, i, r, z",1.003,1.944,2,6731,muscat2,"220616, 240816",32.49,,yes
TOI02134.01,18:07:26.66,+39:06:59.2,"g, r, z",1.00599,2.00675,2,12657,"muscat, muscat2","220423, 220803",25.56,,yes
TOI02136,18:44:55.4163,+36:35:36.148,"g, i, r, z",1.0397515,1.8914543,1,2108,muscat3,210612,15.96,,yes
TOI02136.01,18:45:43,+36:37:18.1,"g, i, r, z",1.0,3.017,4,5335,"muscat, muscat2","210822, 210830, 210915, 210923",33.21,,yes
toi02136.01,18:45:16,+36:34:55,"g, i, r, z",1.011,1.63,1,2469,muscat2,200818,16.55,,yes
TOI02142,17:49:18,+15:58:24,"g, i, r, z",1.07,1.273,1,1268,muscat2,230625,5.28,,yes
toi02142.01,17:49:29,+15:58:13,"g, i, r, z",1.024,1.58,1,2141,muscat2,240826,15.12,,yes
TOI02149.01,19:03:07,+42:34:00.1,"g, i, r, z",1.048,1.716,1,3949,muscat2,201014,13.23,,yes
TOI02165.01,18:46:25,+16:26:27.1,"g, i, r, z",1.022,1.919,1,6405,muscat2,200905,15.68,,yes
TOI02172.01,18:15:57,+37:39:40,"g, i, r, z",1.013,1.264,1,3061,muscat2,240515,17.05,,yes
TOI02174.01,17:55:54,+40:11:23,"g, i, r, z",1.022,1.83,2,3962,muscat2,"220227, 230523",24.15,,yes
TOI02266,16:22:07,+31:30:38.1,"g, i, r, z",1.025,1.906,1,1132,muscat2,210504,14.17,,yes
TOI02266.01,16:21:57,+31:31:36.1,"g, i, r, z",1.001,1.855,4,3714,"muscat, muscat2","210209, 210323, 210411, 210509",55.46,,yes
TOI02268.01,15:07:06,+39:32:20,"g, i, r, z",1.0,1.77,1,6500,muscat2,240201,16.07,,yes
TOI02274.01,18:30:31,+40:33:09.1,"g, i, r, z",1.1,1.924,1,6404,muscat2,210319,10.27,,yes
TOI02278.01,19:18:15.95,+56:17:56.2,"g, r, z",1.10269,1.92868,1,1257,muscat,210410,12.62,,yes
TOI02279.01,17:01:39,+45:20:33,"g, i, r, z",1.046,2.23899,2,5879,"muscat, muscat2","210208, 240331",29.01,,yes
TOI02283.01,16:33:08.23,+63:35:32.4,"g, r, z",1.14286,1.59359,1,7524,muscat,210405,12.8,,yes
TOI02285.01,22:10:53,+58:48:14.1,"g, i, r, z",1.0,1.927,7,28464,"muscat, muscat2","210705, 210829, 210925, 230615, 231125, 240905, 241017",132.49,,yes
TOI02285.02,22:10:52,+58:49:28,"g, i, r, z",1.161,1.99795,2,5423,"muscat, muscat2","250709, 250924",28.74,,yes
TOI02288.01,16:44:54,+60:02:41,"g, i, r, z",1.176,1.44,1,1640,muscat2,230705,18.38,,yes
TOI02295.01,18:46:52,+50:31:34,"g, i, r, z",1.08,1.542,1,11498,muscat2,240822,8.23,,yes
toi02352.01,5:50:30,-25:18:54,"Na_D, g_narrow, i_narrow, z_narrow",1.683,2.089,1,1965,muscat2,251119,13.92,,yes
TOI02370.01,8:52:54,-16:28:54,"g, i, r, z",1.407,2.067,1,5112,muscat2,240130,21.3,,yes
TOI02394.01,11:57:11,-10:09:47,"g, i, r, z",1.276,1.993,1,1884,muscat2,250223,18.24,,yes
TOI02395.01,,,"g, i, r, z",1.342,1.598,1,1355,muscat2,230310,3.76,,yes
TOI02406.01,,,"g, i, r, z",1.173,1.686,1,1696,muscat2,211112,16.44,,yes
TOI02410.01,,,"g, i, r, z",1.135,2.066,2,4738,muscat2,"201130, 201220",26.23,,yes
TOI02428,,,"g, i, r, z",1.105,1.3,1,2792,muscat2,201229,15.12,,yes
TOI02429.01,3:30:21,+28:17:12,"g, i, r, z",1.0,1.0,1,4495,muscat2,240903,18.73,,yes
TOI02431.01,,,"g, i, r, z",1.218,1.96,3,4176,muscat2,"210209, 210211, 210213",18.13,,yes
TOI02445.01,02:53:14.47,+00:04:19.1,"g, i, r, z",1.134,2.81652,3,2597,"muscat, muscat2","210113, 210207, 210904",23.92,,yes
TOI02453.01,5:00:50,+12:59:05,"g, i, r, z",1.037,1.807,3,5122,"muscat, muscat2","210923, 231219, 231228",38.68,,yes
TOI02456.01,4:41:51,-12:50:34.1,"g, i, r, z",1.541,1.607,1,216,muscat2,230125,0.9,,yes
TOI02457,4:41:49,-12:50:16.1,"g, i, r, z",1.327,1.385,2,740,muscat2,"220121, 221211",1.8,,yes
TOI02457.01,4:41:42,-12:49:56.1,"g, i, r, z",1.377,1.41,1,198,muscat2,230124,1.02,,yes
TOI02481.01,5:12:48,+2:28:17,"g, i, r",1.111,1.688,1,5865,muscat2,241024,13.98,,yes
TOI02484.01,14:40:07,+36:56:13,"g, i, r, z",1.011,1.623,1,9816,muscat2,230701,13.63,,yes
TOI02494.02,,,"g, i, r, z",1.172,1.819,1,2708,muscat2,220113,9.06,,yes
TOI02495.01,7:00:36,-4:52:30,"g, i, r, z",1.12226,1.531,2,3268,"muscat, muscat2","220202, 231117",22.74,,yes
TOI02523.01,6:24:05,-11:20:52.1,"g, i, r, z",1.298,1.801,2,5752,muscat2,"221118, 231115",19.55,,yes
TOI02533.01,,,"g, i, r, z",1.04,1.08,1,600,muscat2,230421,1.67,,yes
TOI02533.02,14:11:42,+26:19:33.1,"g, r, z",1.001,1.684,1,1274,muscat2,220418,11.95,,yes
TOI02556.01,8:36:27,+8:29:01,"g, i, r, z",1.063,1.819,3,15692,muscat2,"220111, 220212, 260222",68.46,,yes
TOI02570,5:50:24,+32:05:59,"g, i, r, z",1.01,1.33,1,3273,muscat2,240309,9.12,,yes
TOI02583.01,18:09:09.07,+45:22:42.6,g,1.055,1.056,1,2,muscat,210521,0.02,,yes
TOI02587.01,7:45:14,-1:07:49,"g, i, r, z",1.148,1.824,1,5488,muscat2,240211,15.24,,yes
TOI02593.01,,,"g, i, r, z",1.066,1.573,1,3215,muscat2,221020,11.74,,yes
TOI02600.01,,,"g, i, r, z",1.129,1.42,1,5311,muscat2,230313,10.49,,yes
TOI02668.01,2:58:05,-14:55:59,"g, i, r, z",1.371,1.778,2,5542,muscat2,"221129, 230924",21.51,,yes
toi02688.01,2:58:05,-14:56:04,"g, i, r, z",1.371,1.929,1,4344,muscat2,251127,18.1,,yes
TOI02693.01,2:53:04,-15:31:42.1,"g, i, r, z",1.385,1.948,1,1324,muscat2,230120,10.46,,yes
TOI02696.01,5:23:50,-20:23:59,"g, i, r, z",1.513,1.966,1,2294,muscat2,231026,16.34,,yes
TOI02709.01,4:52:01,+5:26:32,"g, i, r, z",1.246,1.915,1,825,muscat2,241106,6.96,,yes
TOI02713.01,4:13:42,-12:14:31.1,"g, i, r, z",1.315,1.565,1,1134,muscat2,221214,8.69,,yes
TOI02718.01,4:30:31,-3:07:47,"g, i, r, z",1.069,1.562,1,1001,muscat2,240105,10.31,,yes
TOI02728.01,6:28:34,-3:15:01,"g, i, r, z",1.182,1.409,1,2273,muscat2,231128,6.34,,yes
TOI02736.01,5:56:59,+15:22:52,"g, i, r, z",1.026,1.487,1,7866,muscat2,240226,10.93,,yes
TOI02742,,,"g, i, r, z",1.243,1.258,1,61,muscat2,221211,0.41,,yes
TOI02742.01,,,"g, i, r, z",1.158,1.936,2,3378,muscat2,"221211, 221216",30.36,,yes
TOI02744.01,,,"g, r, z",1.196,1.483,1,777,muscat2,220122,2.16,,yes
TOI02747.01,,,"g, i, r, z",1.095,1.595,1,2218,muscat2,211112,16.31,,yes
TOI02748.01,6:53:33,+3:20:25,"g, i, r, z",1.135,1.417,1,534,muscat2,241106,6.69,,yes
TOI02753.01,6:47:43,-3:42:22,"g, i, r, z",1.179,1.809,1,1708,muscat2,241017,9.73,,yes
TOI02756.01,7:00:48,-17:25:21,"g, i, r, z",1.431,1.774,1,1535,muscat2,241101,12.95,,yes
TOI02758.01,06:56:53.97,-16:42:54.2,"g, r, z",1.59948,1.92368,1,1124,muscat,251114,10.06,,yes
TOI02770.01,6:22:13,+14:46:22.1,"g, i, r, z",1.028,2.086,1,3000,muscat2,230303,19.67,,yes
TOI02773.01,5:29:24,-19:34:59.1,"g, i, r, z",1.444,1.958,4,3179,muscat2,"220112, 220304, 221102, 221105",27.96,,yes
TOI02777.01,6:49:03,-17:44:28.1,"g, i, r, z",1.439,1.887,1,739,muscat2,230312,11.31,,yes
TOI02778.0,5:39:48,-9:49:10,"g, i, r, z",1.0,1.605,1,2002,muscat2,240117,18.08,,yes
TOI02779.01,6:40:08,+2:25:22,"g, i, r, z",1.111,1.63,1,3112,muscat2,240224,17.29,,yes
TOI02780.01,5:54:12,-16:16:24,"g, i, r, z",1.402,1.686,1,3241,muscat2,240131,12.77,,yes
TOI02784.01,05:31:18.09,+15:47:42.2,"g, r, z",1.06057,2.02218,1,1956,muscat,220201,7.56,,yes
TOI02790.01,5:45:24,+16:24:14.1,"g, i, r, z",1.0,1.576,2,11288,muscat2,"221101, 240107",36.46,,yes
TOI02796.01,05:36:28.11,+00:55:25.5,"g, i, r, z",1.126,1.71368,2,3212,"muscat, muscat2","220303, 241019",17.47,,yes
TOI02815.01,7:12:04,-12:52:24,"g, i, r, z",1.327,1.55036,2,793,"muscat, muscat2","220328, 260310",5.86,,yes
TOI02854.01,07:16:24.62,-04:42:23.7,"g, r, z",1.29251,2.20364,1,5416,muscat,220227,13.49,,yes
TOI02856.01,6:45:01,-26:01:18.1,"g, i, r, z",1.711,1.983,2,4137,muscat2,"221218, 230219",18.79,,yes
TOI02863.01,7:22:43,-22:36:59.1,"g, i, r, z",1.584,1.956,1,1653,muscat2,220113,16.02,,yes
TOI02866.01,8:28:35,-14:11:54.1,"g, r, z",1.426,1.527,1,288,muscat2,211208,1.64,,yes
TOI02870.01,7:28:42,+14:54:53,"g, i, r, z",1.028,1.278,1,2734,muscat2,231028,11.45,,yes
TOI02975.01,10:30:12,-21:01:52.1,"g, i, r, z",1.08,1.87,2,1873,muscat2,"220412, 230415",14.53,,yes
TOI02980.01,11:46:24,-12:32:32,"g, i, r, z",1.321,1.795,1,3337,muscat2,260413,20.25,,yes
TOI03082.01,13:05:01,-19:20:39.1,"g, i, r, z",1.482,1.92,1,2058,muscat2,220521,13.79,,yes
TOI03112.01,12:24:13,-11:41:48.1,"g, i, r, z",1.315,1.973,1,904,muscat2,220530,10.12,,yes
TOI03205.01,14:35:33,-24:44:43,"g, i, r, z",1.659,1.933,2,2011,muscat2,"220412, 240219",19.42,,yes
TOI03384.01,8:41:53,-19:55:34.1,"g, r, z",1.499,1.996,1,1351,muscat2,220302,12.82,,yes
TOI03387.01,8:36:16,-18:19:56,"g, i, r, z",1.455,1.909,1,1702,muscat2,231207,16.28,,yes
TOI03412.01,9:51:03,-14:51:08.1,"g, i, r, z",1.369,1.539,1,1577,muscat2,221214,12.49,,yes
TOI03433.01,,,"g, i, r, z",1.0,2.08,1,1162,muscat2,230425,13.14,,yes
TOI03434.01,9:02:42,+0:46:40,"g, i, r, z",1.127,1.311,1,1483,muscat2,231216,11.74,,yes
TOI03438.01,17:25:24,+28:17:43.1,"g, r, z",1.0,1.0,1,1412,muscat2,220324,8.05,,yes
TOI03505.01,19:49:17,+18:46:09,"g, i, r, z",1.099,1.846,1,1982,muscat2,230714,9.45,,yes
TOI03511.01,19:10:06,+28:23:56.1,"g, i, r, z",1.0,1.144,2,4645,muscat2,"220607, 230428",23.1,,yes
TOI03515.01,18:59:03,+28:59:06,"g, i, r, z",1.0,1.399,1,2882,muscat2,230704,21.38,,yes
TOI03517.01,18:35:37,+44:49:36,"g, i, r, z",1.0,1.245,2,1953,muscat2,"220614, 230510",18.28,,yes
TOI03521.01,21:08:51,+31:52:49,"g, i, r, z",1.006,1.945,1,3019,muscat2,231113,16.16,,yes
TOI03522.01,20:05:25,+34:26:57.1,"g, i, r, z",1.006,1.982,2,7708,muscat2,"220609, 260618",34.78,,yes
TOI03523.01,20:18:10,+42:59:27,"g, i, r, z",1.034,2.003,1,7988,muscat2,240922,22.19,,yes
TOI03529.01,21:53:24,+27:44:28,"g, i, r",1.0,1.556,1,2994,muscat2,241024,13.38,,yes
TOI03543.01,20:20:25.92,+42:55:21.8,"g, r, z",1.01088,1.22124,1,2393,muscat,220804,16.07,,yes
TOI03552.01,20:59:17,+25:59:53.1,"g, i, r, z",1.001,1.665,2,2025,muscat2,"221014, 221109",12.99,,yes
TOI03553.01,21:43:27,+29:58:52.1,"g, i, r, z",1.0,1.544,1,3494,muscat2,221015,16.65,,yes
TOI03560.01,19:45:22,+40:24:49,"g, i, r, z",1.023,1.952,1,6309,muscat2,230925,17.52,,yes
TOI03567.01,21:13:38,+29:57:23,"g, i, r, z",1.0,1.217,1,3445,muscat2,240829,16.41,,yes
TOI03570.01,20:22:51,+34:13:48,"g, i, r, z",1.005,1.779,1,3353,muscat2,230711,21.42,,yes
TOI03575.01,21:46:58,+36:22:05,"g, i, r, z",1.05,1.079,1,147,muscat2,241115,1.44,,yes
TOI03577.01,21:49:25,+48:25:54,"g, i, r, z",1.065,1.25,1,8618,muscat2,230716,16.21,,yes
TOI03584.01,21:00:11,+52:29:20,"g, i, r, z",1.096,1.44,1,3945,muscat2,231007,14.48,,yes
TOI03598.01,20:24:50,+59:20:40.1,"g, i, r, z",1.167,1.48,1,2184,muscat2,220910,16.2,,yes
TOI03603.01,0:56:28,+24:52:02,"g, i, r, z",1.002,1.426,1,1530,muscat2,231003,13.61,,yes
TOI03604.01,22:14:02.76,+56:56:28.0,"g, r, z",1.096,1.387,1,1128,muscat,210801,8.02,,yes
TOI03616.01,23:08:11,+47:10:09,"g, i, r, z",1.073,1.944,1,3299,muscat2,231115,15.47,,yes
TOI03628.01,0:53:04,+47:48:14,"g, i, r, z",1.157,2.045,1,2109,muscat2,241213,11.91,,yes
TOI03629.01,0:00:17,+39:28:00,"g, i, r, z",1.004,1.95,2,2799,"muscat, muscat2","210730, 240917",32.6,,yes
TOI03635.01,23:18:26,+44:44:00.1,"g, i, r, z",1.0,1.773,3,12147,muscat2,"220912, 221011, 221020",69.68,,yes
TOI03638.01,1:35:17,+17:58:13,"g, i, r, z",1.016,1.385,1,2925,muscat2,250924,15.02,,yes
TOI03645.01,3:30:21,+28:17:12,"g, i, r, z",1.0,1.0,1,1284,muscat2,240901,12.44,,yes
TOI03646.01,1:00:07,+57:42:24.1,"g, i, r, z",1.148,1.429,2,4695,muscat2,"220106, 220909",29.08,,yes
TOI03653.01,1:51:33,+49:13:02,"g, i, r, z",1.072,1.769,1,5130,muscat2,230814,16.01,,yes
TOI03654.01,2:39:03,+43:04:40,"g, i, r, z",1.034,1.156,1,1370,muscat2,231218,16.92,,yes
toi03661.01,1:28:38,+59:06:50,"g, i, r, z",1.164,1.428,1,2322,muscat2,240825,19.0,,yes
TOI03670.01,1:16:19,+57:12:36,"g, i, r, z",1.167,1.746,1,2582,muscat2,251229,13.25,,yes
TOI03671.01,0:50:59,+56:06:38.1,"g, i, r, z",1.131,1.554,1,2162,muscat2,210921,14.49,,yes
TOI03683.01,2:45:27,+54:53:03,"g, i, r, z",1.171,1.98,1,2053,muscat2,231025,13.75,,yes
TOI03694.01,1:35:06,+59:33:33,"g, i, r, z",1.184,1.575,1,2015,muscat2,241004,12.03,,yes
TOI03698.01,5:53:19,+36:47:59,"g, i, r, z",1.011,1.537,1,7902,muscat2,231029,19.54,,yes
TOI03712.01,17:25:24,+28:17:43.1,"g, r, z",1.0,1.0,1,1046,muscat2,220329,8.29,,yes
TOI03715.01,5:57:13,+39:09:15,"g, i, r, z",1.018,1.31,1,8516,muscat2,231010,11.83,,yes
TOI03722.01,3:23:02,+63:49:31.1,"g, i, r, z",1.228,1.478,2,4916,muscat2,"220921, 220922",34.76,,yes
TOI03734.01,5:19:11,+53:45:03,"g, i, r, z",1.107,1.289,1,2232,muscat2,231112,18.74,,yes
TOI03738.01,5:57:39,+34:15:30,"g, i, r, z",1.005,1.754,1,8831,muscat2,240201,23.2,,yes
TOI03739.01,5:48:28,+51:14:52,"g, i, r, z",1.086,1.855,1,3060,muscat2,231211,22.92,,yes
TOI03747.01,3:57:41,+57:54:10,"g, i, r, z",1.0,1.486,3,4433,muscat2,"231220, 240103, 240106",11.5,,yes
TOI03754.01,3:09:36,+62:29:06,"g, i, r, z",1.208,1.831,1,4882,muscat2,231120,18.13,,yes
TOI03760.01,5:51:53,+44:41:08.1,"g, i, r, z",1.042,1.108,1,2761,muscat2,211212,7.72,,yes
TOI03762.01,4:43:00,+55:58:17.1,"g, r, z",1.209,1.918,1,2574,muscat2,220301,8.58,,yes
TOI03776.01,6:52:48,+33:32:39.1,"g, i, r, z",1.076,1.83,1,5781,muscat2,221216,8.79,,yes
TOI03778.01,7:49:01,+56:43:05,"g, i, r, z",1.137,1.33,1,2099,muscat2,231126,18.42,,yes
TOI03785.01,8:45:18,+63:01:13.1,"g, i, r, z",1.13766,2.044,3,8203,"muscat, muscat2","220226, 220502, 231217",47.36,,yes
TOI03788.01,6:20:05,+54:21:32,"g, i, r, z",1.113,1.237,1,2341,muscat2,251221,13.26,,yes
toi03792.01,6:52:26,+48:54:35,"g, i, r, z",1.068,1.324,1,3902,muscat2,240204,22.1,,yes
TOI03795.01,6:36:54,+49:39:12,"g, i, r, z",1.074,1.2,1,4144,muscat2,240212,15.39,,yes
TOI03798.01,8:18:20,+46:57:08,"g, i, r, z",1.114,1.891,1,1871,muscat2,240423,12.53,,yes
TOI03800.01,6:54:52,+39:06:46,"g, i, r, z",1.018,1.977,3,6300,muscat2,"231123, 241003, 241102",34.03,,yes
TOI03830.01,11:10:34,+49:50:16,"g, i, r, z",1.075,1.176,1,1403,muscat2,240208,10.98,,yes
TOI03831.01,,,"g, i, r, z",1.04,1.09,1,808,muscat2,230410,10.1,,yes
TOI03833.01,10:13:44,+62:08:47.1,"g, r, z",1.204,1.302,1,1242,muscat2,220102,10.5,,yes
TOI03835.01,9:38:49,+28:08:39.1,"g, r, z",1.0,1.687,1,2043,muscat2,220122,15.53,,yes
TOI03836.01,11:06:39,+43:18:36,"g, i, r, z",1.035,1.441,1,3769,muscat2,240202,16.77,,yes
TOI03838.01,9:27:19,+33:17:59.1,"g, r, z",1.024,1.935,1,1718,muscat2,220228,10.8,,yes
TOI03841.01,10:21:11,+48:11:16,"g, i, r, z",1.153,1.916,1,1137,muscat2,240212,11.6,,yes
TOI03842.01,8:57:38,+30:52:30,"g, i, r, z",1.001,1.601,1,2754,muscat2,260314,23.1,,yes
TOI03847.01,10:43:18,+63:43:59,"g, i, r, z",1.227,1.395,1,2266,muscat2,260414,15.43,,yes
TOI03856,9:41:49,+27:52:38.1,"g, i, r, z",1.018,1.373,1,4337,muscat2,220503,8.7,,yes
TOI03859.01,11:17:22,+28:40:33,"g, i, r, z",1.012,1.157,1,865,muscat2,240130,6.31,,yes
TOI03861.01,12:01:03,+11:44:29.1,"g, r, z",1.043,1.727,2,2922,muscat2,"220213, 220222",23.47,,yes
TOI03862.01,12:24:38,+50:25:46.1,"g, r, z",1.085,1.561,2,6644,muscat2,"220206, 220309",14.9,,yes
TOI03865.01,12:31:12,+39:39:02,"g, i, r, z",1.053,2.039,1,2223,muscat2,250616,14.49,,yes
TOI03867.01,12:55:33,+46:56:17.1,"g, r, z",1.055,1.434,1,1935,muscat2,220302,16.41,,yes
TOI03870.01,14:04:32,+64:07:22,"g, i, r, z",1.233,1.423,1,1222,muscat2,230427,13.32,,yes
TOI03872.01,10:50:53,+27:04:05.1,"g, i, r, z",1.0,1.956,1,5028,muscat2,230310,16.76,,yes
TOI03876.01,18:59:37,+28:17:54.1,"g, i, r, z",1.0,1.0,1,2719,muscat2,220429,13.96,,yes
TOI03877.01,11:23:20,+33:50:29,"g, i, r, z",1.026,2.258,1,1020,muscat2,260412,17.0,,yes
TOI03878.01,12:18:38,+29:30:27.1,"g, i, r, z",1.0,1.54,2,8204,muscat2,"220301, 220519",26.5,,yes
TOI03879.01,12:20:02,+34:45:12,"g, i, r, z",1.006,1.242,1,2019,muscat2,260515,13.53,,yes
TOI03884.01,12:07:22,+12:23:07.1,"g, i, r, z",1.04,1.732,2,1914,muscat2,"220304, 230421",13.62,,yes
TOI03886.01,18:52:38,+52:26:36.1,"g, i, r, z",1.096,1.636,1,3145,muscat2,220526,22.22,,yes
TOI03887.01,12:07:15,+41:19:39,"g, i, r, z",1.026,1.153,1,2224,muscat2,240408,9.35,,yes
TOI03888.01,12:20:20,+36:29:07,"g, i, r, z",1.01,1.568,1,5398,muscat2,260311,20.16,,yes
TOI03889.01,12:02:23,+55:42:53,"g, i, r, z",1.126,1.416,1,1311,muscat2,230506,17.52,,yes
TOI03890.01,11:28:28,+37:31:43,"g, i, r, z",1.028,1.517,1,2080,muscat2,231202,11.78,,yes
TOI03891.01,13:09:28,+54:56:01.1,"g, r, z",1.118,1.374,1,2225,muscat2,220422,17.63,,yes
TOI03896.01,12:33:03,+63:49:12,"g, i, r, z",1.228,1.998,2,6351,muscat2,"230511, 231220",27.83,,yes
TOI03899.01,14:16:11,+57:42:42.1,"g, i, r, z",1.14,1.772,2,9347,muscat2,"220421, 230415",37.25,,yes
TOI03901.01,14:34:21,+52:16:16,"g, i, r, z",1.094,1.339,1,1545,muscat2,260617,14.95,,yes
TOI03902.01,,,"g, i, r, z",1.0,1.71,1,3463,muscat2,230422,23.79,,yes
TOI03906.01,13:12:47.18,+39:55:57.8,"g, r, z",1.00645,2.12852,1,1034,muscat,220124,14.85,,yes
TOI03907.01,15:25:19,+57:42:54.1,"g, r, z",1.148,1.364,1,1002,muscat2,220215,8.96,,yes
TOI03908.01,17:25:24,+28:17:43.1,"g, r, z",1.0,1.0,1,1697,muscat2,220410,6.53,,yes
TOI03910,14:55:12,+59:05:15,"g, i, r, z",1.164,1.305,1,4715,muscat2,230607,14.9,,yes
TOI03910.01,14:55:11,+59:02:23,"g, i, r, z",1.163,1.317,1,6273,muscat2,240422,17.43,,yes
TOI03912.01,14:24:22,+23:57:58,"g, i, r, z",1.003,1.707,1,5368,muscat2,240514,26.84,,yes
TOI03913.01,14:36:20,+48:00:00.1,"g, r, z",1.0,1.177,1,345,muscat2,220303,6.34,,yes
TOI03915.01,13:43:07,+17:12:27.1,"g, i, r, z",1.019,1.326,1,2049,muscat2,230314,13.24,,yes
TOI03916.01,14:43:51,+41:16:12,"g, i, r, z",1.026,1.803,2,8372,"muscat, muscat2","220203, 240221",26.64,,yes
TOI03918.01,18:59:37,+28:17:54.1,"g, i, r, z",1.0,1.0,1,2284,muscat2,220427,17.51,,yes
TOI03919,13:55:37.19,+40:23:50.4,"g, r, z",1.00499,1.0643,1,2012,muscat,220505,8.91,,yes
TOI03922.01,,,"g, i, r, z",1.02,1.24,1,3271,muscat2,230423,15.63,,yes
TOI03923.01,20:35:42,+61:13:07,"g, i, r, z",1.328,1.863,1,1577,muscat2,260616,9.23,,yes
TOI03927.01,22:51:52,+60:52:01,"g, i, r, z",1.186,1.53,1,2438,muscat2,240821,17.43,,yes
TOI03933.01,23:12:58,+56:58:47.1,"g, i, r, z",1.147,1.789,1,2357,muscat2,211212,15.74,,yes
TOI03942.01,23:44:05,+58:37:44.1,"g, i, r, z",1.158,1.265,1,736,muscat2,221205,9.2,,yes
TOI03944.01,22:32:03,+61:47:50,"g, i, r, z",1.201,1.886,1,4356,muscat2,251201,14.19,,yes
TOI03945.01,22:21:03,+62:46:56,"g, i, r, z",1.389,1.929,1,911,muscat2,241115,8.82,,yes
TOI03951.01,22:03:41,+60:21:39,"g, i, r, z",1.248,1.787,1,903,muscat2,240919,5.64,,yes
TOI03953.01,17:38:29,+59:37:44,"g, i, r, z",1.203,1.662,1,3981,muscat2,240620,11.06,,yes
TOI03956.01,15:17:35,+51:14:49.1,"g, r, z",1.086,1.752,1,2344,muscat2,220305,14.73,,yes
TOI03961.01,3:30:21,+28:17:12,"g, i, r, z",1.0,1.0,1,1918,muscat2,240903,13.13,,yes
TOI03969.01,23:35:29,+54:40:58.1,"g, i, r, z",1.116,1.3,1,1920,muscat2,221019,15.78,,yes
TOI03972.01,0:38:38,+61:20:12,"g, i, r, z",1.192,1.652,1,7331,muscat2,230930,22.27,,yes
TOI03973,15:18:53.26,+44:28:40.6,"g, r, z",1.07061,1.68937,1,692,muscat,220504,9.15,,yes
TOI03973.01,15:19:28,+44:22:55.1,"g, i, r, z",1.041,1.855,2,1768,muscat2,"220419, 230323",19.52,,yes
TOI03974.01,15:45:43,+45:31:52.1,"g, i, r, z",1.047,1.58,1,3380,muscat2,220518,16.12,,yes
TOI03977.01,15:24:19.24,+46:39:31.4,"g, r, z",1.18199,1.69097,1,1428,muscat,250407,5.95,,yes
TOI03984.01,15:06:15,+36:42:20.1,"g, i, r, z",1.0,1.355,4,3759,muscat2,"220310, 220601, 220614, 230302",32.1,,yes
TOI03993,0:23:03,+59:14:14,"g, i, r, z",1.165,1.49,1,5640,muscat2,231217,14.1,,yes
TOI04002.01,00:09:20.56,+60:09:21.5,r,1.275,1.275,1,1,muscat,210911,0.01,,yes
TOI04007.01,1:36:27,+62:29:00.1,"g, i, r, z",1.208,2.041,1,8752,muscat2,221126,24.31,,yes
TOI04030.01,18:30:59,+56:44:54.1,"g, i, r, z",1.137,1.288,1,2795,muscat2,220521,15.83,,yes
TOI04031.01,18:29:39,+55:19:38,"g, i, r, z",1.0,1.915,2,4748,muscat2,"230515, 260524",24.28,,yes
TOI04041.01,16:28:46,+21:33:07,"g, i, r, z",1.007,1.911,1,17279,muscat2,260512,24.0,,yes
TOI04055.01,17:56:49,+64:45:10,"g, i, r, z",1.243,1.352,1,2156,muscat2,230507,14.29,,yes
TOI04063.01,17:25:24,+28:17:43.1,"g, r, z",1.0,1.0,1,910,muscat2,220325,8.83,,yes
TOI04064.01,16:14:03,+42:52:24,"g, i, r, z",1.017,1.209,1,1264,muscat2,240311,12.24,,yes
TOI04065.01,16:12:23,+47:36:36,"g, i, r, z",1.059,1.199,1,2708,muscat2,260424,18.15,,yes
TOI04070.01,16:41:59,+42:22:17,"g, i, r, z",1.031,1.244,1,2706,muscat2,230428,11.76,,yes
TOI04074.01,1:59:12,+64:00:48.1,"g, i, r, z",1.231,1.578,1,3831,muscat2,221014,29.63,,yes
TOI04077.01,16:41:56,+38:54:51.1,"g, i, r, z",1.018,1.384,1,1859,muscat2,220608,12.39,,yes
TOI04079.01,1:21:10,+64:39:02.1,"i, r, z",1.19,1.605,1,1372,muscat2,210717,7.62,,yes
TOI04089.01,17:52:34,+22:37:32,"g, i, r, z",1.008,1.254,1,1376,muscat2,240529,9.22,,yes
TOI04091.01,18:32:42,+39:40:38.1,"g, i, r, z",1.02,1.118,1,4142,muscat2,220527,13.85,,yes
TOI04095.01,17:12:36,+47:11:45,"g, i, r, z",1.084,1.845,1,1723,muscat2,240223,14.22,,yes
TOI04101.01,19:14:16,+56:40:10.1,"g, r, z",1.152,1.649,1,1229,muscat2,220419,9.88,,yes
TOI04107.01,17:57:29,+58:50:47.1,"g, i, r, z",1.183,2.102,2,1917,muscat2,"220411, 220520",18.37,,yes
TOI04114.01,19:32:12,+61:56:21,"g, i, r, z",1.0,2.041,2,4425,muscat2,"230505, 260607",34.76,,yes
TOI04115.01,16:36:56,+57:10:14.1,"g, i, r, z",1.142,1.3,1,2386,muscat2,220506,17.43,,yes
TOI04118.01,17:53:59,+46:20:25.1,"g, i, r, z",1.086,1.726,1,2944,muscat2,220610,12.27,,yes
TOI04121.01,,,"g, i, r, z",1.02,1.62,1,4856,muscat2,230410,13.49,,yes
TOI04129.01,,,"g, i, r, z",1.07,1.82,1,5391,muscat2,230413,13.36,,yes
TOI04142.01,17:36:43,+35:16:48,"g, i, r, z",1.007,1.481,1,1834,muscat2,260606,28.57,,yes
TOI04172.01,17:52:30,+58:20:52,"g, i, r, z",1.155,1.949,1,4584,muscat2,240419,19.1,,yes
TOI04175.01,13:15:17,-16:39:14.1,"g, i, r, z",1.412,1.77,2,10779,muscat2,"220508, 230326",8.98,,yes
TOI04179,,,"g, i, r, z",1.41,1.86,1,5372,muscat2,230409,17.96,,yes
TOI04194.01,,,"g, i, r, z",1.241,1.45,1,1501,muscat2,220914,13.34,,yes
TOI04210.01,7:20:06,-15:00:55.1,"g, i, r, z",1.395,1.906,1,1350,muscat2,220104,7.95,,yes
TOI04215.01,17:25:24,+28:17:43.1,"g, r, z",1.0,1.0,1,895,muscat2,220324,7.94,,yes
TOI04221.01,7:48:29,-14:37:19,"g, i, r, z",1.364,1.629,1,1459,muscat2,240221,14.14,,yes
TOI04325.01,,,"g, i, r, z",1.081,1.756,1,2541,muscat2,211212,12.93,,yes
TOI04346.01,5:21:32,-4:10:53,"g, i, r, z",1.243,1.243,1,5,muscat2,241115,0.03,,yes
TOI04363.01,2:29:31,-12:25:40.1,"g, i, r, z",1.319,1.883,1,4636,muscat2,221027,9.8,,yes
TOI04364.01,5:21:39,-4:10:46,"g, i, r, z",1.0,1.382,3,7309,muscat2,"221023, 231123, 241115",30.15,,yes
TOI04438.01,18:02:19,+35:36:04,"g, i, r, z",1.0,1.739,3,7700,muscat2,"220516, 230501, 230707",41.92,,yes
TOI04449.01,18:34:11,+25:24:31.1,"g, i, r, z",1.127,1.691,1,4772,muscat2,230309,6.63,,yes
TOI04451.01,18:20:07,+34:05:18,"g, i, r, z",1.005,1.677,1,19431,muscat2,260620,12.86,,yes
TOI04461.01,18:37:47,+16:28:07.1,"g, i, r, z",1.022,1.675,1,8686,muscat2,220528,14.88,,yes
TOI04465.01,18:24:23.01,+15:48:58.6,"g, r, z",1.05598,1.84359,2,8901,muscat,"220809, 220810",18.92,,yes
TOI04479.01,21:05:26,+24:44:40.1,"g, i, r, z",1.003,1.265,1,541,muscat2,220602,10.24,,yes
TOI04481.01,20:45:03.58,+44:34:09.0,"g, r, z",1.0899,2.24726,1,4358,muscat,220501,10.41,,yes
TOI04491.01,20:23:21,+47:23:02.1,"g, i, r, z",1.058,1.421,2,7798,muscat2,"220524, 220603",23.81,,yes
TOI04493.01,19:55:45,+23:07:05.1,"g, i, r, z",1.004,1.255,2,15630,muscat2,"220610, 220616",19.05,,yes
TOI04495.01,19:06:30,+37:03:31,"g, i, r, z",1.012,1.598,1,13480,muscat2,260604,11.23,,yes
TOI04496.01,20:21:47,+43:45:15.1,"g, i, r, z",1.037,1.801,2,16016,muscat2,"220530, 220921",26.55,,yes
toi04496.01,20:21:40,+43:46:02.1,"g, i, r, z",1.051,1.501,1,4044,muscat2,220505,11.23,,yes
TOI04499.01,18:58:19,+39:05:07,"g, i, r, z",1.018,1.198,1,8328,muscat2,230612,13.35,,yes
TOI04500,20:26:02,+30:25:31,"g, i, r, z",1.001,1.957,1,13024,muscat2,230915,10.85,,yes
TOI04501.01,19:31:58,+30:28:32.1,"g, i, r, z",1.001,1.82,3,19180,muscat2,"220604, 220608, 220922",39.68,,yes
TOI04519.01,2:05:54,+4:07:04,"g, i, r, z",1.096,1.746,1,1604,muscat2,231112,16.15,,yes
TOI04529.01,1:09:04,+12:58:30.1,"g, i, r, z",1.0,1.868,3,10240,"muscat, muscat2","220121, 220809, 221030",25.65,,yes
TOI04540.01,1:15:50,+1:07:00,"g, i, r, z",1.124,1.706,1,2685,muscat2,231119,15.16,,yes
TOI04546.01,3:26:57,+23:16:44.1,"g, i, r, z",1.004,1.767,5,23436,"muscat, muscat2","220105, 220808, 221010, 221127, 221130",34.97,,yes
TOI04548.01,2:26:38,+25:38:53.1,"g, i, r, z",1.0,1.756,1,752,muscat2,221105,7.71,,yes
TOI04574.01,20:49:25,+24:33:50.1,"g, i, r, z",1.002,1.382,1,1775,muscat2,220605,13.12,,yes
TOI04576.01,18:22:12,+16:28:14,"g, i, r, z",1.022,1.645,3,14759,"muscat, muscat2","220805, 230504, 230706",34.04,,yes
TOI04596.01,6:36:33,+27:22:31,"g, i, r, z",1.0,1.793,3,15315,muscat2,"230307, 240118, 260315",18.63,,yes
TOI04599.01,06:37:03.98,+17:33:25.8,"g, z",1.08,1.361,1,618,muscat,211204,3.47,,yes
TOI04601.01,5:04:56,+24:16:36,"g, i, r, z",1.058,1.471,1,5078,muscat2,260312,4.23,publishable?,yes
TOI04634.01,4:19:50,+19:14:19.1,"g, r, z",1.014,1.821,1,3483,muscat2,220215,10.83,,yes
TOI04638.01,0:52:34,+12:55:01,"g, i, r, z",1.258,1.599,1,1552,muscat2,231102,3.88,,yes
TOI04640.01,3:30:21,+28:17:12,"g, i, r, z",1.0,1.0,1,1935,muscat2,240913,12.96,,yes
TOI04642.01,2:04:57,+6:57:07,"g, i, r, z",1.073,1.834,1,2856,muscat2,231227,18.2,,yes
toi04642.01,2:05:03,+6:54:45,"g, i, r, z",1.074,1.21,1,1911,muscat2,241126,11.52,,yes
TOI04643.01,2:10:27,+4:28:52,"g, i, r, z",1.089,1.966,3,12432,muscat2,"220107, 231007, 251114",28.15,,yes
TOI04659.01,3:56:07,-20:12:26.1,"g, i, r, z",1.507,1.937,3,8902,muscat2,"221027, 221210, 231102",34.7,,yes
TOI04660.01,3:29:31,+12:33:36.1,"g, i, r, z",1.039,1.285,1,2368,muscat2,221015,15.81,,yes
TOI04667.01,2:30:13,+1:26:44,"g, i, r, z",1.121,1.509,1,1910,muscat2,231129,12.57,,yes
TOI04669.01,03:07:32.73,-17:50:51.4,"g, i, r, z",1.454,2.00447,3,3613,"muscat, muscat2","220126, 220127, 220129",19.44,,yes
TOI04684.01,4:55:42,+7:49:51,"g, i, r, z",1.067,1.785,1,3712,muscat2,240928,15.47,,yes
TOI04700.01,4:12:18,+8:29:28,"g, i, r, z",1.063,1.822,1,2533,muscat2,231211,14.24,,yes
TOI04707.01,6:46:14,-14:36:06.1,"g, i, r, z",1.377,1.654,1,1081,muscat2,230314,6.32,,yes
TOI04714.01,06:19:44.41,-05:42:12.6,"g, r, z",1.31078,2.61957,1,3510,muscat,220228,10.83,,yes
TOI04717.01,7:04:29,-0:50:18,"g, i, r, z",1.145,2.011,1,1816,muscat2,250310,17.58,,yes
TOI04725.01,7:13:26,+15:22:19,"g, i, r, z",1.026,1.253,1,4720,muscat2,241111,11.72,,yes
TOI04727.01,3:30:21,+28:17:12,"g, i, r, z",1.0,1.0,1,929,muscat2,240911,6.56,,yes
TOI04728.01,,,"g, i, r, z",1.057,1.908,1,2800,muscat2,221109,18.76,,yes
TOI04731.01,6:29:53,+14:55:50.1,"g, r, z",1.028,1.76,1,4480,muscat2,220214,16.46,,yes
TOI04732.01,6:51:57,-18:22:30.1,"g, i, r, z",1.456,1.962,1,885,muscat2,221127,12.52,,yes
TOI04734.01,6:03:05,+12:34:28,"g, i, r, z",1.039,2.039,1,7102,muscat2,241130,31.59,,yes
TOI04735.01,06:43:33.50,-05:32:00.4,"g, i, r, z",1.21,1.58248,2,1152,"muscat, muscat2","220127, 230317",11.37,,yes
TOI04738.01,5:52:30,+13:45:27.1,"g, i, r, z",1.033,1.44,1,2887,muscat2,220120,13.49,,yes
TOI04749.01,6:13:59,+6:14:18,"g, i, r, z",1.079,1.774,2,3403,muscat2,"220121, 231124",27.12,,yes
TOI04766.01,14:55:55.11,+07:40:47.3,"g, r, z",1.122,1.122,1,1302,muscat,220203,11.03,,yes
TOI04790.01,,,"g, i, r, z",1.094,1.773,1,2008,muscat2,230326,16.73,,yes
TOI04793.01,7:39:37,-4:03:34,"Na_D, g_narrow, i_narrow, z_narrow",1.183,1.756,1,1626,muscat2,260313,15.87,,yes
TOI04798.01,7:47:57,+7:52:46,"g, i, r, z",1.067,1.347,1,1830,muscat2,260211,12.26,,yes
TOI04811.01,,,"g, i, r, z",1.074,1.952,2,3336,muscat2,"220206, 221214",23.02,,yes
TOI04834,9:31:17,-1:09:34,"g, i, r, z",1.149,1.973,1,4476,muscat2,260424,12.43,,yes
TOI04838.01,10:32:16.02,+02:15:41.6,"g, i, r, z",1.114,2.8909,5,6802,"muscat, muscat2","220227, 220301, 220307, 220418, 220507",43.51,,yes
TOI04838.01echo,15:29:29,+27:16:19.1,"g, i, r, z",1.049,1.049,1,5,muscat2,220507,0.02,,yes
TOI04860.01,17:25:24,+28:17:43.1,"g, r, z",1.0,1.66664,2,1234,"muscat, muscat2","220225, 220410",15.75,,yes
TOI04865.01,17:25:24,+28:17:43.1,"g, i, r, z",1.0,1.873,2,2322,muscat2,"220331, 220513",22.98,,yes
toi04873.01,12:57:01,-26:17:52.1,"g, i, r, z",1.723,1.98,1,1436,muscat2,220505,11.97,,yes
TOI04985.01,6:13:50,+12:53:14.1,"g, i, r, z",1.037,1.602,1,3193,muscat2,221129,16.38,,yes
TOI05048.01,16:30:54,-28:31:35.1,"g, i, r, z",1.823,2.142,1,1270,muscat2,220508,12.51,,yes
TOI05078.01,3:26:40,+13:34:27.1,"g, i, r, z",1.034,1.959,2,16680,muscat2,"221101, 231103",27.71,,yes
TOI05079.01,5:10:56,+24:21:02.1,"g, r, z",1.002,1.652,1,7136,muscat2,220222,6.12,,yes
TOI05082.01,07:06:02.56,+22:42:54.2,"g, r, z",1.02193,1.51691,1,7484,muscat,220225,11.68,,yes
TOI05092.01,6:48:09,+28:49:49,"g, i, r, z",1.144,1.983,1,3796,muscat2,240215,8.44,,yes
TOI05099.01,3:00:55,+20:08:01,"g, i, r, z",1.01,1.168,1,10079,muscat2,230925,4.9,,yes
TOI05100.01,4:29:19,+33:08:21,"g, i, r, z",1.004,1.35,1,3184,muscat2,231028,13.27,,yes
TOI05102.01,8:13:47,+17:52:46.1,"g, i, r, z",1.0,1.749,3,1776,"muscat, muscat2","220113, 220114, 220124",23.11,,yes
TOI05105.01,9:06:04,+20:50:51,"g, i, r, z",1.008,1.59,1,4197,muscat2,240305,24.62,,yes
TOI05108.01,11:06:39,+11:10:52,"g, i, r, z",1.046,1.864,1,4000,muscat2,231226,16.67,,yes
TOI05109.01,5:19:01,+17:45:24.1,"g, i, r, z",1.02,1.766,1,8766,muscat2,221215,8.31,,yes
TOI05112.01,7:22:51,+17:32:51,"g, i, r, z",1.018,2.1,1,8018,muscat2,260212,22.07,,yes
TOI05113.01,5:23:52,+30:59:06,"g, i, r, z",1.063,1.853,2,1259,muscat2,"241122, 241126",9.97,,yes
TOI05116.01,10:58:50,+12:24:33,"g, i, r, z",1.04,1.777,1,3592,muscat2,240319,14.97,,yes
TOI05124.01,6:33:26,+17:22:03.1,"g, r, z",1.018,1.829,1,7247,muscat2,220218,15.33,,yes
TOI05126.01,10:08:11,+18:31:04,"g, i, r, z",1.015,1.848,1,15559,muscat2,240206,17.29,,yes
TOI05131.01,10:23:20,+9:53:59,"g, i, r, z",1.054,1.65,1,1218,muscat2,230502,13.55,,yes
TOI05139.01,10:15:06,+19:48:48,"g, i, r, z",1.011,1.674,3,5514,muscat2,"230219, 260211, 260307",50.06,,yes
TOI05143.01,,,"g, i, r, z",1.088,1.341,1,2378,muscat2,220130,15.45,,yes
TOI05143.02,12:23:46,+18:20:51.1,"g, i, r, z",1.008,2.035,2,3871,muscat2,"220416, 240530",18.78,,yes
TOI05156.01,3:48:36,+8:47:24,"g, i, r, z",1.061,1.56,2,7181,muscat2,"240102, 241025",21.44,,yes
TOI05157.01,,,"g, i, r, z",1.174,1.822,1,1889,muscat2,220522,10.36,,yes
TOI05165.01,10:18:27,+6:44:38,"g, i, r, z",1.075,1.267,1,2145,muscat2,260327,15.44,,yes
TOI05169.01,10:21:17,+6:30:09,"g, i, r, z",1.077,2.0083,4,28135,"muscat, muscat2","220319, 250119, 250127, 250418",51.31,,yes
TOI05176.01,9:01:31,+13:11:54,"g, i, r, z",1.036,2.02033,2,2965,"muscat, muscat2","220224, 251229",44.93,,yes
TOI05181.01,18:43:57,+21:43:59,"g, i, r, z",1.007,1.364,1,2177,muscat2,240821,16.37,,yes
TOI05195.01,19:21:35,+23:52:36,"g, i, r, z",1.003,1.438,1,4051,muscat2,240818,20.8,,yes
TOI05196.01,18:57:38,+33:17:54.1,"g, i, r, z",1.004,1.485,2,2615,muscat2,"220513, 230716",18.71,,yes
TOI05204.01,20:44:35,+40:22:24,"g, i, r, z",1.023,1.885,1,4082,muscat2,230529,17.3,,yes
TOI05205.01,20:56:14,+24:27:13,"g, i, r, z",1.013,2.033,3,3368,muscat2,"220507, 220520, 260421",28.25,,yes
TOI05209.01,17:25:24,+28:17:43.1,"g, r, z",1.0,1.197,1,1675,muscat2,220410,8.38,,yes
TOI05213.01,20:38:06,+29:27:51.1,"g, i, r, z",1.0,1.35568,2,2763,"muscat, muscat2","220807, 221101",15.42,,yes
TOI05217.01,19:40:51,+28:37:36,"g, i, r, z",1.0,1.978,1,13209,muscat2,260528,18.35,,yes
TOI05221.01,20:08:51,+59:32:19,"g, i, r, z",1.169,1.934,1,2176,muscat2,230530,21.07,,yes
TOI05242.01,19:11:37,+35:31:48,"g, i, r, z",1.008,1.155,1,3598,muscat2,230617,17.2,,yes
TOI05243.01,20:38:17,+48:09:18.1,"g, i, r, z",1.121,1.674,1,2516,muscat2,221125,10.48,,yes
TOI05245.01,18:36:52,+42:32:59.1,"g, i, r, z",1.032,1.902,3,1798,muscat2,"220307, 220414, 220502",21.38,,yes
TOI05248.01,20:01:15,+21:49:11,"g, i, r, z",1.0,1.851,2,2106,muscat2,"220603, 231109",14.1,,yes
TOI05249.01,20:09:43,+42:32:04,"g, i, r, z",1.04,1.664,1,1574,muscat2,260511,14.39,,yes
TOI05253.01,11:57:43,+58:16:31.1,"g, r, z",1.103,1.777,3,2525,muscat2,"220310, 220311, 220312",23.92,,yes
TOI05259.01,19:37:14,+21:52:28.1,"g, i, r, z",1.006,1.157,2,3511,muscat2,"221028, 230815",16.61,,yes
TOI05268.01,15:16:44,+62:35:28,"g, i, r, z",1.0,1.817,2,1173,muscat2,"220324, 240516",15.56,,yes
TOI05278.01,19:43:03.39,+66:36:27.1,"g, r, z",1.17976,1.4785,5,3187,muscat,"220503, 220806, 220807, 220808, 250724",43.94,,yes
TOI05279.01,18:13:42,+47:21:06,"g, i, r, z",1.065,1.934,1,3896,muscat2,240522,16.23,,yes
TOI05282.01,18:00:00,+49:32:04.1,"g, i, r, z",1.073,1.153,1,2052,muscat2,220515,8.55,,yes
TOI05284.01,19:56:05,+36:14:20,"g, i, r, z",1.101,1.86,1,2576,muscat2,231118,10.18,,yes
TOI05293.01,23:44:38,-1:54:11,"g, i, r, z",1.173,1.792,1,1453,muscat2,230705,9.78,,yes
TOI05295.01,23:18:40,-9:17:16,"g, i, r, z",1.261,1.703,1,1482,muscat2,231002,15.88,,yes
TOI05301.01,3:30:21,+28:17:12,"g, i, r, z",1.0,1.0,1,5581,muscat2,240831,23.25,,yes
TOI05304.01,0:49:41,+7:03:12,"g, i, r, z",1.073,1.81,1,1128,muscat2,231024,18.8,,yes
TOI05307.01,1:04:58,+10:06:06.1,"g, i, r, z",1.053,1.838,2,4895,muscat2,"221125, 221211",25.97,,yes
TOI05311.01,2:10:54,+21:35:33,"g, i, r, z",1.007,1.349,1,2023,muscat2,241110,13.55,,yes
TOI05314.01,0:38:41,+14:02:55.1,"g, i, r, z",1.032,1.041,1,343,muscat2,221206,2.86,,yes
TOI05315.01,1:38:42,+16:09:09,"g, i, r, z",1.023,1.857,2,1684,muscat2,"231127, 231207",17.1,,yes
TOI05319.01,2:22:18,+23:37:23.1,"g, i, r, z",1.003,1.366,1,3209,muscat2,221120,14.64,,yes
TOI05320.01,1:31:41,+17:24:48.1,"g, i, r, z",1.167,1.874,1,1144,muscat2,221102,7.63,,yes
TOI05327.01,3:25:35,+12:30:51,"g, i, r, z",1.039,1.126,1,736,muscat2,240123,8.26,,yes
TOI05329.01,3:48:20,+22:57:02,"g, i, r, z",1.281,1.714,1,1013,muscat2,231102,4.51,,yes
TOI05337.01,5:11:37,+19:44:38.1,"g, i, r, z",1.011,1.214,2,3498,muscat2,"221205, 230924",15.56,,yes
TOI05338.01,5:14:28,+22:34:10,"g, i, r, z",1.017,1.563,1,1722,muscat2,241122,11.54,,yes
TOI05342.01,5:07:11,+29:46:18.1,"g, i, r, z",1.0,1.664,3,12951,muscat2,"221105, 221119, 230126",38.19,,yes
TOI05344.01,4:14:24,+20:58:38.1,"g, i, r, z",1.008,1.459,1,2034,muscat2,221218,15.37,,yes
TOI05345.01,4:51:58,+33:02:32.1,"g, i, r, z",1.048,1.779,1,6139,muscat2,230311,10.43,,yes
TOI05347.01,2:26:04,+24:11:48,"g, i, r, z",1.05,1.086,1,139,muscat2,241105,1.25,,yes
TOI05348.01,5:07:24,+32:45:07.1,"g, i, r, z",1.004,1.485,1,4920,muscat2,221221,12.88,,yes
TOI05349.01,3:32:34,+20:58:37,"g, i, r, z",1.008,1.637,2,2517,muscat2,"220910, 230920",20.49,,yes
TOI05352.01,5:13:35,+28:34:51,"g, i, r, z",1.0,1.493,2,5372,muscat2,"260109, 260112",34.23,,yes
TOI05353.01,3:37:51,+19:42:09.1,"g, i, r, z",1.011,1.464,1,4621,muscat2,221021,14.05,,yes
TOI05354.01,3:07:00,+28:18:10,"g, i, r, z",1.0,1.846,1,5342,muscat2,241113,29.68,,yes
TOI05364.01,5:09:25,+31:55:58.1,"g, i, r, z",1.272,1.888,1,1527,muscat2,220913,5.95,,yes
TOI05367,,,"g, i, r, z",1.22,1.92,1,644,muscat2,230409,7.17,,yes
TOI05371.01,4:28:49,+20:54:21.1,"g, i, r, z",1.027,1.438,1,1434,muscat2,221029,9.57,,yes
TOI05372.01,2:55:53,+23:18:18,"g, i, r, z",1.004,1.337,1,2569,muscat2,240917,18.28,,yes
TOI05378.01,6:55:57,+38:37:06,"g, i, r, z",1.016,1.791,1,5852,muscat2,231104,20.65,,yes
TOI05386.01,15:05:10,+60:26:24,"g, i, r, z",1.18,1.46,2,10805,muscat2,"230424, 230621",25.75,,yes
TOI05388.01,10:10:13,+35:26:21,"g, i, r, z",1.008,1.62,2,7938,muscat2,"230313, 240426",16.8,,yes
TOI05389,11:16:30,+39:14:53,"g, i, r, z",1.0,1.987,1,3212,muscat2,230512,16.95,,yes
TOI05389.01,11:16:32,+39:16:24,"g, i, r, z",1.018,1.81,2,6445,muscat2,"240106, 240510",40.27,,yes
TOI05394.01,10:19:49,+17:17:51,"g, i, r, z",1.019,1.776,1,7338,muscat2,240210,14.01,,yes
TOI05396.01,15:09:11,+62:52:25,"g, i, r, z",1.214,1.514,1,10185,muscat2,240620,4.95,,yes
TOI05397.01,11:29:42,+39:30:41,"g, i, r, z",1.019,1.409,1,10963,muscat2,260306,16.89,,yes
TOI05398.01,10:48:48,+36:10:38.1,"g, i, r, z",1.0,1.609,3,12583,muscat2,"220330, 221205, 230325",36.41,,yes
TOI05403.01,6:44:05,+15:38:02,"g, i, r, z",1.025,1.261,1,3198,muscat2,251116,16.42,,yes
TOI05406.01,5:41:19,+12:16:43,"g, i, r, z",1.04,1.655,3,6366,muscat2,"231001, 231207, 231227",37.49,,yes
TOI05408.01,6:26:46,+20:32:33,"g, i, r, z",1.034,1.761,2,3758,muscat2,"221120, 230928",18.79,,yes
TOI05409.01,5:37:08,+31:47:58.1,"g, i, r, z",1.034,1.478,1,2520,muscat2,221118,9.36,,yes
TOI05412.01,6:57:47,+13:26:46.1,"g, i, r, z",1.035,1.85,3,11994,muscat2,"230208, 230225, 230305",23.04,,yes
TOI05413.01,6:01:57,+22:22:06,"g, i, r, z",1.005,1.848,1,7665,muscat2,241104,23.28,,yes
TOI05414.01,7:19:17,+31:26:40,"g, i, r, z",1.002,1.752,1,2400,muscat2,240127,23.24,,yes
toi05422.01,5:49:01,+25:39:06,"g, i, r, z",1.001,1.81,1,4182,muscat2,240202,21.47,,yes
TOI05425.01,6:03:03,+22:14:48.1,"g, i, r, z",1.007,1.323,1,1143,muscat2,221118,10.58,,yes
TOI05426.01,5:28:19,+31:39:02,"g, i, r, z",1.002,1.392,1,8164,muscat2,240225,11.34,,yes
TOI05435.01,6:13:16,+13:45:14.1,"g, i, r, z",1.033,1.355,1,5689,muscat2,221115,8.99,,yes
TOI05442.01,9:35:06,+6:38:46,"g, i, r, z",1.084,1.674,1,3872,muscat2,240310,10.76,,yes
TOI05443.01,6:13:15,+34:58:41,"g, i, r, z",1.007,1.464,1,2684,muscat2,240119,15.64,,yes
TOI05447.01,5:47:19,+35:22:26.1,"g, i, r, z",1.029,1.807,1,1656,muscat2,221029,13.8,,yes
TOI05451.01,,,"g, i, r, z",1.11,1.48,1,645,muscat2,230415,6.14,,yes
TOI05452.01,7:13:09,+28:52:12,"g, i, r, z",1.001,2.14,2,2678,muscat2,"230419, 231020",21.23,,yes
TOI05457.01,6:43:48,+19:44:42.1,"g, i, r, z",1.011,1.704,2,11898,muscat2,"221120, 221130",31.7,,yes
TOI05458.01,7:01:22,+30:31:04,"g, i, r",1.001,1.554,1,3481,muscat2,241018,10.91,,yes
TOI05459.01,5:17:31,+34:07:45,"g, i, r, z",1.005,1.195,1,1209,muscat2,250117,11.71,,yes
TOI05461.01,5:56:44,+18:20:20,"g, i, r, z",1.02,1.5,1,2246,muscat2,231125,11.53,,yes
TOI05463.01,5:34:18,+19:59:07.1,"g, i, r, z",1.011,1.441,1,2779,muscat2,230123,18.62,,yes
TOI05464.01,10:36:27,+19:00:23.1,"g, i, r, z",1.013,1.223,1,1456,muscat2,221218,12.13,,yes
TOI05465.01,7:10:22,+24:13:30,"g, i, r, z",1.051,1.738,1,2532,muscat2,241005,10.55,,yes
TOI05470.01,6:06:10,+31:44:01.1,"g, i, r, z",1.002,1.15,1,2726,muscat2,230124,16.27,,yes
TOI05480.01,8:54:18,+17:22:43,"g, i, r, z",1.033,2.023,1,3284,muscat2,240420,13.68,,yes
TOI05482.01,11:31:44,+16:39:00,"g, i, r, z",1.021,1.549,1,6208,muscat2,240215,12.06,,yes
TOI05484.01,,,"g, i, r, z",1.061,1.276,1,3495,muscat2,221221,17.43,,yes
TOI05485.01,8:19:22,+15:55:33,"g, i, r, z",1.024,1.181,1,2075,muscat2,240311,11.71,,yes
TOI05486.01,,,"g, i, r, z",1.121,1.861,1,1099,muscat2,220527,11.35,,yes
TOI05491.01,7:36:06,+17:13:26,"g, i, r, z",1.019,1.827,1,12306,muscat2,260114,13.67,,yes
TOI05491.X,7:35:54,+17:14:08,"g, i, r, z",1.019,1.64,1,7772,muscat2,260221,24.44,,yes
TOI05493.02,8:36:13,+8:56:49,"g, i, r, z",1.06,1.92,1,18440,muscat2,260220,23.05,,yes
TOI05500.01,7:45:23,+20:10:11.1,"g, r, z",1.148,1.822,1,244,muscat2,220423,6.31,,yes
TOI05507.01,9:55:57,+6:32:21,"g, i, r, z",1.077,2.102,4,7658,"muscat, muscat2","220501, 230125, 240102, 240526",36.78,,yes
TOI05511.01,9:29:27,+4:06:17,"g, i, r, z",1.096,1.467,1,1389,muscat2,240226,10.79,,yes
toi05511.01,9:29:39,+4:09:59,"g, i, r, z",1.126,1.66,1,1271,muscat2,250421,9.35,,yes
TOI05519.01,11:12:25,-3:22:51,"g, i, r, z",1.0,2.054,1,1761,muscat2,260507,9.94,,yes
TOI05522.01,8:26:57,+10:06:18,"g, i, r, z",1.0,1.827,3,8358,muscat2,"230113, 231111, 240219",31.18,,yes
TOI05525.01,,,"g, i, r, z",1.054,1.327,1,2872,muscat2,230125,11.97,,yes
TOI05526.01,12:13:25,-12:48:32.1,"g, i, r, z",1.326,1.96,1,5660,muscat2,220518,13.03,,yes
TOI05532.01,2:46:53,+5:15:02,"g, i, r, z",1.087,1.291,1,2278,muscat2,231210,11.3,,yes
TOI05543.01,4:26:04,+23:21:57.1,"g, i, r, z",1.014,2.188,2,3248,muscat2,"221119, 221203",18.02,,yes
TOI05543.01echo,4:51:57,+33:02:32.1,"g, i, r, z",1.006,1.007,1,50,muscat2,221119,0.19,,yes
TOI05544.01,5:00:29,+18:12:41,"g, i, r, z",1.016,1.179,1,5548,muscat2,241110,7.71,,yes
TOI05551.01,5:49:56,+18:11:09,"g, i, r, z",1.016,1.443,2,4039,muscat2,"231009, 231201",28.07,,yes
TOI05554.01,7:00:34,+28:41:54,"g, i, r, z",1.0,1.829,1,10997,muscat2,231113,22.08,,yes
TOI05561.01,9:06:03,+13:43:27.1,"g, i, r, z",1.033,1.239,1,1245,muscat2,221215,12.05,,yes
TOI05565.01,8:46:25,+45:23:40,"g, i, r, z",1.046,1.638,1,2947,muscat2,260316,21.66,,yes
TOI05569.01,19:55:41,+58:34:36,"g, i, r, z",1.195,1.982,1,6711,muscat2,230503,13.47,,yes
TOI05572.01,7:01:57,+37:09:45.1,"g, i, r, z",1.012,1.498,1,8407,muscat2,230309,14.19,,yes
TOI05573.01,9:07:24,+55:13:57,"g, i, r, z",1.124,1.681,1,2513,muscat2,240129,15.56,,yes
TOI05577.01,7:02:39,+41:03:45.1,"g, i, r, z",1.098,1.321,1,1937,muscat2,220930,5.38,,yes
TOI05579.01,7:05:18,+52:29:15,"g, i, r, z",1.096,1.443,2,2744,muscat2,"231219, 240128",27.28,,yes
toi0559.01,1:24:08,+49:03:09,"g, i, r, z",1.501,1.508,1,19,muscat2,200109,0.11,,yes
TOI05590.01,7:24:22,+37:37:03,"g, i, r, z",1.0,1.98,4,6041,muscat2,"230316, 230422, 231030, 231127",27.89,,yes
TOI05595.01,7:23:39,+35:10:48,"g, i, r, z",1.043,1.71,1,2801,muscat2,240107,11.67,,yes
TOI05596.01,7:07:21,+42:51:28.1,"g, i, r, z",1.034,1.262,1,1806,muscat2,221126,10.04,,yes
TOI05599.01,13:18:34,+55:32:49,"g, i, r, z",1.124,1.621,2,18527,muscat2,"240214, 240403",42.74,,yes
TOI0560.01,8:40:12,-13:19:43,"g, i, r, z",1.337,1.921,1,11742,muscat2,250224,16.31,,yes
TOI05603.01,12:17:55,+57:31:00.1,"g, i, r, z",1.0,1.659,1,4104,muscat2,220605,13.74,,yes
TOI05604.01,20:25:53,+63:40:31,"g, i, r, z",1.226,1.928,1,12270,muscat2,240924,21.22,,yes
TOI05606.01,10:29:02,+22:19:42.1,"g, i, r, z",1.206,1.85,1,672,muscat2,220603,6.92,,yes
TOI05607.01,18:03:26,+63:12:27,"g, i, r, z",1.219,1.891,1,1929,muscat2,240520,18.69,,yes
TOI05610.01,10:25:49,+48:08:42,"g, i, r, z",1.14,1.242,1,463,muscat2,240203,3.32,,yes
TOI05616.01,12:21:02,+48:33:01,"g, i, r, z",1.066,1.949,3,4837,muscat2,"240319, 240327, 240406",41.47,,yes
TOI05618.01,11:33:38,+44:00:15.1,"g, i, r, z",1.062,1.906,1,1296,muscat2,220529,14.94,,yes
TOI05620.01,10:40:27,+27:19:46,"g, i, r, z",1.0,1.858,1,3964,muscat2,260217,16.52,,yes
TOI05624.04,12:04:31,+49:05:34,"g, i, r, z",1.07,1.405,1,9026,muscat2,260407,8.15,,yes
TOI05626.01,13:14:31,+31:29:29,"g, i, r, z",1.002,2.008,2,23993,muscat2,"240529, 260315",28.36,,yes
TOI05628.01,12:24:10,+18:42:50,"g, i, r, z",1.022,1.039,1,159,muscat2,240308,1.56,,yes
toi05628.01,12:24:08,+18:42:20,"g, i, r, z",1.074,2.121,1,1426,muscat2,240330,12.04,,yes
TOI05630.01,15:46:42,+40:20:18,"g, i, r, z",1.022,1.134,1,7880,muscat2,230429,10.94,,yes
TOI05633.01,13:59:55,-2:39:00,"g, i, r, z",1.166,1.82,1,4088,muscat2,240303,20.98,,yes
TOI05634.01,11:43:46,+20:50:29,"g, i, r, z",1.003,1.596,2,2063,muscat2,"230510, 230521",19.12,,yes
toi05634.01,11:43:47,+20:46:44,"g, i, r, z",1.009,1.88,1,2065,muscat2,240216,17.42,,yes
TOI05638,14:01:42,+53:00:39,"g, i, r, z",1.102,1.334,1,2031,muscat2,230624,10.45,,yes
TOI05638.01,14:01:44,+53:00:59,"g, i, r, z",1.101,1.348,1,2336,muscat2,230622,11.99,,yes
TOI05639.01,14:12:56,+61:14:11,"g, i, r, z",1.191,1.494,2,6018,muscat2,"230507, 240407",38.67,,yes
TOI05641.01,12:04:50,+42:23:33.1,"g, i, r, z",1.031,1.216,1,1558,muscat2,230308,11.88,,yes
TOI05644.01,14:01:19,+55:10:42,"g, i, r, z",1.121,1.32,1,1656,muscat2,240120,10.66,,yes
TOI05646.01,13:14:56,+5:34:52,"g, i, r, z",1.084,2.017,2,17005,muscat2,"260218, 260307",36.79,,yes
TOI05647.01,15:03:18,+31:52:28,"g, i, r, z",1.002,1.628,1,1687,muscat2,240325,16.33,,yes
TOI05649.01,15:01:17,+39:21:37,"g, i, r, z",1.026,1.321,2,2088,muscat2,"230506, 240127",10.77,,yes
toi05653.01,18:33:42,+57:51:57,"g, i, r, z",1.149,1.924,1,2748,muscat2,240504,21.97,,yes
TOI05654.01,15:24:42,+37:23:28,"g, i, r, z",1.013,1.209,1,2585,muscat2,240222,11.57,,yes
TOI05656.01,13:59:53,+13:59:43.1,"g, i, r, z",1.032,1.328,1,1655,muscat2,230319,13.96,,yes
TOI05658.01,14:04:37,-1:34:19,"g, i, r, z",1.153,1.733,2,1916,muscat2,"230325, 240524",21.86,,yes
TOI05659.01,16:25:32,+57:28:10,"g, i, r, z",1.145,1.284,1,3258,muscat2,240420,17.55,,yes
TOI05661.01,14:50:32,+20:30:38,"g, i, r, z",1.009,1.208,1,1939,muscat2,240402,14.48,,yes
TOI05664.01,14:42:49,+28:05:18,"g, i, r, z",1.0,1.546,1,1569,muscat2,250622,17.1,,yes
TOI05668.01,13:25:34,+28:23:36,"g, i, r, z",1.0,1.747,1,13905,muscat2,260415,19.31,,yes
TOI05683.01,15:26:52,+44:45:25.1,"g, i, r, z",1.043,1.794,2,2258,muscat2,"230308, 230312",20.22,,yes
TOI05684.01,15:36:12,-9:24:57,"g, i, r, z",1.0,1.887,2,3896,muscat2,"240226, 260610",24.85,Jan's target,yes
TOI05686.01,16:30:53,+37:38:29,"g, i, r, z",1.013,1.313,1,2116,muscat2,260608,15.8,,yes
TOI05687.01,15:17:08,+10:22:59,"g, i, r, z",1.064,1.977,1,4563,muscat2,230520,11.14,,yes
TOI05688.01,17:48:22,+47:41:15,"g, i, r, z",1.048,1.354,1,1161,muscat2,240430,17.53,,yes
TOI05693.01,15:47:37,+4:39:18,"g, i, r, z",1.091,1.315,1,1040,muscat2,260420,9.79,,yes
TOI05694.01,,,"g, i, r, z",1.23,2.36,1,2523,muscat2,230419,20.24,,yes
TOI05695.01,16:08:28.26,+19:15:27.4,"g, i, r, z",1.0024,1.44693,2,1642,"muscat, muscat2","220802, 230414",21.29,,yes
TOI05697.01,3:37:06,+10:55:50,"g, i, r, z",1.048,1.504,1,7194,muscat2,251222,12.39,,yes
TOI05702.01,17:03:03,+14:40:28,"g, i, r, z",1.037,1.904,1,4721,muscat2,240605,13.11,,yes
TOI05706.01,15:07:26,+57:23:01.1,"g, i, r, z",1.201,1.472,1,1477,muscat2,230120,7.48,,yes
TOI05708.01,12:14:34,+11:49:04,"g, i, r, z",1.169,1.845,1,4864,muscat2,230617,6.76,,yes
TOI05709.01,,,"g, i, r, z",1.03,1.54,1,5942,muscat2,230414,20.04,,yes
TOI05713.01,13:54:58,+52:30:24,"g, i, r, z",1.166,1.963,1,1627,muscat2,230708,12.76,,yes
TOI05714.01,8:49:53,+57:24:39,"g, i, r, z",1.144,1.399,2,17497,muscat2,"240203, 240313",25.16,,yes
TOI05715.01,11:03:06.92,+70:00:03.9,"g, r, z",1.32418,1.81347,1,1018,muscat,260124,9.32,,yes
TOI05720,11:22:34,+25:09:16.1,"g, i, r, z",1.002,1.348,1,1835,muscat2,230407,16.31,,yes
TOI05720.01,11:22:32,+25:08:51,"g, i, r, z",1.0,1.363,3,2252,muscat2,"230125, 230312, 231128",16.18,,yes
TOI05730.01,11:43:37,+24:04:03.1,"g, i, r, z",1.0,1.284,1,2792,muscat2,230302,7.5,,yes
toi05734.01,7:26:45,+37:11:37,"g, i, r",1.012,1.207,1,4489,muscat2,240210,11.53,,yes
TOI05738.02,16:16:02,+61:51:46,"g, i, r, z",1.2,1.514,1,1575,muscat2,240601,14.03,,yes
TOI05743.01,17:52:43,+24:22:40,"g, i, r, z",1.002,1.759,3,12757,muscat2,"260414, 260415, 260507",22.92,,yes
TOI05746.01,9:31:28,+50:49:41,"g, i, r, z",1.082,1.584,1,13850,muscat2,240223,23.18,,yes
TOI05747,9:55:03,+35:32:41.1,"g, i, r, z",1.219,1.885,1,2491,muscat2,221125,5.78,,yes
TOI05747.01,9:54:35,+35:30:57.1,"g, i, r, z",1.017,1.614,2,10603,muscat2,"221106, 240129",19.29,,yes
TOI05750.01,16:35:08,+24:15:54.1,"g, i, r, z",1.014,1.796,1,1709,muscat2,230303,13.83,,yes
TOI05756.01,16:57:33,+37:44:47,"g, i, r, z",1.12,1.913,1,1088,muscat2,240220,10.53,,yes
TOI05759.01,18:04:16,+20:05:19,"g, i, r, z",1.011,1.356,1,1123,muscat2,240505,11.21,,yes
TOI05762.01,17:14:29,+25:14:36,"g, i, r, z",1.001,1.506,2,5766,muscat2,"240510, 260522",27.37,,yes
TOI05766.01,16:56:58,+14:54:17.1,"g, i, r, z",1.014,1.403,1,1733,muscat2,230304,10.59,,yes
TOI05786.01,19:34:28,+30:44:55,"g, i, r, z",1.001,2.046,2,18036,muscat2,"230714, 231119",24.31,,yes
TOI05792.01,,,"g, i, r, z",1.11,1.28,1,1513,muscat2,230425,5.65,,yes
TOI05799.01,20:07:42,+16:04:08,"g, i, r, z",1.023,1.367,1,8089,muscat2,230708,13.02,,yes
TOI05799.02,20:07:46,+16:05:54,"g, i, r, z",1.025,1.638,1,3582,muscat2,260520,11.98,,yes
TOI05800.01,20:21:29,-7:22:29,"g, i, r, z",1.23,1.937,2,6986,muscat2,"230622, 241023",21.02,,yes
TOI05804.01,22:04:06,+12:05:43,"g, i, r, z",1.041,1.279,1,3328,muscat2,230701,12.36,,yes
TOI05809.01,20:59:21,+40:17:25,"g, i, r, z",1.022,1.517,2,10966,muscat2,"231010, 240527",21.42,,yes
TOI05810.01,21:39:48,+23:14:33,"g, i, r, z",1.004,1.561,1,6697,muscat2,230804,24.99,,yes
TOI05814,20:20:56,+33:04:49,"g, i, r, z",1.003,1.511,1,5160,muscat2,230728,14.33,,yes
toi05816.01,20:29:53,+42:15:33,"g, i, r, z",1.03,1.112,1,2431,muscat2,250905,12.51,,yes
TOI05829.01,20:20:10,+23:22:39,"g, i, r, z",1.004,1.247,1,10931,muscat2,230624,13.66,,yes
toi05836.01,19:19:03,+19:12:09,"g, i, r, z",1.013,1.108,1,1471,muscat2,240815,12.4,,yes
TOI05852.01,19:33:50,+25:09:14,"g, i, r, z",1.128,2.35,1,2677,muscat2,230809,11.91,,yes
TOI05853.01,19:06:11,+18:08:40,"g, i, r, z",1.035,1.217,1,1464,muscat2,240521,6.1,,yes
TOI05854.01,18:41:18,+20:15:30,"g, i, r, z",1.01,1.847,1,1996,muscat2,240426,16.85,,yes
TOI05856.01,19:22:20,-7:46:17,"g, i, r, z",1.236,1.657,1,3137,muscat2,230710,13.07,,yes
TOI05867.01,20:15:49,+30:51:20,"g, i, r, z",1.001,1.58,1,2158,muscat2,240618,18.52,,yes
TOI05871.01,21:24:20,+39:54:20,"g, i, r, z",1.021,1.245,1,860,muscat2,230702,10.76,,yes
TOI05872.01,21:21:22,+46:57:30,"g, i, r, z",1.055,1.387,1,1244,muscat2,240824,13.7,,yes
TOI05873.01,21:41:21,+1:25:23,"g, i, r, z",1.121,1.625,3,2494,muscat2,"230703, 230710, 230715",28.55,,yes
TOI05879.01,21:54:44,+21:31:49,"g, i, r, z",1.007,1.247,1,1126,muscat2,231029,11.34,,yes
TOI05881.01,3:30:21,+28:17:12,"g, i, r, z",1.0,1.0,1,5397,muscat2,240901,22.49,,yes
TOI05883.01,21:04:25,+18:48:04,"g, i, r, z",1.035,2.36,3,9293,muscat2,"230516, 230527, 230608",26.79,,yes
TOI05895.01,3:30:21,+28:17:12,"g, i, r, z",1.0,1.0,1,2346,muscat2,240831,9.78,,yes
TOI05907.01,21:02:15,+17:12:19,"g, i, r, z",1.019,1.765,3,9403,muscat2,"230519, 230620, 230628",35.89,,yes
TOI05916.01,21:42:40,+9:42:29,"g, i, r, z",1.077,1.994,1,1425,muscat2,240816,12.68,,yes
TOI05933.01,20:37:40,+53:20:42.1,"g, i, r, z",1.0,1.162,1,486,muscat2,221112,2.49,,yes
TOI05956.01,19:26:01,+61:51:00,"g, i, r, z",1.173,1.83,4,2927,muscat2,"230417, 230418, 230430, 230502",28.36,,yes
TOI05962.01,22:48:31,+29:57:28,"g, i, r, z",1.028,1.712,1,5484,muscat2,230621,11.2,,yes
TOI05973.01,22:51:38,+43:48:17,"g, i, r, z",1.01321,1.99745,4,9407,"muscat, muscat2","250731, 250828, 251024, 251119",53.04,,yes
TOI05977.01,19:55:09,+26:56:04,"g, i, r, z",1.014,1.195,1,638,muscat2,230501,7.07,,yes
TOI05981.01,18:56:43,+39:05:07,"g, i, r, z",1.021,1.544,1,8624,muscat2,240516,11.98,,yes
TOI06002.01,19:59:44,+32:22:01,"g, i, r, z",1.004,1.784,1,5616,muscat2,231001,14.7,,yes
TOI06008,20:42:14,+49:43:43,"g, i, r, z",1.076,1.393,1,1708,muscat2,230727,11.06,,yes
TOI06008.01,20:42:16,+49:43:56,"g, i, r, z",1.165,1.972,1,1268,muscat2,230709,11.71,,yes
TOI06008.02,20:42:23,+49:43:45,"g, i, r, z",1.074,1.721,1,6367,muscat2,230803,30.45,,yes
TOI06010.01,22:27:50,+46:05:27,"g, i, r, z",1.299,1.97,2,3530,muscat2,"230424, 230514",11.06,,yes
TOI06011.01,22:27:41,+57:33:30,"g, i, r, z",1.146,1.942,2,6520,muscat2,"231003, 231123",26.87,,yes
TOI06019.01,23:41:46,+36:05:06,"g, i, r, z",1.009,1.417,1,15436,muscat2,230923,7.5,,yes
TOI06022.01,22:41:06,+60:56:43,"g, i, r, z",1.187,1.349,1,2356,muscat2,230917,17.38,,yes
TOI06022.02,22:40:55,+60:56:25,"g, i, r, z",1.191,1.941,1,1480,muscat2,240812,18.36,,yes
TOI06038.01,3:28:18,+40:54:06,"g, i, r, z",1.025,1.921,1,17879,muscat2,231118,4.97,,yes
TOI06045.01,4:04:02,+34:04:32,"g, i, r, z",1.005,1.964,1,15096,muscat2,231116,32.77,,yes
TOI06048.01,3:35:00,+60:01:52,"g, i, r, z",1.175,1.721,1,5464,muscat2,231101,22.77,,yes
TOI06055.01,5:21:26,+48:10:36,"g, i, r, z",1.063,1.922,2,2741,muscat2,"231009, 231014",27.46,,yes
TOI06058.01,5:27:44,+37:06:15,"g, i, r, z",1.012,1.916,3,16331,muscat2,"231025, 231209, 231228",26.51,,yes
TOI06067.01,17:27:57,+54:50:52,"g, i, r, z",1.118,1.588,1,11981,muscat2,240528,16.64,,yes
TOI06071.01,6:14:08,+43:08:56,"g, i, r, z",1.034,1.343,1,3041,muscat2,241121,13.27,,yes
TOI06077.01,21:00:40,+40:48:41,"g, i, r, z",1.024,1.486,1,6973,muscat2,230808,14.22,,yes
TOI06078.02,16:14:04,+16:14:29,"g, i, r, z",1.063,2.002,1,4024,muscat2,240320,11.47,,yes
TOI06080.01,17:47:17,+38:04:12,"g, i, r, z",1.015,1.391,1,14413,muscat2,260609,5.0,,yes
TOI06086.01,17:42:37,+30:18:00,"g, i, r, z",1.001,1.981,2,4627,muscat2,"230630, 230729",31.49,,yes
TOI06091.01,18:46:43,+37:15:26,"g, i, r, z",1.0,1.943,2,3778,muscat2,"240603, 240912",18.25,,yes
TOI06091.02,3:30:21,+28:17:12,"g, i, r, z",1.0,1.0,1,416,muscat2,240912,1.03,,yes
TOI06101.01,8:17:23,-8:45:57,"g, i, r, z",1.253,1.827,1,4505,muscat2,231119,10.01,,yes
TOI06109.01,3:22:04,+42:41:42,"g, i, r, z",1.083,1.575,1,2780,muscat2,231031,5.21,,yes
TOI06109.02,3:22:20,+42:42:04,"g, i, r, z",1.0,1.991,4,37106,muscat2,"240912, 241108, 251129, 260128",50.19,,yes
TOI06124.01,21:01:52,+39:28:56,"g, i, r, z",1.063,1.881,1,1416,muscat2,230806,13.07,,yes
TOI06125.01,22:21:08,+12:29:15,"g, i, r, z",1.039,1.628,1,8377,muscat2,240814,11.63,,yes
TOI06130.01,22:38:14,+16:56:42,"g, i, r, z",1.02,1.403,1,6620,muscat2,230815,13.95,,yes
TOI06131.01,21:08:42,+48:41:24,"g, i, r, z",1.069,1.984,1,3576,muscat2,231014,17.14,,yes
TOI06137.01,22:55:52,+24:13:38,"g, i, r, z",1.047,1.692,1,1229,muscat2,230630,10.83,,yes
TOI06141.01,23:09:29,+12:33:34,"g, i, r, z",1.074,1.963,1,1772,muscat2,240619,11.87,,yes
TOI06147.01,23:29:19,+23:53:52,"g, i, r, z",1.005,1.113,1,733,muscat2,241106,6.2,,yes
TOI06148.01,22:09:22,+19:37:47,"g, i, r, z",1.012,1.929,1,7584,muscat2,230802,21.07,,yes
TOI06150.01,22:45:23,+22:28:03,"g, i, r, z",1.005,1.221,1,9103,muscat2,230807,17.7,,yes
TOI06151.01,20:54:05,+48:10:01,"g, i, r, z",1.063,1.212,1,1334,muscat2,230709,16.67,,yes
TOI06155.01,22:19:14,+38:41:48,"g, i, r, z",1.017,1.194,1,7821,muscat2,230728,13.16,,yes
TOI06158.01,22:16:53,+16:25:11,"g, i, r, z",1.022,1.533,1,1934,muscat2,240828,16.31,,yes
toi06158.01,22:16:50,+16:24:48,"g, i, r, z",1.03,1.706,1,1528,muscat2,240825,12.89,,yes
TOI06164.01,22:48:19,+27:05:35,"g, i, r, z",1.0,1.072,1,976,muscat2,231013,8.13,,yes
TOI06165.01,21:50:44,+35:31:30,"g, i, r, z",1.008,1.789,1,1508,muscat2,240815,18.88,,yes
toi06165.01,3:30:21,+28:17:12,"g, i, r, z",1.0,1.0,1,387,muscat2,240910,2.89,,yes
TOI06171.01,23:20:01,+32:27:52,"g, i, r, z",1.003,1.582,1,9019,muscat2,241006,28.79,,yes
TOI06175.01,3:30:21,+28:17:12,"g, i, r, z",1.0,1.0,1,6189,muscat2,240915,8.6,,yes
TOI06177.01,3:30:21,+28:17:12,"g, i, r, z",1.0,1.0,1,1709,muscat2,240830,10.2,,yes
TOI06190.01,0:28:26,+29:37:07,"g, i, r, z",1.0,1.203,1,3699,muscat2,231030,8.99,,yes
TOI06191.01,22:29:03,+49:43:53,"g, i, r, z",1.074,1.219,2,4801,muscat2,"230928, 231101",17.51,,yes
TOI06192.01,0:07:36,+37:58:50,"g, i, r, z",1.014,1.405,1,5813,muscat2,231026,16.15,,yes
TOI06195.01,23:59:58,+33:57:15,"g, i, r, z",1.005,1.214,1,7292,muscat2,231103,12.01,,yes
TOI06199.01,3:30:21,+28:17:12,"g, i, r, z",1.0,1.381,2,10878,muscat2,"231008, 240909",30.3,,yes
TOI06201.01,3:30:21,+28:17:12,"g, i, r, z",1.0,1.0,1,998,muscat2,240906,9.67,,yes
TOI06204.01,22:04:34,+50:41:13,"g, i, r, z",1.081,1.5,1,3445,muscat2,260619,14.35,,yes
TOI06209-01,22:38:54,+45:16:55,"g, i, r, z",1.129,1.133,1,26,muscat2,230930,0.16,,yes
TOI06209.01,22:38:55,+45:17:44,"g, i, r, z",1.031,1.918,5,6601,muscat2,"230912, 230929, 230930, 231006, 231009",46.0,,yes
TOI06218.01,0:21:48,+48:53:22,"g, i, r, z",1.068,1.615,1,4472,muscat2,231126,21.35,,yes
TOI06220.01,3:30:21,+28:17:12,"g, i, r, z",1.0,1.0,1,4848,muscat2,240902,13.47,,yes
TOI06223.01,23:45:16,+33:12:23,"g, i, r, z",1.0,1.809,3,4839,muscat2,"240823, 240915, 240923",54.34,,yes
TOI06227.01,0:59:40,+30:07:51,"g, i, r, z",1.001,1.749,1,2403,muscat2,241003,19.62,,yes
TOI06230.01,23:04:49,+49:29:59,"g, i, r, z",1.072,1.851,1,3285,muscat2,250905,22.01,,yes
TOI06236.01,23:58:11,+28:45:27,"g, i, r, z",1.0,1.027,1,1793,muscat2,230924,4.98,,yes
TOI06239.01,3:30:21,+28:17:12,"g, i, r, z",1.0,1.0,1,2580,muscat2,240904,17.29,,yes
TOI06240.01,22:39:37,+50:39:22,"g, i, r, z",1.081,1.343,1,2800,muscat2,230811,23.33,,yes
TOI06242.01,0:13:05,+27:33:09,"g, i, r, z",1.049,2.286,1,3968,muscat2,231025,13.27,,yes
TOI06243.01,21:57:08,+54:35:14,"g, i, r, z",1.137,1.698,1,3096,muscat2,230814,12.9,,yes
TOI06244.01,22:55:01,+52:31:06,"g, i, r, z",1.096,1.605,1,11048,muscat2,230726,11.51,,yes
TOI06251.01,0:17:16,+13:46:18,"g, i, r, z",1.033,1.806,3,6430,muscat2,"230816, 231006, 231019",41.94,,yes
TOI06252,11:27:41,+27:57:51,"g, i, r, z",1.0,1.31,1,7033,muscat2,240314,13.68,,yes
TOI06252.01,11:27:58,+27:57:30,"g, i, r, z",1.0,1.842,4,14530,muscat2,"230505, 231210, 240117, 240205",58.98,,yes
toi06252.01,11:27:50,+27:55:44,"g, i, r, z",1.0,1.424,1,2038,muscat2,240331,13.65,,yes
TOI06255.01,22:07:06,+39:24:52,"g, i, r, z",1.02,2.021,3,5456,muscat2,"230429, 230608, 230618",20.15,,yes
TOI06258.01,0:53:37,+21:04:21,"g, i, r, z",1.008,1.854,3,7098,muscat2,"230713, 230727, 230801",37.98,,yes
TOI06287.01,2:33:14,+29:05:13,"g, i, r, z",1.0,1.364,2,4909,muscat2,"231010, 231102",25.72,,yes
TOI06292.01,2:57:52,+43:12:16,"g, i, r, z",1.035,1.185,1,5328,muscat2,231013,14.8,,yes
TOI06299.01,1:53:35,+51:02:57,"g, i, r, z",1.084,1.279,1,8476,muscat2,231128,17.44,,yes
TOI06307.01,2:27:28,+42:15:48,"g, i, r, z",1.03,1.332,1,1240,muscat2,240828,15.49,,yes
TOI06317.01,1:46:20,+34:22:20,"g, i, r, z",1.0,1.29,1,1150,muscat2,240812,14.26,,yes
TOI06318.01,2:18:46,+44:42:01,"g, i, r",1.042,1.092,1,1938,muscat2,241019,8.07,,yes
TOI06333.01,2:15:03,+26:39:49,"g, i, r, z",1.0,1.308,1,2981,muscat2,231004,18.46,,yes
TOI06338.01,3:05:31,+40:25:23,"g, i, r, z",1.023,1.173,1,2320,muscat2,230927,12.93,,yes
TOI06339.01,1:20:38,+59:14:38,"g, i, r, z",1.166,1.472,1,14233,muscat2,231020,19.77,,yes
TOI06351.01,3:48:01,+64:02:08,"g, i, r, z",1.231,1.816,1,5396,muscat2,251203,23.86,,yes
TOI06352.01,4:07:47,+64:19:08,"g, i, r",1.236,1.6,1,1941,muscat2,241023,10.35,,yes
TOI06355.01,5:20:40,+47:34:35,"g, i, r, z",1.09,1.822,1,2996,muscat2,230917,13.41,,yes
TOI06368.01,5:49:38,+41:57:31,"g, i, r, z",1.029,1.264,1,1504,muscat2,241010,10.97,,yes
TOI06371.01,3:32:22,+61:42:32,"g, i, r, z",1.318,1.715,1,2748,muscat2,231019,7.63,,yes
TOI06379.01,4:47:57,+57:21:16,"g, i, r, z",1.167,1.172,1,86,muscat2,230929,0.44,,yes
TOI06381.01,5:44:46,+44:42:05,"g, i, r, z",1.042,1.148,1,4512,muscat2,240103,12.53,,yes
TOI06397.01,18:40:50,+59:00:04,"g, i, r, z",1.174,1.299,1,1210,muscat2,230607,6.54,,yes
toi06397.01,18:40:31,+59:00:31,"g, i, r, z",1.17,1.192,1,290,muscat2,240813,2.29,,yes
TOI06408.01,8:03:42,+2:28:49,"g, i, r, z",1.111,1.363,1,2042,muscat2,240304,16.51,,yes
TOI06440.01,8:05:21,-17:31:45,"g, i, r, z",1.434,1.741,1,3040,muscat2,240215,10.17,,yes
TOI06460.01,7:40:53,-8:57:15,"g, i, r, z",1.256,1.467,1,4010,muscat2,240306,12.76,,yes
TOI06489.01,10:32:34,-18:55:20,"g, i, r, z",1.471,1.748,1,1205,muscat2,251230,10.71,,yes
TOI0663.01,,,"g, i, r, z",1.259,1.262,1,45,muscat2,230316,0.25,,yes
TOI06649.01,0:38:07,+24:22:32,"g, i, r, z",1.275,1.845,1,1300,muscat2,260618,5.42,,yes
TOI06661.01,12:44:02,+61:27:46,"g, i, r, z",1.526,1.955,1,828,muscat2,240328,5.55,,yes
TOI06717.01,10:58:34,-4:48:41,"g, i, r, z",1.193,1.975,2,3019,muscat2,"231208, 240204",26.14,,yes
TOI06884.01,12:53:23,+26:35:18,"g, i, r, z",1.0,1.689,1,8982,muscat2,240503,23.51,,yes
TOI06894.01,11:35:08,+12:19:45,"g, i, r, z",1.04,1.786,2,3193,muscat2,"240219, 240403",29.38,,yes
TOI06919.01,5:03:07,+22:56:54,"g, i, r, z",1.124,1.912,1,3124,muscat2,240827,8.68,,yes
TOI06922.01,5:54:51,+19:18:33,"g, i, r, z",1.012,1.165,1,1816,muscat2,250116,15.51,,yes
TOI06935.01,7:40:56,+9:12:06,"g, i, r, z",1.058,1.274,1,1167,muscat2,241110,13.3,,yes
TOI06940.01,7:28:58,+11:25:11,"g, i, r, z",1.045,1.941,5,11333,muscat2,"240325, 240401, 251220, 251222, 251230",54.82,,yes
TOI06948.01,6:29:09,+12:37:41,"g, i, r, z",1.121,1.779,1,1566,muscat2,240919,8.74,,yes
TOI06950.01,7:24:23,+22:27:20,"g, i, r, z",1.085,2.068,1,913,muscat2,240929,11.42,,yes
TOI06953.01,7:40:01,+19:28:55,"g, i, r, z",1.019,1.999,2,4229,muscat2,"240402, 240407",18.91,,yes
TOI06954.01,11:14:50,-2:55:02,"g, i, r, z",1.254,1.922,1,1953,muscat2,260511,7.69,,yes
TOI06963.01,4:17:20,+29:16:15,"g, i, r, z",1.0,1.573,2,6193,muscat2,"251019, 251220",43.62,,yes
TOI06972.01,13:39:04,+48:06:57,"g, i, r, z",1.063,1.961,2,27456,muscat2,"250601, 260128",32.48,,yes
TOI06982.01,3:38:44,+19:35:43,"g, i, r, z",1.062,1.795,1,6208,muscat2,241210,9.44,,yes
TOI06986.01,5:05:10,+35:14:36,"g, i, r, z",1.007,1.247,1,1644,muscat2,241001,12.06,,yes
TOI06989.01,5:06:47,+43:17:26,"g, i, r",1.035,1.187,2,3975,muscat2,"241014, 241023",16.58,,yes
TOI06992.01,4:44:54,+51:36:18,"g, i, r, z",1.089,1.215,1,6152,muscat2,241109,15.28,,yes
toi07001.01,3:30:21,+28:17:12,"g, i, r, z",1.0,1.0,1,1899,muscat2,240908,13.96,,yes
TOI07024.01,11:16:13,+53:22:04,"g, i, r, z",1.258,1.661,1,380,muscat2,241109,7.13,,yes
TOI07028.01,19:09:08,+57:24:49,"g, i, r, z",1.144,1.61,1,3252,muscat2,260529,21.79,,yes
TOI07031.01,12:25:40,+42:32:33,"g, i, r, z",1.032,1.567,1,1710,muscat2,250116,16.49,,yes
TOI07042.01,16:40:49,+20:43:51,"g, i, r, z",1.0,1.788,1,1579,muscat2,250319,5.55,,yes
TOI07045.01,17:05:15,+31:32:09,"g, i, r, z",1.004,1.297,1,6587,muscat2,250523,5.49,,yes
TOI07082.01,13:30:09,+40:03:05,"g, i, r, z",1.021,1.169,1,1241,muscat2,250224,14.17,,yes
TOI07147.01,17:08:01,+38:50:55,"Na_D, g_narrow, i_narrow, z_narrow",1.113,1.283,1,430,muscat2,250423,4.19,,yes
TOI07148.01,16:57:44,+22:32:49,"g, i, r, z",1.055,1.786,1,2855,muscat2,260603,10.6,,yes
TOI07166.01,21:23:52,+8:58:00,"g, i, r, z",1.153,1.707,1,1669,muscat2,260522,7.49,,yes
TOI07179.01,20:44:54,+45:55:32,"g, i, r, z",1.01998,1.879,2,15167,"muscat, muscat2","250728, 260613",19.81,,yes
TOI07186.01,19:16:15,-11:19:22,"g, i, r, z",1.297,1.521,1,3232,muscat2,260608,13.47,,yes
TOI07211.01,20:34:33,+10:47:48,"g, i, r, z",1.048,1.548,1,1537,muscat2,260605,14.88,,yes
TOI07248.01,18:57:14,+27:20:49,"g, i, r, z",1.0,1.186,1,3608,muscat2,260611,10.02,,yes
TOI07255.01,21:10:08.93,+35:53:32.0,"g, r, z",1.19167,2.0051,1,1135,muscat,250723,6.72,,yes
TOI07303.01,22:15:31.70,+09:04:33.3,"g, r, z",1.1067,1.27052,1,890,muscat,250709,8.27,,yes
TOI07348.01,21:01:26,+52:44:46,"g, i, r, z",1.225,1.792,1,5251,muscat2,260420,7.29,,yes
TOI07394.01,15:44:34,+58:24:28,"g, i, r, z",1.177,1.957,1,3696,muscat2,260213,15.4,,yes
TOI07404.01,1:04:01,+41:03:35,"g, i, r, z",1.026,1.028,1,53,muscat2,251221,0.39,,yes
TOI07407.01,0:05:24,+47:37:24,"Na_D, g_narrow, i_narrow, z_narrow",1.06,1.242,1,2732,muscat2,251124,13.22,,yes
TOI07410.01,23:51:09,+33:34:59,"Na_D, g_narrow, i_narrow, z_narrow",1.178,1.597,1,439,muscat2,251119,6.1,,yes
TOI07412.01,23:55:55,+46:47:03,"g, i, r, z",1.161,1.46,1,978,muscat2,260617,6.3,,yes
TOI07416.01,0:42:15,+43:11:50,"g, i, r, z",1.035,1.073,1,2212,muscat2,251116,9.22,,yes
TOI07421.01,23:54:02,+37:39:54,"g, i, r, z",1.207,2.017,1,1681,muscat2,251116,8.46,,yes
TOI07445.01,2:42:22,+58:10:38,"Na_D, g, g_narrow, i_narrow, r, z_narrow, z",1.00808,1.394,2,2383,"muscat, muscat2","251114, 251120",8.95,,yes
TOI07450.01,2:42:50,+34:30:06,"g, i, r, z",1.099,1.841,1,1529,muscat2,260219,10.25,,yes
TOI07475.01,12:08:13,+0:05:55,"g, i, r, z",1.134,1.826,1,16124,muscat2,260310,2.24,,yes
TOI0836.02,15:01:22,-24:27:36,"g, i, r, z",1.649,1.964,1,5241,muscat2,200422,11.85,,yes
TOI1032.01,10:36:42.9653,-42:33:34.651,"g, i, r, z",1.0230582,1.9648181,3,397,muscat4,"260108, 260109, 260110",0.9,,yes
TOI1170,20:03:09.88,+52:03:28.2,"g, r, z",1.04874,1.33139,1,6219,muscat,191006,4.28,,yes
TOI1193,20:05:37.88,+33:04:36.9,"g, r, z",1.00031,1.06186,1,3155,muscat,191005,2.54,,yes
TOI1201,02:48:58.9364,-14:34:02.392,"g, i",1.0845119,2.4868198,13,114,sinistro,"240103, 240105, 240106, 240115, 240118, 240119, 240120, 240121, 240122, 240124, 240126, 240128, 240131",1.19,,yes
TOI1201.01,2:50:03,-14:26:01.1,"g, i, r",1.36,1.709,1,1238,muscat2,201023,10.38,,yes
TOI1266,13:12:12.43,+65:50:16.5,"g, r, z",1.16817,1.82233,1,3185,muscat,220131,17.21,,yes
TOI1288,20:52:27.54,+65:41:11.7,"g, r, z",1.16885,1.21217,1,3308,muscat,191031,2.57,,yes
TOI1321,20:54:05.86,+37:50:57.9,"g, r, z",1.00171,2.01587,1,8840,muscat,191101,4.48,,yes
TOI1355,22:05:33.1213,+66:44:18.591,"g, i, r, z",1.2786401,1.9746726,3,12628,"muscat3, sinistro","240703, 240715, 250720",9.74,,yes
TOI1361.01,21:23:20.4654,+52:51:17.412,"g, i, r, z",1.367173,1.9593962,1,3842,muscat3,210717,2.24,,yes
TOI1387,22:46:02.78,+55:11:17.9,"g, r, z",1.0691,1.15435,1,3485,muscat,191104,0.97,,yes
TOI1389.01,22:12:32.35,+31:23:05.2,"g, r, z",1.00711,1.42104,1,3826,muscat,191128,7.43,,yes
TOI1410,22:19:31.7998,+42:33:45.484,"g, i, r, z",1.01067,1.4119296,2,6795,"muscat, muscat3","191126, 240629",14.45,,yes
TOI1412.01,15:32:49,+47:47:30,"g, i, r, z",1.061,1.586,1,2881,muscat2,200229,17.65,,yes
TOI1448,21:05:00.7171,+57:45:19.484,"g, i, r, z",1.2536937,1.7005935,1,2503,muscat3,210714,20.54,,yes
TOI1453,17:12:39.89,+57:12:20.7,"g, r, z",1.12731,1.97485,1,2560,muscat,200325,11.23,,yes
toi1470.01,0:41:39,+61:20:24,"g, i, r, z",1.264,1.862,1,3183,muscat2,200108,11.34,,yes
TOI1530.01,0:52:43,+55:48:37,"g, i, r, z",1.266,1.587,1,3533,muscat2,200126,3.86,,yes
TOI1551.01,01:18:38.54,+41:32:42.2,"g, r, z",1.05677,1.43316,1,3630,muscat,200120,4.37,,yes
TOI1610.01,17:34:18,+61:06:13,"g, i, r, z",1.206,1.692,1,4269,muscat2,200321,12.73,,yes
TOI1634,03:45:20.17,+37:09:49.4,"g, r, z",1.07896,1.90197,1,2413,muscat,220128,8.72,,yes
TOI1658,04:23:46.38,+35:34:00.9,"g, r, z",1.18108,1.92482,1,921,muscat,201015,6.28,,yes
TOI1685,04:34:25.21,+43:04:27.6,"g, r, z",1.015,2.68126,3,4678,muscat,"201017, 201124, 210112",11.06,,yes
TOI1693,06:01:15.64,+34:48:29.7,"g, r, z",1.085,1.428,1,1572,muscat,201124,4.83,,yes
TOI1696,04:21:06.70,+48:48:38.5,"g, r, z",1.326,2.255,2,495,muscat,"210728, 210827",7.74,,yes
TOI1724,8:29:55,+56:22:35,"g, i, r, z",1.141,1.975,2,3609,"muscat, muscat2","200419, 201013",17.18,,yes
TOI1729,18:33:40,+58:14:04,"g, i, r, z",1.345,1.757,1,465,muscat2,200416,6.53,,yes
TOI1730.01,7:13:40,+48:18:38,"g, i, r, z",1.082,2.12055,2,4212,"muscat, muscat2","220915, 240103",17.7,,yes
TOI1730c,7:13:30,+48:17:43,"g, i, r, z",1.064,1.335,1,3298,muscat2,251024,11.91,,yes
TOI1738,03:37:59.83,+50:59:19.3,"g, r, z",1.0428,1.21917,1,1628,muscat,201017,12.27,,yes
TOI1738.01,3:30:21,+28:17:12,"g, i, r, z",1.0,1.0,1,1497,muscat2,240906,11.2,,yes
TOI1746.02,18:47:09.70,+54:57:53.0,"g, r, z",1.06718,1.28064,1,1766,muscat,220916,8.87,,yes
TOI1748.01,18:03:01,+60:26:29,"g, i, r, z",1.185,1.732,2,8547,muscat2,"200320, 200525",15.9,,yes
TOI1749,18:50:51.61,+64:27:09.4,"g, r, z",1.15347,1.52235,2,2012,muscat,"210726, 220427",16.13,,yes
TOI1754.01,17:42:41,+57:27:59,"g, i, r, z",1.145,1.665,1,2944,muscat2,200425,20.8,,yes
TOI1769,9:37:11,+51:31:45,"g, i, r, z",1.088,1.369,1,3825,muscat2,200420,11.62,,yes
TOI1769.01,9:37:24,+51:31:15,"g, i, r, z",1.247,1.366,1,1015,muscat2,200321,1.41,,yes
TOI1803.02,11:52:20.18,+35:08:13.2,"g, r, z",1.0,1.882,1,1576,muscat,210415,14.51,,yes
TOI1811.01,12:35:41.30,+27:14:14.9,"g, r, z",1.00853,1.03417,1,2096,muscat,210210,3.94,,yes
TOI1835,12:39:15.81,+20:01:52.3,"g, r, z",1.046,1.23574,2,674,muscat,"210416, 210417",0.94,,yes
TOI1883,08:56:21.6692,-12:55:45.106,i,1.0464544,2.1857883,2,362,sinistro,"220309, 221209",6.03,,yes
TOI2015,15:28:22.88,+27:21:18.1,"g, i, r, z",1.006608,2.18497,17,7324,"muscat, muscat2, muscat3, sinistro","210727, 210728, 220125, 220126, 220127, 220129, 220130, 220131, 220302, 220303, 220326, 220405, 220427, 220506, 220522, 220910, 220911",94.3,,yes
TOI2016.02,16:27:16.39,+42:44:17.9,"g, r, z",1.0101,1.15817,1,2160,muscat,210414,10.89,,yes
TOI2094,16:56:24.6503,+69:58:39.417,"g, i, r, z",1.43122,2.3361396,6,9606,"muscat, muscat3","210601, 210903, 220506, 220524, 230516, 230906",69.0,,yes
TOI2095,19:01:30.523,+75:21:15.71,"g, i, r, z",1.7262694,2.338156,2,5503,muscat3,"210528, 210720",34.73,,yes
TOI2096,10:06:43.0740,+74:50:07.241,"g, i, r, z",1.7898125,2.2681947,3,1438,muscat3,"210528, 210529, 210530",18.6,,yes
TOI2106.01,13:48:53.49,+44:57:36.2,"g, r, z",1.01669,1.21053,1,3039,muscat,210414,6.6,,yes
TOI2106.01--exp0,13:48:56.04,+44:57:38.2,z,1.21148,1.2131,1,5,muscat,210414,0.01,,yes
TOI2142,17:48:08.47,+15:59:10.2,"g, z",1.055,1.913,1,2161,muscat,210728,8.11,,yes
TOI2149,19:02:26.82,+42:34:03.2,"g, r, z",1.06552,1.53301,1,3436,muscat,201015,5.75,,yes
TOI2149.01,19:03:08,+42:32:30.1,"g, i, r, z",1.256,1.881,1,1233,muscat2,201011,7.21,,yes
TOI2266,16:20:57.00,+31:32:57.0,"g, r, z",1.001,1.269,1,630,muscat,210418,14.57,,yes
TOI2283,16:32:54.63,+63:31:27.2,"g, r, z",1.14215,1.18674,1,1482,muscat,210417,6.07,,yes
TOI2457,4:41:39,-12:51:29.1,"g, i, r, z",1.326,1.846,11,3663,muscat2,"220112, 220114, 220301, 220302, 220303, 220308, 220310, 220311, 220312, 221214, 230305",11.78,,yes
TOI2499.01,05:57:53.5203,-11:26:32.268,"g, i, r, z",1.1806574,1.699554,1,5894,muscat3,220119,3.64,,yes
TOI2633,07:26:22.0801,-13:55:38.417,g,1.0412165,1.4735867,1,346,sinistro,251228,1.54,,yes
TOI2773,05:28:16.79,-19:36:52.6,"g, r, z",1.70762,1.94431,1,856,muscat,220131,8.94,,yes
TOI2813,08:02:47.374,-38:41:09.12,"g, z",1.0113391,1.1606418,1,338,sinistro,260306,5.62,,yes
TOI2856.01,06:43:57.7505,-26:01:24.826,"g, i, r, z",1.4580393,1.8042336,1,1867,muscat3,220120,10.37,,yes
TOI2887,08:07:56.519,-39:00:52.23,g,1.0122278,1.0703738,1,148,sinistro,250221,0.82,,yes
TOI2888,08:07:55.0341,-45:22:40.263,"g, i, r, z",1.0313642,1.3944292,2,13377,muscat4,"260204, 260314",9.38,,yes
TOI3076.01,10:29:22.4884,-53:39:36.241,"g, i, r, z",1.082409,1.3574208,3,2481,"muscat4, sinistro","251217, 260310, 260510",6.17,,yes
TOI3405,07:59:27.9896,-30:00:18.724,z,1.0002261,1.8629993,1,125,sinistro,260210,4.13,,yes
TOI3511,19:09:06.2588,+28:21:59.700,"g, i, r, z",1.0122845,1.0920142,1,984,muscat3,220629,3.88,,yes
TOI3511.01,19:10:00,+28:24:09,"g, i, r, z",1.048,1.752,1,1084,muscat2,230427,11.35,,yes
TOI3543,20:20:34.2965,+42:53:34.768,r,1.0233744,1.7351887,1,554,sinistro,220606,0.48,,yes
TOI3570,20:21:48.34,+34:09:05.9,"g, i, r, z",1.00002,1.93492,2,6023,"muscat, muscat3","220913, 230611",30.82,,yes
TOI3629,23:59:10.96,+39:18:55.7,"g, z",1.0036,1.24244,1,539,muscat,210726,7.19,,yes
TOI3752.01,3:09:18,+64:29:03,"g, i, r, z",1.238,1.591,1,2295,muscat2,240122,16.32,,yes
TOI3757,06:03:54.97,+55:01:37.6,"g, r, z",1.06722,1.21297,1,1987,muscat,220129,14.61,,yes
TOI3763.01,03:51:52.6301,+47:09:24.160,"g, i, r, z",1.1173124,1.91747,1,10935,muscat3,211110,18.55,,yes
TOI3765.01,03:49:55.05,+46:41:10.2,"g, z",1.045,2.064,1,1926,muscat,211205,8.03,,yes
TOI3776,6:52:47,+33:31:13.1,"g, i, r, z",1.063,1.543,1,464,muscat2,230121,7.7,,yes
TOI3800.01,6:54:53,+39:06:46,i,1.071,1.083,1,91,muscat2,231123,0.13,,yes
TOI3915TRACK,13:43:11,+17:09:56,"g, i, r, z",1.019,1.382,1,2842,muscat2,260401,11.85,,yes
TOI4031.01,18:29:48,+55:18:57,"g, i, r, z",1.125,1.13,1,236,muscat2,260524,0.98,,yes
TOI4031.01.,18:29:52,+55:19:44,g,1.122,1.123,1,34,muscat2,260524,0.14,,yes
TOI4201,06:01:50.30,-13:28:02.5,"g, r, z",1.49531,1.89659,1,753,muscat,220130,13.03,,yes
TOI426,05:16:27.54,-15:28:56.4,"r, z",1.56297,1.56297,1,2,muscat,190224,0.17,,yes
TOI4306.01,04:16:14.1768,-28:18:46.857,"g, i, r, z",1.5212887,2.0225594,3,1562,muscat3,"210927, 211027, 211107",30.6,,yes
TOI4306.02,04:16:14.0094,-28:18:43.880,"g, i, r, z",1.5214207,2.0490746,1,791,muscat3,220116,12.87,,yes
TOI4325,06:47:13.6644,+06:07:40.096,"g, i, r, z",1.035227,1.6205937,1,1823,muscat3,220122,10.25,,yes
TOI433,05:15:07.02,-15:03:42.4,"r, z",1.54392,2.09264,1,1022,muscat,190301,4.37,,yes
TOI441,04:57:52.66,-13:42:32.2,"r, z",1.50158,1.89987,1,1763,muscat,190223,3.16,,yes
TOI4576,18:20:53.6053,+16:26:58.724,g,1.1981976,2.1884354,1,304,sinistro,260722,1.69,,yes
TOI4599,06:37:26.1534,+17:32:41.793,"g, i, r, z",1.0952006,1.9296739,1,3443,muscat3,220118,5.18,,yes
TOI4599.02,6:38:39,+17:33:09,"g, i, r, z",1.038,1.648,1,5358,muscat2,231002,9.12,,yes
TOI460,03:10:32.93,-09:14:30.0,"g, r, z",1.384,1.462,1,252,muscat,201013,4.2,,yes
TOI4600,17:14:20.2718,+64:37:37.677,"g, i, r, z",1.3862009,1.7641903,1,6606,muscat3,260424,10.95,,yes
TOI4608.01,03:58:29.0432,+25:21:40.920,"g, i, r, z",1.0046348,1.3516577,1,5950,muscat3,220121,3.2,,yes
TOI4609,04:41:25.4906,+21:15:24.583,"g, i, r, z",1.1147879,1.2034836,1,1043,muscat3,221116,0.74,,yes
TOI4645,15:22:51.0134,-59:50:03.425,"g, i",1.1275601,1.6852731,2,3243,sinistro,"260322, 260607",6.3,,yes
TOI4727.01,3:30:21,+28:17:12,"g, i, r, z",1.0,1.0,1,32,muscat2,240911,0.23,,yes
TOI4825,08:23:36.0519,-42:04:24.119,z,1.0209295,1.054683,2,24,sinistro,"241221, 250101",0.1,,yes
TOI4844,07:56:41.933,-42:57:46.97,"g, i, z",1.0257006,1.5705669,2,580,sinistro,"251230, 260218",15.31,,yes
TOI4852,09:11:09.0350,-42:31:00.995,"g, z",1.0240643,1.6597436,2,355,sinistro,"250308, 260128",4.83,,yes
TOI4860,12:14:02.5252,-13:11:28.258,"g, i, r, z",1.2234748,2.3089384,1,1062,muscat3,220417,10.97,,yes
TOI4865,11:11:35.83,-08:38:22.6,"g, r, z",1.3746,1.55082,1,844,muscat,220427,7.08,,yes
TOI488,08:02:16.94,+03:23:26.7,"g, r, z",1.27596,2.03654,2,2964,muscat,"190327, 190420",8.72,,yes
TOI4985,06:12:22.4467,+12:50:25.139,"g, i, r, z",1.2572429,1.9724656,1,1317,muscat3,221118,4.5,,yes
TOI503,08:17:27.94,+12:37:18.1,"g, r, z",1.12969,1.97937,1,1194,muscat,190421,8.01,,yes
TOI509,07:51:39.35,+09:26:58.7,"g, r, z",1.10493,2.25843,1,6236,muscat,190324,7.92,,yes
TOI5137,08:24:00.50,+22:48:16.4,"g, i, r, z",1.0,1.93506,2,1352,"muscat, muscat2","220130, 230121",15.43,,yes
TOI516,07:29:33.38,+02:51:43.3,"g, r, z",1.17998,1.80393,1,445,muscat,191029,8.92,,yes
TOI5179,18:41:00.6777,+83:03:14.869,"g, i, r, z",2.1498425,2.2821818,1,1188,muscat3,220703,8.38,,yes
TOI5186,19:26:21.549,+17:03:48.89,"g, i, r, z",1.0019697,1.6208904,1,4656,muscat3,220814,9.58,,yes
TOI519,08:18:24.7845,-19:39:43.298,"g, i, r, z",1.3130137,2.1532933,6,3265,"muscat, muscat2, muscat3","191130, 200113, 220123, 220220, 220225, 220330",59.89,,yes
TOI519.01,08:18:25.64,-19:38:56.9,"g, r, z",1.71266,1.866,1,430,muscat,220327,6.14,,yes
toi519.01,8:19:21,-19:42:42,"g, i, r, z",1.499,1.961,1,476,muscat2,200108,8.1,,yes
TOI5191,19:26:02.5604,+18:58:58.645,"g, i, r, z",1.0379319,1.8853129,1,1903,muscat3,230521,9.58,,yes
TOI5205,20:56:20,+24:28:28,"g, i, r, z",1.059,1.247,2,449,muscat2,"250828, 260426",4.57,,yes
TOI5278.01SE,19:43:06.61,+66:37:56.5,"g, r, z",1.18051,1.2232,1,416,muscat,220912,5.83,,yes
TOI5295.01,6:38:39,+17:33:07,"g, i, r, z",1.654,1.678,1,90,muscat2,231002,0.15,,yes
TOI5351.01,5:15:03,+18:17:08,"g, i, r, z",1.041,1.981,1,4999,muscat2,240303,12.16,,yes
TOI5367.01,06:07:12.98,+27:38:37.5,"g, r, z",1.0799,1.90663,1,1101,muscat,220913,8.58,,yes
TOI538.01,06:57:22.92,+04:02:17.2,"g, r, z",1.16127,2.02635,1,2629,muscat,191204,14.7,,yes
TOI5398,10:47:50.321,+36:17:23.04,"Na_D, g_narrow, i_narrow, z_narrow",1.1316972,1.9682567,1,2128,muscat3,260205,7.88,,yes
TOI544,05:29:19.73,-00:19:04.7,"g, r, z",1.52257,1.66767,1,246,muscat,190328,1.02,,yes
TOI5507,09:54:21.71,+06:41:49.1,"g, r, z",1.14223,1.71955,1,2034,muscat,220428,7.35,,yes
TOI556,03:48:52.97,+13:30:31.5,"g, r, z",1.07116,1.18379,1,1616,muscat,191003,5.78,,yes
TOI560b,8:39:46,-13:20:50.1,"g, i, r, z",1.645,1.648,1,20,muscat2,230304,0.03,,yes
TOI5629.01,14:31:11,+20:51:25.1,"g, i, r, z",1.021,1.187,1,4028,muscat2,230316,5.59,,yes
TOI5648,14:04:08.9996,+38:38:42.256,"g, i, r, z",1.0514515,1.7381645,1,1023,muscat3,220630,14.03,,yes
TOI5662.01,12:45:41,+5:32:44,"g, i, r, z",1.174,1.753,1,990,muscat2,240304,7.74,,yes
TOI583.01,07:53:31.4023,-40:00:12.725,"Na_D, g_narrow, g, i_narrow, i, r, z_narrow, z",1.011894,2.2733017,3,2419,"muscat3, muscat4","251122, 251217, 260305",3.44,,yes
TOI5890,20:55:37.1348,+46:45:38.282,"g, i, r, z",1.113768,1.6417393,1,6039,muscat3,240906,11.24,,yes
TOI5973,22:50:14.3295,+43:39:38.957,r,1.0267541,1.1124789,1,431,sinistro,260730,1.8,,yes
TOI613.01,09:29:05.14,-05:21:00.9,"g, r, z",1.30542,1.93471,2,8471,muscat,"191129, 200121",14.71,,yes
TOI6463,08:40:59.7673,-40:35:16.015,"g, i",1.0170293,1.7518457,2,1106,sinistro,"260107, 260117",11.7,,yes
TOI6583,10:18:48.8834,-62:47:20.568,"g, i, r, z",1.2470683,1.9293395,1,7588,muscat4,250614,3.9,,yes
TOI663.02,10:40:17.96,-08:29:03.5,"g, r, z",1.47163,2.00736,1,557,muscat,190524,4.53,,yes
TOI680.01,11:56:38.11,-12:22:38.5,"g, r, z",1.48422,2.00583,1,1430,muscat,190521,5.56,,yes
TOI732,10:18:34.1001,-11:43:08.796,"g, i, r, z",1.3354809,1.7648152,2,137,muscat3,"220210, 220211",0.55,,yes
TOI736,11:02:41.7355,-16:25:27.832,"g, i, r, z",1.2556231,2.0593928,13,8751,"muscat, muscat2, muscat3","200227, 200419, 210127, 220211, 220222, 230326, 230327, 230414, 230415, 230416, 230417, 230504, 230505",88.28,,yes
TOI736.02,11:02:35.17,-16:22:21.2,"g, r, z",1.59038,2.19623,1,955,muscat,200306,13.79,,yes
TOI736.31,11:02:39.14,-16:25:55.0,"g, r, z",1.5925,1.93508,1,615,muscat,210114,10.25,,yes
TOI749.01,12:32:12,-23:52:12,"g, i, r, z",1.628,2.083,1,2185,muscat2,200131,14.64,,yes
TOI7589.01,08:00:19.14,+01:34:05.2,"g, r, z",1.1933,1.52538,1,2002,muscat,251221,9.92,,yes
TOI986,08:00:36.85,+10:23:08.1,"g, r, z",1.12313,1.93132,1,4362,muscat,191031,5.54,,yes
TOI_2457,4:41:42,-12:49:35.1,"g, i, r, z",1.519,1.873,1,769,muscat2,221109,3.34,,yes
Tomoe2020aaelb,11:21:26.46,+03:00:52.8,"g, r, z",1.17573,1.65681,3,120,muscat,"210207, 210212, 210310",2.0,,yes
TOOI03674.01,1:37:14,+51:06:38,"g, i, r, z",1.085,1.465,1,2086,muscat2,240924,13.98,,yes
TOOI1149,20:03:16.93,+26:56:22.9,"g, r, z",1.05517,2.00311,1,4935,muscat,191004,6.14,,yes
track_corr,12:06:29,+3:04:12,"g, i, r, z",1.265,1.333,1,797,muscat2,260422,1.11,,yes
track_corr2,12:06:30,+3:04:15,"g, i, r, z",1.335,1.448,1,1000,muscat2,260422,1.39,,yes
TRAPPIST,23:06:24.70,-04:59:41.8,"g, r, z",1.30573,2.00983,1,823,muscat,201123,7.79,,yes
TRAPPIST-1,23:06:27.66,-04:58:25.9,"g, i, r, z",1.0,2.044,38,18198,"muscat, muscat2, muscat3, muscat4","160803, 170802, 170803, 170804, 170828, 171105, 171207, 171225, 190802, 190809, 190925, 200701, 200719, 200720, 200724, 200726, 200814, 200825, 200830, 201015, 201016, 201030, 201031, 201103, 201129, 201213, 240603, 250620, 250630, 250702, 250705, 250707, 250708, 250711, 250723, 250724, 250728, 250828",213.68,,yes
Trappist-1,23:07:27,-4:55:35,"g, i, r, z",1.609,2.139,1,311,muscat2,200820,3.55,,yes
trappist-1,23:07:51,-4:54:19,"g, i, r, z",1.195,2.007,3,1196,muscat2,"201115, 240610, 240618",13.24,,yes
TRAPPIST-1c,,,"g, i, r, z",1.195,1.687,1,1210,muscat2,201017,13.78,,yes
TRAPPIST-1d,23:06:27.03,-04:59:46.7,"g, r, z",1.295,1.418,1,363,muscat,201013,7.25,,yes
TRAPPIST-1f,23:07:24,-4:53:45,"g, i, r, z",1.194,1.288,1,893,muscat2,200730,11.16,,yes
TRAPPIST-1g,23:07:28,-4:55:26,"g, i, r, z",1.195,1.36,1,1042,muscat2,200811,13.0,,yes
Trappist-1h,23:07:30,-4:55:49,"g, i, r, z",1.195,1.485,1,945,muscat2,191119,11.81,,yes
Trappist1,,,"g, i, r, z",,,1,692,muscat2,170929,22.21,,yes
TrES-3,17:53:00,+37:32:07,"g, i, r, z",1.022,1.039,1,933,muscat2,240414,0.26,,yes
TrES-5b,20:21:31,+59:31:18,"g, i, r, z",1.169,1.905,3,5844,muscat2,"240601, 240610, 240826",32.7,,yes
TRES5b,3:30:21,+28:17:12,"g, i, r, z",1.0,1.0,1,2582,muscat2,240904,18.58,,yes
tsmp,17:25:24,+28:17:43.1,"g, r, z",1.0,1.0,1,3309,muscat2,220405,27.88,,yes
TTLyn,17:25:24,+28:17:43.1,"g, r, z",1.0,1.0,1,653,muscat2,220409,0.09,,yes
TVLM513-46546,15:02:14,+22:43:58,"g, i, r, z",1.433,1.438,1,12,muscat2,260330,0.08,,yes
TWBoo,17:25:24,+28:17:43.1,"g, r, z",1.0,1.0,1,4330,muscat2,220408,2.41,,yes
txs0506,6:04:24,+14:35:37.1,"g, i, r, z",1.083,1.415,3,1828,muscat2,"230115, 230116, 230118",20.21,,yes
TYC764,07:25:35.02,+07:48:28.2,"g, r, z",1.219,2.225,2,1077,muscat,"210408, 210411",2.23,,yes
UCD1,16:53:57,+62:29:33,"g, i, r, z",1.208,1.639,3,3090,muscat2,"200519, 200611, 200712",39.65,,yes
UCD11299199,5:41:17,-0:59:13,"g, i, r, z",1.151,1.405,1,810,muscat2,240127,7.84,,yes
ucd139553568,4:18:41,-21:25:31.1,"g, i, r, z",1.545,1.974,1,816,muscat2,210202,8.72,,yes
UCD200602954,22:39:03,+43:59:02.1,"g, i, r, z",1.039,1.872,4,6000,muscat2,"201106, 201109, 201128, 201130",51.78,,yes
UCD257395746,3:30:21,+28:17:12,"g, i, r, z",1.0,1.928,2,1850,muscat2,"230923, 240910",16.78,,yes
UCD274015913,,,"g, i, r, z",1.091,1.699,2,2579,muscat2,"220108, 220109",19.97,,yes
UCD279073517,3:21:48,-4:42:12,"g, i, r, z",1.226,1.588,1,559,muscat2,240817,7.05,,yes
ucd317923609,6:00:21,-14:05:43.1,"i, z",1.362,1.58,1,292,muscat2,220130,2.19,,yes
UCD372866413,,,"g, i, r, z",1.07,2.051,7,10048,muscat2,"201031, 201116, 201119, 201123, 201212, 201217, 201220",111.52,,yes
UCD380532990,9:22:30,-21:12:13,"g, i, r, z",1.45,1.939,2,1463,muscat2,"230424, 240408",14.41,,yes
UCD3870,13:59:24,+14:51:36,"g, i, r, z",1.017,1.916,9,5354,muscat2,"230615, 230707, 230731, 240319, 240419, 240503, 240511, 240516, 240817",55.98,,yes
UCD432013386,,,"g, i, r, z",1.085,2.051,2,2215,muscat2,"220110, 220309",26.85,,yes
UCD442929628,5:24:35,-14:01:06.1,"g, i, r",1.351,1.778,2,1920,muscat2,"201023, 201101",21.3,,yes
UCD442929628--exp0,5:24:35,-14:01:07.1,"i, r",1.417,1.421,1,4,muscat2,201023,0.13,,yes
UCD62892848,18:59:37,+28:17:54.1,"g, i, r, z",1.0,1.977,3,4677,muscat2,"220428, 220501, 220526",29.68,,yes
Uranus,3:07:15,+17:13:47,"g, i, r, z",1.019,1.949,2,10475,muscat2,"240114, 240121",8.58,,yes
UXUMA,13:37:22,+51:48:40,"g, i, r, z",1.09,1.161,1,7258,muscat2,240414,10.08,,yes
V1289Tau-c,4:06:39,+20:11:54.1,"g, i, r, z",1.524,1.547,1,41,muscat2,201105,0.22,,yes
V1298 Tau,04:05:23.7431,+20:11:27.090,"B, r, V, g, i, z",1.0170499,2.4629985,7,3604,"muscat3, sinistro","201009, 250126, 250127, 250128, 250129, 250130, 250223",12.81,,yes
V1298_Tau,04:05:18.65,+20:13:19.3,"g, r, z",1.03187,2.17848,6,35687,muscat,"201020, 251111, 251116, 251119, 251216, 251222",90.36,,yes
V1298TAU,4:06:55,+20:16:37,"g, i, r, z",1.01,1.781,2,11953,muscat2,"231210, 240206",28.26,,yes
V1298Tau,04:05:22.9073,+20:11:23.209,"B, r, g, i, z",1.0,7.4750894,181,167009,"muscat, muscat2, muscat3, muscat4, sinistro","200113, 200114, 200115, 200116, 200120, 200123, 201020, 201113, 211111, 211225, 220103, 220106, 220108, 220912, 221008, 221017, 221023, 221103, 221104, 221115, 221117, 221128, 221201, 221212, 221225, 230105, 230115, 230123, 230124, 230209, 230211, 230730, 230731, 230816, 230824, 230910, 230921, 231006, 231014, 231017, 231021, 231022, 231110, 231111, 231115, 231122, 231217, 231223, 231230, 240112, 240123, 240214, 240222, 240304, 240913, 240927, 241010, 241017, 241022, 241029, 241030, 241031, 241101, 241102, 241103, 241104, 241111, 241112, 241113, 241120, 241122, 241124, 241126, 241128, 241129, 241215, 241218, 241219, 241223, 250112, 250117, 250906, 250910, 250915, 250924, 251028, 251110, 251111, 251116, 251117, 251118, 251119, 251120, 251121, 251122, 251123, 251124, 251125, 251126, 251127, 251128, 251129, 251130, 251201, 251206, 251207, 251208, 251209, 251210, 251211, 251212, 251213, 251214, 251215, 251216, 251217, 251218, 251219, 251220, 251221, 251222, 251223, 251224, 251225, 251226, 251227, 251228, 260102, 260103, 260104, 260105, 260106, 260107, 260108, 260109, 260110, 260111, 260112, 260113, 260114, 260115, 260116, 260117, 260118, 260119, 260120, 260121, 260122, 260123, 260124, 260125, 260129, 260130, 260131, 260201, 260202, 260203, 260204, 260205, 260206, 260207, 260208, 260209, 260210, 260211, 260212, 260213, 260214, 260215, 260216, 260217, 260218, 260219, 260220, 260221, 260226, 260227, 260228, 260301, 260302, 260303",505.51,,yes
V1298Tau-b,4:06:59,+20:14:03,"g, i, r, z",1.01,1.914,2,30128,muscat2,"201207, 241031",56.92,,yes
V1298Tau-c,4:06:47,+20:14:41.1,"g, i, r, z",1.01,2.025,4,23334,muscat2,"201105, 201208, 231107, 231202",56.48,,yes
v1298Tau-c,4:07:00,+20:13:50,"g, i, r, z",1.01,1.745,1,9423,muscat2,241002,20.23,,yes
V1298Tau-d,4:06:52,+20:14:28,"g, i, r, z",1.01,1.985,3,16264,muscat2,"201221, 221103, 241211",65.02,,yes
v1298Tau-d,4:06:45,+20:13:52,"g, i, r, z",1.066,1.831,1,6673,muscat2,241010,8.8,,yes
V1298TAUC,4:06:47,+20:15:59,"g, i, r, z",1.0,1.24,1,5193,muscat2,240104,11.15,,yes
V1298Tauc,04:05:25.37,+20:13:40.5,"g, i, r, z",1.01,1.443,3,8516,"muscat, muscat2","221204, 231005, 260124",26.54,,yes
V1298tauc,4:06:41,+20:13:12.1,"g, i, r, z",1.259,1.595,1,1018,muscat2,221204,3.78,,yes
V1315_Aql,19:14:54,+12:20:05,"g, i, r, z",1.04,1.699,1,1251,muscat2,230524,18.27,,yes
V1315Aq,19:14:55,+12:21:53,"g, i, r, z",1.04,1.817,2,1732,muscat2,"230601, 230613",23.45,,yes
v838,,,"g, r, z",1.481,1.561,1,189,muscat2,220207,0.66,,yes
V84,8:00:12,-31:11:53.1,"g, r, z",1.964,1.973,2,474,muscat2,"220223, 220306",2.61,,yes
V845Sco,,,"g, i, r, z",1.271,1.883,1,7256,muscat2,230402,10.08,,yes
V879Her,17:32:15,+28:01:18.1,"g, i, r, z",1.0,1.101,2,3721,muscat2,"230401, 230403",10.06,,yes
Vega,18:37:31,+38:42:27,"g, i, r, z",1.0,1.234,1,192,muscat2,170829,0.39,,yes
Venus,0:51:40,+5:53:21,"g, z",1.517,1.559,1,10,muscat2,200219,0.0,,yes
vhs,12:57:27,-13:04:20,"g, i, r, z",1.331,1.655,1,1402,muscat2,260120,9.34,,yes
WA_TCS1,13:37:46,+35:28:06,"g, i, r, z",1.008,1.096,1,480,muscat2,260518,8.0,,yes
WA_TCS4,15:08:40,+55:04:46,"g, i, r, z",1.0,1.273,2,872,muscat2,"260518, 260602",14.53,,yes
WA_TCS7,15:36:26,+56:21:56,"g, i, r, z",1.243,1.526,1,276,muscat2,260518,4.6,,yes
WASP-,,,g,,,1,1,muscat2,170828,0.0,,yes
WASP-10,14:12:45.80,+00:04:22.5,r,1.21453,1.21453,1,144,muscat,180713,0.6,,yes
WASP-102,22:26:55,+15:57:21,"g, i, r, z",1.057,1.465,1,1098,muscat2,170829,8.55,,yes
WASP-103,16:36:56.39,+07:11:12.4,"g, r, z",1.12652,1.44334,2,3393,muscat,"170501, 190524",26.12,,yes
WASP-103b,16:37:56,+7:11:13,"g, i, r, z",1.0,1.506,3,19115,muscat2,"200430, 200512, 240423",38.02,,yes
WASP-103b_SE,16:38:01,+7:11:15,"g, i, r, z",1.072,1.913,6,20245,muscat2,"200424, 200506, 200520, 200531, 200601, 200627",115.21,,yes
WASP-104,10:43:22,+7:20:02,"Na_D, g, g_narrow, i, i_narrow, r, z_narrow, z",1.0291897,1.9903747,2,3263,"muscat2, muscat3","200213, 240122",23.44,,yes
WASP-104b,10:43:38,+7:18:11,"g, i, r, z",1.071,1.783,4,13263,muscat2,"200305, 200312, 200321, 260402",50.79,,yes
WASP-107b,12:35:05,-10:14:11,"g, i, r, z",1.278,1.951,1,3808,muscat2,260219,15.87,,yes
WASP-114b,3:30:21,+28:17:12,"g, i, r, z",1.0,1.25,2,6136,muscat2,"240830, 241025",25.23,,yes
WASP-12,06:30:43.71,+29:41:57.4,r,1.00365,1.40148,1,1757,muscat,190114,4.88,,yes
WASP-127b,,,"g, r, z",1.181,1.738,1,5615,muscat2,220320,16.92,,yes
WASP-12b,6:31:59,+29:39:44,"g, i, r, z",1.0,1.563,2,10884,muscat2,"180125, 200111",40.0,,yes
WASP-12b_SE,06:30:35.07,+29:41:09.1,"g, r, z",1.00367,2.10554,2,3813,muscat,"210209, 210210",36.39,,yes
WASP-12SE,06:30:40.51,+29:41:53.2,"g, r, z",1.00365,1.90926,1,3390,muscat,170214,11.42,,yes
WASP-135b,17:49:08.73,+29:56:21.6,"g, r, z",1.0038,1.26034,1,1439,muscat,190521,7.69,,yes
WASP-13b,9:21:30,+33:48:03,"g, i, r, z",1.005,1.79,1,4253,muscat2,200212,24.38,,yes
WASP-148,16:56:51.1579,+44:19:56.046,"g, i, r, z",1.04,1.493,3,3966,"muscat2, muscat3","210321, 230714, 230715",22.71,,yes
WASP-148b,16:57:25,+44:16:02,"g, i, r, z",1.0,2.128,12,32645,"muscat2, sinistro","200630, 220430, 220613, 230609, 230801, 240421, 240604, 240701, 240702, 250531, 250714, 260527",211.84,,yes
WASP-14_dif17,14:33:15.04,+21:57:40.9,"g, r, z",1.11784,1.12028,1,30,muscat,190330,0.04,,yes
WASP-14_wo_dif,14:33:15.75,+21:57:40.9,"g, r, z",1.05791,1.06107,1,45,muscat,190330,0.09,,yes
WASP-151,,,"g, i, r, z",1.131,1.856,1,3048,muscat2,221110,16.44,,yes
WASP-155,23:12:49,+33:09:17,"g, i, r, z",1.004,1.241,1,1234,muscat2,200818,11.29,,yes
WASP-158b,00:16:35.122,-10:58:35.12,"g, i, r, z",1.1729728,1.8777859,2,3296,muscat3,"240830, 240901",16.65,,yes
WASP-176,20:54:39.76,+09:11:02.8,"g, r, z",1.462,1.904,1,150,muscat,200731,1.27,,yes
wasp-184b,16:57:25,+44:18:53,"g, i, r, z",1.04,1.834,1,3684,muscat2,200517,28.63,,yes
WASP-189b,15:04:15,-3:05:08,"g, i, r, z",1.171,1.795,3,17462,muscat2,"200505, 230516, 240305",43.1,,yes
WASP-20,00:20:36.084,-23:52:36.55,"Na_D, g_narrow, i_narrow, z_narrow",1.250151,1.259923,1,40,muscat4,241114,0.13,,yes
WASP-3,,,"g, i, r, z",,,1,3492,muscat2,170828,12.35,,yes
WASP-32b,20:31:30.72,+39:55:49.6,g,1.18645,1.91292,2,201,muscat,"190731, 190803",2.13,,yes
WASP-33b,2:27:58,+37:40:26.1,"g, i, r, z",1.014,1.985,4,36335,muscat2,"170924, 201218, 221106, 230731",69.06,,yes
WASP-35,05:04:32.2576,-06:12:44.162,"Na_D, g_narrow, i_narrow, z_narrow",1.1040324,1.9777744,3,9953,"muscat3, muscat4","241114, 241201, 241224",33.45,,yes
WASP-35b,5:05:17,-6:11:46,"g, i, r, z",1.215,1.824,1,2587,muscat2,191112,10.78,,yes
WASP-39,14:29:09.3656,-03:22:51.565,"Na_D, g_narrow, i_narrow, z_narrow",1.0961151,2.0538731,3,4617,muscat3,"240128, 240402, 240606",27.03,,yes
WASP-39b,14:30:40,-3:31:11,"Na_D, g, g_narrow, i, i_narrow, r, z_narrow, z",1.0,1.922,4,10913,muscat2,"260313, 260317, 260513, 260517",57.59,,yes
WASP-43,10:19:48.2495,-09:45:43.809,"g, i, r, z",1.1611541,1.722,6,6951,"muscat2, muscat3","210409, 221125, 221130, 221215, 221218, 221221",18.83,,yes
WASP-43b,10:20:43,-9:54:08,"i, r, z",1.272,1.446,1,1281,muscat2,190102,8.07,,yes
WASP-43b-SE,10:20:44,-9:53:21,"g, i, r, z",1.155,1.624,3,2233,muscat2,"200303, 200312, 200325",17.36,,yes
WASP-43b_SE,10:20:48,-9:52:11,"g, i, r, z",1.275,2.21474,3,7663,"muscat, muscat2","200305, 200307, 200429",33.71,,yes
WASP-43bSE,10:20:43,-9:53:28,"g, i, r, z",1.272,1.755,1,2340,muscat2,200123,17.09,,yes
WASP-44,00:15:29.91,-11:55:36.7,"g, r, z",1.4498,2.00336,1,860,muscat,170921,13.7,,yes
WASP-48,19:24:36.95,+55:30:11.9,"g, r, z",1.07078,1.69224,1,3216,muscat,190523,14.95,,yes
WASP-48b,02:57:53.15,+30:39:02.2,r,1.00425,1.00469,1,6,muscat,190118,0.03,,yes
WASP-52,23:14:56,+8:54:36,"g, i, r, z",1.061,1.109,1,923,muscat2,170831,3.64,,yes
WASP-69b,,,"g, i, r, z",1.196,2.032,1,2581,muscat2,200909,17.03,,yes
WASP-77Ab,02:28:21.6121,-07:08:48.007,r,1.0967694,1.9374876,2,170,sinistro,"231228, 240103",3.54,,yes
WASP-80,20:12:54.28,-02:05:01.0,"g, r, z",1.0,2.10684,6,10181,muscat,"150714, 150804, 151029, 160731, 160803, 170427",39.0,,yes
WASP-80b,20:13:55,-2:04:57,"g, i, r, z",1.159,2.042,6,27740,"muscat, muscat2","180521, 190627, 190630, 190809, 190812, 210827",83.52,,yes
WASP-84,8:45:43,+1:46:31,"g, i, r, z",1.118,2.126,18,17782,"muscat, muscat2","200223, 200226, 200227, 260123, 260129, 260211, 260212, 260213, 260219, 260308, 260311, 260315, 260412, 260420, 260423, 260426, 260524, 260525",23.5,,yes
WASP-84b,08:44:21.09,+01:52:35.0,"g, r, z",1.20679,2.0013,1,1558,muscat,190422,8.05,,yes
WASP-92,16:26:58,+51:00:07,"g, i, r, z",1.084,1.419,1,1794,muscat2,240418,12.82,,yes
WASP-92b,16:27:00,+51:02:48,"g, i, r, z",1.084,1.699,3,7422,muscat2,"200503, 200609, 260328",44.93,,yes
WASP-92d,16:27:24,+50:58:45,"g, i, r, z",1.648,1.648,1,4,muscat2,260328,0.02,,yes
WASP-94A,20:55:21.382,-34:07:32.98,"Na_D, g_narrow, i_narrow, z_narrow",1.126752,1.1528613,1,159,muscat4,240612,0.53,,yes
WASP-96,00:04:00.816,-47:18:09.50,"Na_D, g_narrow, i_narrow, z_narrow",1.0396992,1.065049,1,1103,muscat4,231027,4.04,,yes
WASP10,23:16:07.42,+31:27:03.9,"g, r, z",1.0017,1.19596,3,573,muscat,"161128, 170804, 180911",2.62,,yes
WASP103,16:37:09.48,+07:11:33.3,"r, z",1.13566,2.5803,1,1667,muscat,190224,7.14,,yes
WASP104,10:42:28.83,+07:25:30.2,"g, r, z",1.12407,2.0475,3,8198,muscat,"180213, 190301, 191128",24.3,,yes
WASP104b,10:43:30,+7:18:19,"g, i, r, z",1.088,1.212,1,591,muscat2,200227,4.59,,yes
WASP114b,21:52:14,+10:36:08,"g, i, r, z",1.051,1.904,1,2814,muscat2,241111,14.45,,yes
WASP12,06:30:38.76,+29:40:25.6,"g, r, z",1.00365,1.55669,3,10972,muscat,"170127, 180212, 180213",32.98,,yes
wasp12,06:30:32.28,+29:41:05.3,"g, r, z",1.00369,1.4153,1,740,muscat,150302,6.77,,yes
WASP12SE,06:30:38.14,+29:41:56.2,"g, r, z",1.00366,2.00557,2,5645,muscat,"170202, 170203",19.18,,yes
wasp148b,16:57:02,+44:15:57.1,"g, i, r, z",1.04,2.127,1,2184,muscat2,210513,21.88,,yes
WASP21,23:10:03.75,+18:25:43.0,"g, r, z",1.04057,2.30505,1,2084,muscat,160812,19.8,,yes
WASP3,18:34:34.98,+35:42:44.9,"g, r, z",1.20865,1.6762,1,312,muscat,171103,2.31,,yes
WASP32,00:15:54.55,+01:14:14.7,"g, r, z",1.20426,1.44335,1,783,muscat,171102,4.51,,yes
WASP33,02:26:46.24,+37:36:14.0,"g, r, z",1.00147,2.48707,4,23212,muscat,"161012, 161101, 171105, 191129",21.57,,yes
WASP37B,14:49:14,+0:57:35,"g, i, r, z",1.125,1.78,1,4536,muscat2,240417,12.6,,yes
WASP48,19:24:35.30,+55:29:51.0,"g, r, z",1.07081,1.21466,1,1483,muscat,170803,12.63,,yes
WASP75,22:49:35.69,-10:38:40.8,"g, r, z",1.41698,1.96102,1,936,muscat,170924,9.67,,yes
wasp77ab,02:28:40.930,-07:06:28.80,"Na_D, g_narrow, i_narrow, r, z_narrow",1.1292417,2.3197017,4,14824,"muscat3, sinistro","231212, 231227, 240123, 240126",26.06,,yes
WASP80,20:12:56.24,-02:04:59.4,"g, r, z",1.11813,1.63515,3,2844,muscat,"150822, 150823, 150826",10.58,,yes
WASP80b,,,"g, i, r, z",1.159,1.521,1,3581,muscat2,220911,14.22,,yes
WASP92,16:27:13,+50:58:47,"g, i, r, z",1.237,1.292,1,160,muscat2,260330,0.67,,yes
WD 1054-226,10:56:38.3187,-22:52:36.923,"g, i, r, z",1.3823704,1.575609,2,2275,muscat3,"240126, 240127",23.33,,yes
WD0146+187,1:50:01,+19:06:04,"i, r, z",1.077,1.546,1,736,muscat2,190122,6.13,,yes
WD0300-013,3:03:58,-1:03:15,"g, r, z",1.228,1.62,1,190,muscat2,190812,4.77,,yes
WD0435+410,4:40:06,+41:11:39,"i, r, z",1.104,1.512,1,733,muscat2,190122,6.11,,yes
WD1054,10:57:50,-22:59:18,"g, i, r, z",1.596,1.977,2,2986,muscat2,"240308, 240309",28.9,,yes
WD1054-226,10:57:46,-22:59:07.1,"g, i, r, z",1.555,2.076,8,8427,muscat2,"230124, 230125, 230126, 230305, 230331, 240310, 240311, 240312",83.5,,yes
WD1134,11:38:23,+29:40:16,"g, i, r, z",1.0,1.624,1,21,muscat2,230628,0.25,,yes
WD1134+300,11:38:30,+29:41:25,"g, i, r, z",1.0,1.829,7,5286,muscat2,"230614, 230628, 240520, 240525, 240527, 240607, 240618",39.66,,yes
WD1134.300,11:38:36,+29:41:22,"g, i, r, z",1.045,1.396,1,2612,muscat2,240515,7.72,,yes
WD1145,11:25:54,+28:18:57.1,"g, i, r, z",1.0,1.342,1,584,muscat2,230121,7.3,,yes
WD1145+017,11:49:52,+1:23:14,"g, i, r, z",1.121,2.18943,8,8190,"muscat, muscat2","170218, 230613, 240111, 240330, 240404, 240430, 240521, 240531",85.85,,yes
wd1145+017,11:49:51,+1:23:34,"g, i, r, z",1.121,1.211,1,1196,muscat2,240504,11.58,,yes
WD1154+017,11:49:57,+1:23:18,"g, i, r, z",1.121,1.8,1,1775,muscat2,240405,17.18,,yes
WD_1856,18:58:09,+53:31:57.1,"g, i, r, z",1.135,1.467,2,1636,muscat2,"201008, 201108",6.82,,yes
WFST0523meth,11:41:19.7414,-01:12:40.609,"g, i, r",1.3515124,1.3615312,1,6,muscat4,250304,0.2,,yes
WFST0524aarnv,13:08:48.8242,+01:26:48.573,"g, i, r, z",1.3604295,1.5924365,1,14,"muscat4, sinistro",250405,0.53,,yes
WFST0529iump,11:14:36.1443,+02:07:43.740,"i, r",1.2548146,1.3933235,1,6,sinistro,250404,0.2,,yes
WFST0532rzok,14:19:21.9526,-01:47:08.746,"i, r",1.4113665,1.5952673,1,6,sinistro,250404,0.15,,yes
WFST0538yiwh,13:47:04.9281,+00:24:08.567,"i, r",1.2592271,1.5922437,1,6,sinistro,250404,0.2,,yes
WFST0541xgxd,13:52:39.4243,+02:03:58.855,"g, i, r",1.3080401,1.5952767,1,6,sinistro,250404,0.15,,yes
WFST0547cguo,11:09:10.3811,+01:58:20.379,"g, r",1.3352806,1.3725857,1,6,sinistro,250404,0.2,,yes
WFST240306g,14:14:14.3667,+04:30:56.259,"g, i, r, z",1.1282591,1.6375191,3,40,muscat3,"240711, 240712, 240716",1.67,,yes
WFST240306j,13:37:40.2518,+01:17:44.127,"g, i, r, z",1.200994,1.7139522,2,28,muscat3,"240711, 240717",1.17,,yes
WFST240307c,13:29:33.4508,+03:21:43.231,"g, i, r, z",1.2147607,1.2365119,1,12,muscat3,240716,0.5,,yes
WFST240310d,14:15:32.7061,+02:14:04.688,"g, i, r, z",1.2758238,1.3024442,1,12,muscat3,240712,0.5,,yes
WFST240403a,13:27:19.3111,+02:18:39.674,"g, i, r, z",1.4918445,1.5376996,1,12,muscat3,240714,0.5,,yes
WFST240406a,14:32:11.9286,+04:59:38.858,"g, i, r, z",1.2440549,1.2689056,1,12,muscat3,240717,0.5,,yes
WFST240409a,14:09:42.735,+03:58:15.27,"g, i, r, z",1.1903702,1.6020024,4,56,muscat3,"240711, 240712, 240717, 240718",2.33,,yes
WFST240503a,13:32:53.2351,-00:32:15.655,"g, i, r, z",1.5347124,1.5834477,1,12,muscat3,240717,0.5,,yes
WFST240506a,13:57:19.9731,-00:08:48.252,"g, i, r, z",1.1528049,1.6446346,2,16,muscat3,"240527, 240717",0.67,,yes
WFST240506b,13:44:28.9359,-00:01:49.297,"g, i, r, z",1.2243082,1.348761,2,15,muscat3,"240523, 240717",0.65,,yes
WFST240506c,14:14:09.3487,-00:16:27.789,"g, i, r, z",1.1438593,1.1571835,1,12,muscat3,240718,0.5,,yes
WFST240506d,11:08:44.9933,+03:41:04.535,"g, i, r, z",1.2155807,1.21654,1,4,muscat3,240527,0.17,,yes
WFST240511b,11:01:38.9345,+01:24:48.311,"g, i, r, z",1.5373707,1.5395659,1,4,muscat3,240608,0.17,,yes
WFST240512a,13:38:02.3449,+03:10:34.005,"g, i, r, z",1.496097,1.5426383,1,12,muscat3,240714,0.5,,yes
WFST240512b,10:57:49.7091,+01:39:01.111,"g, i, r, z",1.0786268,1.0789127,1,4,muscat3,240524,0.2,,yes
WFST240518a,14:53:42.7899,+00:01:51.636,"g, i, r, z",1.0707323,1.4767802,18,100,muscat3,"240530, 240531, 240601, 240602, 240603, 240604, 240605, 240607, 240608, 240609, 240610, 240612, 240613, 240614, 240622, 240711, 240712, 240716",4.43,,yes
WFST240523a,14:08:52.8098,+03:23:57.449,"g, i, r, z",1.2498586,1.2746597,1,12,muscat3,240712,0.5,,yes
WFST240529a,13:58:02.3201,+01:30:08.809,"g, i, r, z",1.0630247,1.0732927,3,12,muscat3,"240602, 240603, 240608",0.53,,yes
WFST240529d,14:44:00.7467,+01:47:56.677,"g, i, r, z",1.1097359,1.1207197,1,12,muscat3,240717,0.5,,yes
WFST240529e,14:47:56.8775,-00:10:14.148,"g, i, r, z",1.6370588,1.6959417,1,12,muscat3,240712,0.5,,yes
WFST240529f,14:40:52.0992,-01:38:56.222,"g, i, r, z",1.4766926,1.519426,1,12,muscat3,240712,0.5,,yes
WFST240530a,13:59:56.3847,-01:29:03.142,"g, i, r, z",1.1261706,1.1678013,2,8,muscat3,"240604, 240605",0.33,,yes
WFST240530c,13:35:51.8772,+01:56:43.524,"g, i, r, z",1.1732771,1.1907147,1,12,muscat3,240716,0.5,,yes
WFST240603c,14:40:53.7710,+04:27:42.747,"g, i, r, z",1.5294498,1.5795486,1,12,muscat3,240712,0.5,,yes
WFST240627a,13:35:09.030,+04:50:27.16,"g, i, r, z",1.5557529,1.5589118,2,8,muscat3,"240716, 240720",0.33,,yes
WFST240703a,14:40:12.3893,+04:58:17.416,"g, i, r, z",1.291438,1.691881,2,8,muscat3,"240713, 240720",0.33,,yes
WFST241214a,01:51:35.3039,+08:15:03.563,"g, i, r, z",1.1870866,1.8973378,3,17,"muscat3, muscat4, sinistro","250130, 250131, 250303",0.81,,yes
WFST241224a,02:23:20.1362,+02:16:05.263,"g, i, r, z",1.5461749,2.0528738,3,8,"muscat4, sinistro","250123, 250131, 250218",0.45,,yes
WFST241231a,01:34:31.2789,-00:27:44.302,i,2.3448076,2.4348108,1,3,sinistro,250218,0.1,,yes
WFST250119a,18:06:20.3438,+64:54:32.210,z,1.5133718,1.6746477,2,8,sinistro,"250130, 250217",0.33,,yes
WFST250120a,01:37:39.3661,+06:54:59.284,"i, z",1.2289229,2.1296545,3,8,sinistro,"250127, 250129, 250131",0.47,,yes
WFST250125b,02:11:59.931,+08:29:34.60,"i, z",1.2070965,1.8161073,3,8,sinistro,"250129, 250130, 250131",0.4,,yes
WFST250127a,02:12:20.4330,+00:25:29.471,"i, z",1.5616156,1.9517965,1,7,sinistro,250129,0.35,,yes
WFST250128a,02:13:21.4167,+01:26:51.767,i,1.626342,1.6758646,1,3,sinistro,250130,0.15,,yes
WFST250129a,02:21:11.0423,+07:48:56.229,"g, r",1.7582472,1.9410937,2,16,sinistro,"250130, 250131",0.8,,yes
whale,12:43:05,+32:24:40.1,"g, i, r, z",1.003,1.004,1,40,muscat2,230117,0.33,,yes
WISEAJ095742,9:59:00,+2:38:00,"g, i, r, z",1.116,1.117,1,44,muscat2,260401,0.12,,yes
WOLF359,17:25:24,+28:17:43.1,"g, i, r, z",1.0,1.637,4,15153,muscat2,"220405, 220406, 220407, 260401",5.95,,yes
Wolf359,10:57:46,+6:52:28,"g, i, r, z",1.076,1.076,1,40,muscat2,260402,0.01,,yes
WTP14adbwvs,13:15:56,+51:08:36.1,"g, i, r, z",1.117,1.146,1,24,muscat2,230112,1.87,,yes
WTP14adccll,0:46:45,-14:08:10.1,"g, i, r, z",1.465,1.848,1,40,muscat2,230112,3.48,,yes
WTP15acbgpn,11:06:29,+59:33:20.1,"g, i, r, z",1.236,1.277,1,24,muscat2,230112,1.73,,yes
WTP17aalzpx,,,"g, i, r, z",1.16,1.203,1,64,muscat2,230112,3.13,,yes
WTS-2,19:34:55.3416,+36:48:58.680,"g, i, r, z",1.0410569,1.9139849,8,7129,muscat3,"240427, 240428, 240614, 240615, 240618, 240619, 240621, 250630",73.14,,yes
WTS-2b,19:35:52,+36:51:48,"Na_D, g, g_narrow, i, i_narrow, r, z_narrow, z",1.0,1.964,21,20026,"muscat, muscat2, muscat3, sinistro","240408, 240526, 240530, 240717, 240719, 240720, 240721, 240722, 240727, 240728, 240730, 240906, 240911, 250423, 250522, 250616, 250711, 260508, 260509, 260723, 260724",164.15,,yes
wts-2b,3:30:21,+28:17:12,"g, i, r, z",1.0,1.0,1,2337,muscat2,240909,17.47,,yes
WTS.2b,19:36:01,+36:52:47,"g, i, r, z",1.265,2.354,1,1231,muscat2,241030,9.2,,yes
WZSge,20:08:33,+17:47:28.1,"g, i, r, z",1.026,1.915,2,1190,muscat2,"200909, 201007",6.11,,yes
wzsge,20:08:42,+17:47:49.1,"g, i, r, z",1.017,1.196,2,1711,muscat2,"201008, 201009",8.78,,yes
XO-2,07:48:00.50,+50:16:25.8,"g, r, z",1.04602,1.31365,1,1984,muscat,170204,6.08,,yes
XO-2N,07:48:00.6597,+50:14:15.361,"Na_D, g_narrow, i_narrow, z_narrow",1.1482246,1.9481241,6,20778,muscat3,"240130, 240208, 240229, 240321, 241210, 250121",76.86,,yes
XO-2Nb,7:49:53,+50:10:35,"Na_D, g_narrow, i_narrow, z_narrow",1.0,2.336,5,17317,muscat2,"250423, 260112, 260210, 260223, 260308",71.27,,yes
YSO03168+65529,00:12:40.425,+65:31:45.32,"g, i, r, z",1.4658151,1.9813977,4,24,muscat3,"240713, 240715, 240718, 240724",0.93,,yes
Z-Andromeda,23:34:45,+48:59:39,"g, i, r, z",1.0,1.882,9,45113,muscat2,"241028, 241031, 241103, 241104, 241105, 241109, 241110, 241111, 241112",60.12,,yes
ZAndromeda,23:34:43,+48:59:45,"g, i, r, z",1.19,1.452,1,2668,muscat2,241102,3.58,,yes
zenith,4:35:39,+28:17:38.1,"g, i, r, z",1.0,1.0,1,4,muscat2,221220,0.02,,yes
ZTF09k5sh,2:39:32,+28:18:22,"i, r, z",1.0,1.0,1,3,muscat2,200107,0.03,,yes
ZTF21aanfcmk,19:15:51.3123,-07:12:55.108,"g, i, r, z",1.1450726,1.1461082,1,12,muscat3,210513,0.1,,yes
ZTF21abbmcqq,16:46:40.3611,-20:54:23.896,"g, i, r, z",1.5473335,1.5528465,1,4,muscat3,210704,0.11,,yes
